hos_cd	ins	year	dep_cd	fie_name	intr
0104443	0	2023	32	歯口外	4
0104948	0	2023	32	歯口外	1
0105667	0	2023	14	消化外	1
0105667	0	2023	21	皮膚科	1
0106059	0	2023	32	歯口外	5
0106067	0	2023	01	血液内	1
0106414	0	2023	32	歯口外	1
0106558	0	2023	16	乳甲外	3
0106968	0	2023	32	歯口外	1
0107085	0	2023	18	整形外	2
0107135	0	2023	18	整形外	1
0107305	0	2023	32	歯口外	5
0107564	0	2023	26	眼科	13
0107564	0	2023	20	脳神外	1
0107622	0	2023	43	産婦人	1
0107622	0	2023	01	血液内	1
0107663	0	2023	10	小児科	1
0107663	0	2023	07	循環内	2
0107663	0	2023	18	整形外	1
0107663	0	2023	50	消化内	1
0107663	0	2023	21	皮膚科	1
0107663	0	2023	06	糖尿内	1
0107776	0	2023	32	歯口外	3
0107838	0	2023	34	救急科	1
0107982	0	2023	32	歯口外	5
0108030	0	2023	32	歯口外	1
0108034	0	2023	26	眼科	4
0108075	0	2023	17	小児外	1
0108261	0	2023	32	歯口外	3
0108469	0	2023	32	歯口外	6
0108675	0	2023	32	歯口外	12
0108828	0	2023	21	皮膚科	1
0108919	0	2023	10	小児科	5
0109156	0	2023	18	整形外	2
0109313	0	2023	20	脳神外	1
0109442	0	2023	25	耳鼻科	2
0109467	0	2023	32	歯口外	2
0109487	0	2023	06	糖尿内	1
0109780	0	2023	32	歯口外	1
0109996	0	2023	32	歯口外	1
0110013	0	2023	26	眼科	1
0110062	0	2023	25	耳鼻科	1
0110170	0	2023	05	呼吸内	1
0110170	0	2023	12	心療科	2
0110170	0	2023	43	産婦人	1
0110170	0	2023	25	耳鼻科	1
0110170	0	2023	02	脳神内	1
0110246	0	2023	34	救急科	1
0110246	0	2023	50	消化内	2
0110246	0	2023	14	消化外	2
0110246	0	2023	26	眼科	4
0110246	0	2023	09	脳卒中	1
0110261	0	2023	22	泌尿器	1
0110261	0	2023	50	消化内	9
0110279	0	2023	31	リハ	2
0110279	0	2023	12	心療科	8
0110279	0	2023	22	泌尿器	1
0110279	0	2023	06	糖尿内	1
0110279	0	2023	25	耳鼻科	2
0110279	0	2023	02	脳神内	1
0110352	0	2023	31	リハ	1
0110352	0	2023	12	心療科	1
0110352	0	2023	14	消化外	1
0110416	0	2023	32	歯口外	1
0110427	0	2023	18	整形外	2
0110440	0	2023	25	耳鼻科	2
0110493	0	2023	18	整形外	1
0110493	0	2023	22	泌尿器	2
0110493	0	2023	08	腎臓内	2
0110531	0	2023	32	歯口外	1
0110580	0	2023	32	歯口外	36
0110626	0	2023	16	乳甲外	1
0110626	0	2023	19	形成外	1
0110626	0	2023	15	心血外	1
0110626	0	2023	18	整形外	1
0110626	0	2023	50	消化内	2
0110626	0	2023	26	眼科	1
0110626	0	2023	25	耳鼻科	2
0110626	0	2023	02	脳神内	3
0110626	0	2023	20	脳神外	1
0110626	0	2023	27	臨腫瘍	1
0110626	0	2023	01	血液内	2
0110663	0	2023	19	形成外	1
0110689	0	2023	32	歯口外	1
0110895	0	2023	32	歯口外	1
0110899	0	2023	31	リハ	1
0110899	0	2023	25	耳鼻科	2
0111053	0	2023	50	消化内	3
0111053	0	2023	20	脳神外	1
0111061	0	2023	05	呼吸内	1
0111061	0	2023	21	皮膚科	2
0111061	0	2023	06	糖尿内	1
0111061	0	2023	25	耳鼻科	1
0111091	0	2023	32	歯口外	1
0111152	0	2023	48	リウ膠	1
0111152	0	2023	16	乳甲外	1
0111152	0	2023	05	呼吸内	7
0111152	0	2023	13	呼吸外	1
0111152	0	2023	10	小児科	2
0111152	0	2023	19	形成外	1
0111152	0	2023	07	循環内	10
0111152	0	2023	12	心療科	7
0111152	0	2023	15	心血外	7
0111152	0	2023	34	救急科	4
0111152	0	2023	18	整形外	15
0111152	0	2023	22	泌尿器	4
0111152	0	2023	50	消化内	8
0111152	0	2023	14	消化外	2
0111152	0	2023	21	皮膚科	3
0111152	0	2023	26	眼科	1
0111152	0	2023	06	糖尿内	6
0111152	0	2023	36	総合診	2
0111152	0	2023	25	耳鼻科	4
0111152	0	2023	09	脳卒中	4
0111152	0	2023	02	脳神内	4
0111152	0	2023	20	脳神外	4
0111152	0	2023	08	腎臓内	10
0111152	0	2023	01	血液内	1
0111158	0	2023	32	歯口外	1
0111224	0	2023	32	歯口外	1
0111240	0	2023	32	歯口外	1
0111299	0	2023	32	歯口外	3
0111319	0	2023	31	リハ	1
0111319	0	2023	05	呼吸内	1
0111319	0	2023	13	呼吸外	1
0111319	0	2023	19	形成外	1
0111319	0	2023	34	救急科	1
0111319	0	2023	18	整形外	7
0111319	0	2023	50	消化内	2
0111319	0	2023	26	眼科	1
0111319	0	2023	25	耳鼻科	1
0111319	0	2023	02	脳神内	8
0111319	0	2023	20	脳神外	1
0111319	0	2023	08	腎臓内	1
0111323	0	2023	19	形成外	1
0111327	0	2023	30	放核医	1
0111327	0	2023	18	整形外	1
0111327	0	2023	22	泌尿器	2
0111327	0	2023	50	消化内	2
0111327	0	2023	14	消化外	1
0111327	0	2023	09	脳卒中	1
0111327	0	2023	08	腎臓内	1
0111392	0	2023	18	整形外	2
0111392	0	2023	25	耳鼻科	1
0111392	0	2023	02	脳神内	1
0111392	0	2023	20	脳神外	1
0111398	0	2023	32	歯口外	2
0111400	0	2023	16	乳甲外	2
0111400	0	2023	05	呼吸内	1
0111400	0	2023	18	整形外	1
0111400	0	2023	02	脳神内	1
0111430	0	2023	36	総合診	1
0111430	0	2023	25	耳鼻科	1
0111442	0	2023	16	乳甲外	4
0111442	0	2023	19	形成外	3
0111442	0	2023	29	放治療	2
0111442	0	2023	14	消化外	1
0111442	0	2023	36	総合診	1
0111459	0	2023	16	乳甲外	2
0111459	0	2023	18	整形外	2
0111475	0	2023	22	泌尿器	1
0111475	0	2023	26	眼科	1
0111489	0	2023	32	歯口外	6
0111491	0	2023	48	リウ膠	1
0111491	0	2023	12	心療科	2
0111491	0	2023	28	放診断	1
0111491	0	2023	18	整形外	4
0111491	0	2023	22	泌尿器	1
0111491	0	2023	50	消化内	1
0111491	0	2023	21	皮膚科	1
0111491	0	2023	25	耳鼻科	1
0111491	0	2023	08	腎臓内	1
0111539	0	2023	32	歯口外	6
0111541	0	2023	21	皮膚科	6
0111604	0	2023	32	歯口外	1
0111608	0	2023	15	心血外	1
0111608	0	2023	28	放診断	1
0111608	0	2023	18	整形外	1
0111608	0	2023	22	泌尿器	1
0111608	0	2023	14	消化外	1
0111608	0	2023	21	皮膚科	1
0111608	0	2023	06	糖尿内	1
0111624	0	2023	15	心血外	1
0111624	0	2023	21	皮膚科	1
0111632	0	2023	32	歯口外	1
0111798	0	2023	18	整形外	1
0111855	0	2023	07	循環内	4
0111855	0	2023	15	心血外	3
0111855	0	2023	22	泌尿器	1
0111871	0	2023	18	整形外	4
0111889	0	2023	31	リハ	1
0111889	0	2023	16	乳甲外	1
0111889	0	2023	10	小児科	2
0111921	0	2023	21	皮膚科	1
0111939	0	2023	43	産婦人	1
0111954	0	2023	48	リウ膠	4
0111954	0	2023	13	呼吸外	1
0111954	0	2023	19	形成外	2
0111954	0	2023	15	心血外	2
0111954	0	2023	28	放診断	9
0111954	0	2023	18	整形外	13
0111954	0	2023	21	皮膚科	1
0111954	0	2023	02	脳神内	2
0111954	0	2023	37	麻酔科	1
0111970	0	2023	21	皮膚科	1
0111988	0	2023	18	整形外	1
0112028	0	2023	16	乳甲外	1
0112028	0	2023	18	整形外	8
0112028	0	2023	22	泌尿器	1
0112069	0	2023	16	乳甲外	1
0112069	0	2023	05	呼吸内	2
0112069	0	2023	18	整形外	2
0112069	0	2023	09	脳卒中	1
0112069	0	2023	20	脳神外	1
0112127	0	2023	36	総合診	1
0112184	0	2023	48	リウ膠	1
0112184	0	2023	28	放診断	4
0112184	0	2023	22	泌尿器	1
0112184	0	2023	50	消化内	3
0112184	0	2023	14	消化外	1
0112184	0	2023	01	血液内	1
0112192	0	2023	09	脳卒中	1
0112218	0	2023	16	乳甲外	1
0112218	0	2023	26	眼科	1
0112259	0	2023	36	総合診	1
0112283	0	2023	50	消化内	1
0112283	0	2023	21	皮膚科	1
0112283	0	2023	36	総合診	1
0112291	0	2023	02	脳神内	1
0112309	0	2023	48	リウ膠	1
0112309	0	2023	43	産婦人	4
0112309	0	2023	06	糖尿内	4
0112325	0	2023	31	リハ	1
0112325	0	2023	16	乳甲外	1
0112325	0	2023	10	小児科	3
0112325	0	2023	34	救急科	1
0112325	0	2023	18	整形外	2
0112341	0	2023	15	心血外	1
0112341	0	2023	01	血液内	1
0112366	0	2023	05	呼吸内	1
0112382	0	2023	25	耳鼻科	1
0112416	0	2023	02	脳神内	1
0112465	0	2023	08	腎臓内	1
0112564	0	2023	13	呼吸外	1
0112564	0	2023	07	循環内	1
0112564	0	2023	15	心血外	1
0112564	0	2023	34	救急科	2
0112564	0	2023	18	整形外	6
0112564	0	2023	32	歯口外	1
0112564	0	2023	22	泌尿器	3
0112564	0	2023	50	消化内	3
0112564	0	2023	43	産婦人	1
0112564	0	2023	21	皮膚科	1
0112564	0	2023	02	脳神内	4
0112622	0	2023	26	眼科	2
0112630	0	2023	12	心療科	1
0112630	0	2023	18	整形外	1
0112630	0	2023	06	糖尿内	1
0112630	0	2023	25	耳鼻科	1
0112630	0	2023	01	血液内	1
0112648	0	2023	18	整形外	2
0112648	0	2023	32	歯口外	1
0112671	0	2023	01	血液内	2
0112739	0	2023	16	乳甲外	1
0112754	0	2023	25	耳鼻科	6
0112788	0	2023	18	整形外	1
0112788	0	2023	21	皮膚科	1
0112796	0	2023	25	耳鼻科	1
0112812	0	2023	25	耳鼻科	3
0112820	0	2023	48	リウ膠	3
0112820	0	2023	05	呼吸内	9
0112820	0	2023	07	循環内	1
0112820	0	2023	12	心療科	1
0112820	0	2023	18	整形外	4
0112820	0	2023	50	消化内	2
0112820	0	2023	21	皮膚科	1
0112820	0	2023	06	糖尿内	4
0112820	0	2023	02	脳神内	3
0112820	0	2023	20	脳神外	1
0112820	0	2023	01	血液内	1
0112820	0	2023	37	麻酔科	1
0112853	0	2023	18	整形外	1
0112861	0	2023	48	リウ膠	1
0112861	0	2023	50	消化内	2
0112861	0	2023	14	消化外	1
0112861	0	2023	43	産婦人	1
0112887	0	2023	26	眼科	4
0112960	0	2023	07	循環内	1
0112960	0	2023	18	整形外	1
0112960	0	2023	06	糖尿内	1
0112994	0	2023	26	眼科	2
0112994	0	2023	02	脳神内	1
0112994	0	2023	20	脳神外	1
0113000	0	2023	15	心血外	1
0113026	0	2023	31	リハ	1
0113026	0	2023	02	脳神内	1
0113034	0	2023	25	耳鼻科	2
0113125	0	2023	16	乳甲外	1
0113125	0	2023	18	整形外	1
0113208	0	2023	05	呼吸内	2
0113208	0	2023	12	心療科	1
0113208	0	2023	21	皮膚科	2
0113208	0	2023	36	総合診	1
0113224	0	2023	25	耳鼻科	2
0113240	0	2023	25	耳鼻科	1
0113257	0	2023	50	消化内	2
0113281	0	2023	48	リウ膠	1
0113281	0	2023	05	呼吸内	1
0113281	0	2023	10	小児科	1
0113281	0	2023	36	総合診	2
0113349	0	2023	34	救急科	1
0113349	0	2023	18	整形外	7
0113349	0	2023	50	消化内	1
0113349	0	2023	02	脳神内	1
0113349	0	2023	37	麻酔科	1
0113422	0	2023	18	整形外	2
0113463	0	2023	18	整形外	3
0113489	0	2023	18	整形外	3
0113489	0	2023	50	消化内	1
0113489	0	2023	08	腎臓内	1
0113513	0	2023	43	産婦人	1
0113539	0	2023	18	整形外	2
0113547	0	2023	28	放診断	1
0113554	0	2023	22	泌尿器	1
0113554	0	2023	02	脳神内	1
0113596	0	2023	15	心血外	1
0113596	0	2023	02	脳神内	1
0113638	0	2023	22	泌尿器	5
0113638	0	2023	43	産婦人	1
0113646	0	2023	25	耳鼻科	1
0113695	0	2023	16	乳甲外	1
0113695	0	2023	43	産婦人	2
0113737	0	2023	48	リウ膠	1
0113737	0	2023	16	乳甲外	1
0113737	0	2023	15	心血外	5
0113737	0	2023	36	総合診	1
0113760	0	2023	16	乳甲外	2
0113760	0	2023	05	呼吸内	1
0113760	0	2023	25	耳鼻科	1
0113794	0	2023	15	心血外	1
0113794	0	2023	22	泌尿器	1
0113794	0	2023	43	産婦人	8
0113794	0	2023	01	血液内	1
0113802	0	2023	27	臨腫瘍	2
0113828	0	2023	18	整形外	7
0113828	0	2023	02	脳神内	1
0113877	0	2023	21	皮膚科	5
0113893	0	2023	50	消化内	1
0113893	0	2023	14	消化外	1
0113927	0	2023	18	整形外	1
0114008	0	2023	50	消化内	1
0114016	0	2023	21	皮膚科	1
0114032	0	2023	48	リウ膠	1
0114032	0	2023	19	形成外	2
0114032	0	2023	07	循環内	3
0114032	0	2023	15	心血外	1
0114032	0	2023	34	救急科	1
0114032	0	2023	18	整形外	4
0114032	0	2023	22	泌尿器	1
0114032	0	2023	50	消化内	9
0114032	0	2023	14	消化外	12
0114032	0	2023	43	産婦人	2
0114032	0	2023	36	総合診	1
0114032	0	2023	09	脳卒中	1
0114032	0	2023	20	脳神外	9
0114032	0	2023	27	臨腫瘍	1
0114057	0	2023	08	腎臓内	2
0114115	0	2023	07	循環内	1
0114115	0	2023	28	放診断	1
0114115	0	2023	26	眼科	1
0114172	0	2023	10	小児科	1
0114198	0	2023	48	リウ膠	5
0114198	0	2023	16	乳甲外	1
0114198	0	2023	28	放診断	7
0114198	0	2023	18	整形外	20
0114198	0	2023	22	泌尿器	1
0114198	0	2023	50	消化内	1
0114198	0	2023	21	皮膚科	1
0114198	0	2023	36	総合診	2
0114198	0	2023	25	耳鼻科	2
0114198	0	2023	09	脳卒中	1
0114198	0	2023	02	脳神内	7
0114198	0	2023	08	腎臓内	1
0114222	0	2023	48	リウ膠	2
0114222	0	2023	16	乳甲外	4
0114222	0	2023	05	呼吸内	1
0114222	0	2023	07	循環内	3
0114222	0	2023	15	心血外	2
0114222	0	2023	28	放診断	1
0114222	0	2023	18	整形外	4
0114222	0	2023	22	泌尿器	2
0114222	0	2023	50	消化内	4
0114222	0	2023	21	皮膚科	1
0114222	0	2023	06	糖尿内	4
0114222	0	2023	25	耳鼻科	1
0114222	0	2023	02	脳神内	1
0114222	0	2023	08	腎臓内	10
0114230	0	2023	07	循環内	1
0114230	0	2023	21	皮膚科	1
0114255	0	2023	25	耳鼻科	1
0114271	0	2023	31	リハ	1
0114271	0	2023	16	乳甲外	23
0114271	0	2023	05	呼吸内	4
0114271	0	2023	07	循環内	1
0114271	0	2023	12	心療科	1
0114271	0	2023	30	放核医	10
0114271	0	2023	29	放治療	1
0114271	0	2023	34	救急科	1
0114271	0	2023	18	整形外	1
0114271	0	2023	22	泌尿器	1
0114271	0	2023	50	消化内	8
0114271	0	2023	43	産婦人	10
0114271	0	2023	21	皮膚科	1
0114271	0	2023	26	眼科	1
0114271	0	2023	06	糖尿内	2
0114271	0	2023	36	総合診	1
0114271	0	2023	25	耳鼻科	1
0114271	0	2023	02	脳神内	4
0114271	0	2023	20	脳神外	3
0114297	0	2023	48	リウ膠	2
0114297	0	2023	05	呼吸内	1
0114297	0	2023	19	形成外	1
0114297	0	2023	07	循環内	1
0114297	0	2023	50	消化内	1
0114297	0	2023	21	皮膚科	1
0114297	0	2023	25	耳鼻科	1
0114305	0	2023	13	呼吸外	1
0114305	0	2023	36	総合診	1
0114388	0	2023	05	呼吸内	1
0114388	0	2023	34	救急科	2
0114388	0	2023	18	整形外	2
0114388	0	2023	02	脳神内	2
0114388	0	2023	08	腎臓内	1
0114396	0	2023	16	乳甲外	2
0114396	0	2023	29	放治療	1
0114396	0	2023	18	整形外	1
0114396	0	2023	22	泌尿器	1
0114396	0	2023	50	消化内	1
0114396	0	2023	26	眼科	1
0114396	0	2023	06	糖尿内	1
0114453	0	2023	18	整形外	1
0114479	0	2023	34	救急科	2
0114503	0	2023	12	心療科	1
0114537	0	2023	48	リウ膠	1
0114537	0	2023	16	乳甲外	9
0114537	0	2023	05	呼吸内	7
0114537	0	2023	13	呼吸外	2
0114537	0	2023	07	循環内	52
0114537	0	2023	15	心血外	8
0114537	0	2023	34	救急科	1
0114537	0	2023	18	整形外	6
0114537	0	2023	32	歯口外	5
0114537	0	2023	22	泌尿器	9
0114537	0	2023	50	消化内	29
0114537	0	2023	14	消化外	2
0114537	0	2023	43	産婦人	1
0114537	0	2023	21	皮膚科	3
0114537	0	2023	06	糖尿内	5
0114537	0	2023	36	総合診	1
0114537	0	2023	25	耳鼻科	1
0114537	0	2023	09	脳卒中	3
0114537	0	2023	02	脳神内	2
0114537	0	2023	20	脳神外	1
0114537	0	2023	08	腎臓内	10
0114537	0	2023	01	血液内	5
0114552	0	2023	17	小児外	1
0114552	0	2023	19	形成外	1
0114560	0	2023	16	乳甲外	4
0114560	0	2023	17	小児外	1
0114560	0	2023	10	小児科	4
0114560	0	2023	07	循環内	10
0114560	0	2023	15	心血外	5
0114560	0	2023	34	救急科	5
0114560	0	2023	18	整形外	3
0114560	0	2023	22	泌尿器	5
0114560	0	2023	50	消化内	15
0114560	0	2023	21	皮膚科	8
0114560	0	2023	26	眼科	1
0114560	0	2023	06	糖尿内	6
0114560	0	2023	36	総合診	4
0114560	0	2023	25	耳鼻科	5
0114560	0	2023	09	脳卒中	3
0114560	0	2023	02	脳神内	4
0114560	0	2023	08	腎臓内	1
0114560	0	2023	01	血液内	3
0114586	0	2023	18	整形外	1
0114586	0	2023	02	脳神内	2
0114602	0	2023	48	リウ膠	1
0114602	0	2023	19	形成外	1
0114602	0	2023	07	循環内	1
0114602	0	2023	15	心血外	1
0114602	0	2023	28	放診断	2
0114602	0	2023	26	眼科	4
0114602	0	2023	06	糖尿内	2
0114610	0	2023	48	リウ膠	1
0114610	0	2023	50	消化内	3
0114610	0	2023	14	消化外	1
0114693	0	2023	48	リウ膠	1
0114693	0	2023	50	消化内	1
0114731	0	2023	16	乳甲外	1
0114743	0	2023	25	耳鼻科	2
0114768	0	2023	06	糖尿内	1
0114776	0	2023	48	リウ膠	6
0114776	0	2023	16	乳甲外	1
0114776	0	2023	19	形成外	2
0114776	0	2023	07	循環内	1
0114776	0	2023	15	心血外	1
0114776	0	2023	34	救急科	2
0114776	0	2023	18	整形外	6
0114776	0	2023	22	泌尿器	1
0114776	0	2023	50	消化内	11
0114776	0	2023	14	消化外	1
0114776	0	2023	43	産婦人	1
0114776	0	2023	21	皮膚科	1
0114776	0	2023	06	糖尿内	2
0114776	0	2023	36	総合診	2
0114776	0	2023	02	脳神内	4
0114800	0	2023	18	整形外	1
0114826	0	2023	16	乳甲外	1
0114826	0	2023	05	呼吸内	1
0114826	0	2023	07	循環内	1
0114826	0	2023	25	耳鼻科	1
0114826	0	2023	08	腎臓内	2
0114867	0	2023	18	整形外	1
0114867	0	2023	01	血液内	1
0114883	0	2023	17	小児外	1
0114883	0	2023	18	整形外	2
0114891	0	2023	48	リウ膠	1
0114974	0	2023	21	皮膚科	2
0114982	0	2023	48	リウ膠	2
0114982	0	2023	16	乳甲外	1
0114982	0	2023	07	循環内	1
0114982	0	2023	12	心療科	1
0114982	0	2023	28	放診断	2
0114982	0	2023	34	救急科	1
0114982	0	2023	18	整形外	3
0114982	0	2023	32	歯口外	2
0114982	0	2023	50	消化内	7
0114982	0	2023	36	総合診	2
0114982	0	2023	25	耳鼻科	1
0114982	0	2023	09	脳卒中	1
0114982	0	2023	02	脳神内	3
0114982	0	2023	08	腎臓内	1
0114982	0	2023	01	血液内	2
0114990	0	2023	31	リハ	1
0115013	0	2023	16	乳甲外	2
0115013	0	2023	07	循環内	1
0115013	0	2023	37	麻酔科	1
0115021	0	2023	13	呼吸外	1
0115039	0	2023	10	小児科	1
0115054	0	2023	01	血液内	1
0115088	0	2023	15	心血外	1
0115096	0	2023	05	呼吸内	1
0115096	0	2023	07	循環内	1
0115096	0	2023	25	耳鼻科	1
0115138	0	2023	31	リハ	1
0115138	0	2023	18	整形外	3
0115146	0	2023	31	リハ	1
0115146	0	2023	36	総合診	2
0115146	0	2023	20	脳神外	1
0115153	0	2023	34	救急科	1
0115161	0	2023	15	心血外	1
0115179	0	2023	25	耳鼻科	2
0115195	0	2023	26	眼科	1
0115203	0	2023	18	整形外	1
0115203	0	2023	08	腎臓内	2
0115229	0	2023	05	呼吸内	1
0115229	0	2023	12	心療科	9
0115229	0	2023	34	救急科	1
0115229	0	2023	18	整形外	1
0115229	0	2023	43	産婦人	2
0115229	0	2023	25	耳鼻科	2
0115245	0	2023	19	形成外	1
0115245	0	2023	18	整形外	3
0115252	0	2023	10	小児科	1
0115252	0	2023	18	整形外	1
0115252	0	2023	09	脳卒中	1
0115278	0	2023	07	循環内	1
0115286	0	2023	16	乳甲外	6
0115286	0	2023	17	小児外	2
0115286	0	2023	10	小児科	5
0115286	0	2023	19	形成外	3
0115286	0	2023	18	整形外	3
0115286	0	2023	43	産婦人	15
0115286	0	2023	21	皮膚科	1
0115286	0	2023	26	眼科	1
0115286	0	2023	06	糖尿内	2
0115310	0	2023	26	眼科	2
0115328	0	2023	16	乳甲外	2
0115328	0	2023	05	呼吸内	1
0115328	0	2023	10	小児科	7
0115328	0	2023	19	形成外	1
0115328	0	2023	07	循環内	4
0115328	0	2023	12	心療科	2
0115328	0	2023	34	救急科	2
0115328	0	2023	18	整形外	2
0115328	0	2023	50	消化内	4
0115328	0	2023	21	皮膚科	1
0115328	0	2023	06	糖尿内	1
0115328	0	2023	25	耳鼻科	1
0115328	0	2023	02	脳神内	3
0115351	0	2023	18	整形外	3
0115377	0	2023	06	糖尿内	1
0115401	0	2023	07	循環内	1
0115419	0	2023	21	皮膚科	2
0115427	0	2023	15	心血外	1
0115435	0	2023	21	皮膚科	2
0115435	0	2023	08	腎臓内	1
0115468	0	2023	18	整形外	2
0115476	0	2023	05	呼吸内	1
0115476	0	2023	10	小児科	1
0115476	0	2023	07	循環内	4
0115476	0	2023	15	心血外	11
0115476	0	2023	34	救急科	1
0115476	0	2023	50	消化内	3
0115476	0	2023	21	皮膚科	1
0115476	0	2023	06	糖尿内	3
0115492	0	2023	48	リウ膠	1
0115492	0	2023	26	眼科	2
0115518	0	2023	26	眼科	1
0115567	0	2023	16	乳甲外	2
0115567	0	2023	05	呼吸内	1
0115575	0	2023	10	小児科	2
0115583	0	2023	21	皮膚科	1
0115609	0	2023	22	泌尿器	1
0115633	0	2023	43	産婦人	1
0115633	0	2023	21	皮膚科	3
0115633	0	2023	36	総合診	1
0115658	0	2023	48	リウ膠	2
0115658	0	2023	15	心血外	6
0115658	0	2023	30	放核医	5
0115658	0	2023	18	整形外	4
0115658	0	2023	02	脳神内	1
0115658	0	2023	27	臨腫瘍	1
0115674	0	2023	31	リハ	1
0115674	0	2023	18	整形外	1
0115674	0	2023	21	皮膚科	1
0115674	0	2023	20	脳神外	1
0115682	0	2023	07	循環内	1
0115690	0	2023	31	リハ	1
0115690	0	2023	17	小児外	1
0115690	0	2023	10	小児科	3
0115690	0	2023	12	心療科	1
0115690	0	2023	18	整形外	2
0115690	0	2023	21	皮膚科	1
0115690	0	2023	26	眼科	1
0115690	0	2023	36	総合診	1
0115716	0	2023	13	呼吸外	2
0115716	0	2023	12	心療科	1
0115724	0	2023	12	心療科	1
0115732	0	2023	21	皮膚科	2
0115740	0	2023	16	乳甲外	2
0115740	0	2023	13	呼吸外	1
0115740	0	2023	07	循環内	2
0115740	0	2023	15	心血外	5
0115740	0	2023	18	整形外	1
0115740	0	2023	14	消化外	1
0115740	0	2023	06	糖尿内	2
0115740	0	2023	20	脳神外	1
0115740	0	2023	08	腎臓内	1
0115765	0	2023	34	救急科	1
0115765	0	2023	26	眼科	1
0115773	0	2023	18	整形外	1
0115799	0	2023	50	消化内	1
0115799	0	2023	01	血液内	1
0115815	0	2023	02	脳神内	1
0115815	0	2023	20	脳神外	1
0115823	0	2023	06	糖尿内	5
0115823	0	2023	08	腎臓内	1
0115823	0	2023	27	臨腫瘍	1
0115831	0	2023	31	リハ	1
0115831	0	2023	17	小児外	1
0115856	0	2023	17	小児外	1
0115856	0	2023	18	整形外	2
0115872	0	2023	31	リハ	2
0115880	0	2023	09	脳卒中	1
0115898	0	2023	12	心療科	4
0115906	0	2023	50	消化内	1
0115906	0	2023	21	皮膚科	1
0115906	0	2023	25	耳鼻科	1
0115906	0	2023	08	腎臓内	1
0115922	0	2023	16	乳甲外	1
0115922	0	2023	10	小児科	1
0115922	0	2023	18	整形外	1
0115922	0	2023	22	泌尿器	1
0115922	0	2023	50	消化内	1
0115922	0	2023	14	消化外	1
0115922	0	2023	27	臨腫瘍	1
0115955	0	2023	05	呼吸内	1
0115955	0	2023	10	小児科	6
0115955	0	2023	36	総合診	1
0115955	0	2023	25	耳鼻科	54
0115963	0	2023	19	形成外	1
0115963	0	2023	28	放診断	2
0115963	0	2023	18	整形外	5
0115963	0	2023	02	脳神内	1
0116003	0	2023	13	呼吸外	1
0116045	0	2023	07	循環内	1
0116045	0	2023	18	整形外	1
0116060	0	2023	25	耳鼻科	43
0116110	0	2023	31	リハ	1
0116110	0	2023	07	循環内	1
0116110	0	2023	12	心療科	1
0116110	0	2023	22	泌尿器	1
0116110	0	2023	02	脳神内	17
0116110	0	2023	20	脳神外	1
0116144	0	2023	17	小児外	1
0116144	0	2023	21	皮膚科	1
0116151	0	2023	18	整形外	1
0116151	0	2023	36	総合診	1
0116169	0	2023	48	リウ膠	3
0116169	0	2023	16	乳甲外	11
0116169	0	2023	12	心療科	2
0116169	0	2023	34	救急科	1
0116169	0	2023	18	整形外	7
0116169	0	2023	22	泌尿器	1
0116169	0	2023	02	脳神内	1
0116169	0	2023	20	脳神外	2
0116185	0	2023	19	形成外	2
0116185	0	2023	26	眼科	24
0116185	0	2023	09	脳卒中	2
0116193	0	2023	32	歯口外	1
0116193	0	2023	06	糖尿内	1
0116201	0	2023	18	整形外	2
0116201	0	2023	02	脳神内	1
0116243	0	2023	48	リウ膠	4
0116243	0	2023	31	リハ	5
0116243	0	2023	16	乳甲外	3
0116243	0	2023	05	呼吸内	2
0116243	0	2023	13	呼吸外	3
0116243	0	2023	17	小児外	1
0116243	0	2023	10	小児科	4
0116243	0	2023	19	形成外	3
0116243	0	2023	07	循環内	2
0116243	0	2023	12	心療科	4
0116243	0	2023	15	心血外	1
0116243	0	2023	30	放核医	1
0116243	0	2023	34	救急科	1
0116243	0	2023	18	整形外	14
0116243	0	2023	32	歯口外	1
0116243	0	2023	22	泌尿器	9
0116243	0	2023	50	消化内	1
0116243	0	2023	14	消化外	1
0116243	0	2023	43	産婦人	8
0116243	0	2023	21	皮膚科	5
0116243	0	2023	26	眼科	5
0116243	0	2023	06	糖尿内	5
0116243	0	2023	36	総合診	1
0116243	0	2023	25	耳鼻科	13
0116243	0	2023	09	脳卒中	1
0116243	0	2023	02	脳神内	5
0116243	0	2023	08	腎臓内	2
0116243	0	2023	27	臨腫瘍	2
0116243	0	2023	01	血液内	1
0116276	0	2023	19	形成外	1
0116276	0	2023	14	消化外	1
0116276	0	2023	01	血液内	1
0116300	0	2023	48	リウ膠	1
0116300	0	2023	05	呼吸内	1
0116300	0	2023	26	眼科	12
0116300	0	2023	25	耳鼻科	1
0116334	0	2023	17	小児外	2
0116334	0	2023	10	小児科	7
0116334	0	2023	25	耳鼻科	1
0116359	0	2023	12	心療科	1
0116359	0	2023	43	産婦人	1
0116383	0	2023	02	脳神内	2
0116409	0	2023	22	泌尿器	1
0116425	0	2023	10	小児科	2
0116425	0	2023	07	循環内	4
0116425	0	2023	32	歯口外	1
0116425	0	2023	22	泌尿器	1
0116425	0	2023	50	消化内	5
0116425	0	2023	14	消化外	1
0116425	0	2023	21	皮膚科	1
0116425	0	2023	36	総合診	1
0116425	0	2023	25	耳鼻科	2
0116425	0	2023	02	脳神内	1
0116425	0	2023	08	腎臓内	1
0116441	0	2023	18	整形外	1
0116466	0	2023	18	整形外	1
0116490	0	2023	05	呼吸内	1
0116490	0	2023	07	循環内	9
0116490	0	2023	15	心血外	2
0116490	0	2023	28	放診断	2
0116490	0	2023	18	整形外	1
0116490	0	2023	22	泌尿器	4
0116490	0	2023	50	消化内	5
0116490	0	2023	14	消化外	1
0116490	0	2023	02	脳神内	1
0116490	0	2023	08	腎臓内	24
0116516	0	2023	10	小児科	1
0116565	0	2023	16	乳甲外	1
0116565	0	2023	21	皮膚科	1
0116615	0	2023	48	リウ膠	1
0116615	0	2023	16	乳甲外	1
0116615	0	2023	13	呼吸外	1
0116615	0	2023	17	小児外	1
0116615	0	2023	07	循環内	1
0116615	0	2023	12	心療科	1
0116615	0	2023	32	歯口外	1
0116615	0	2023	50	消化内	1
0116615	0	2023	21	皮膚科	1
0116615	0	2023	36	総合診	3
0116615	0	2023	25	耳鼻科	1
0116615	0	2023	08	腎臓内	1
0116615	0	2023	01	血液内	1
0116615	0	2023	37	麻酔科	1
0116664	0	2023	19	形成外	2
0116664	0	2023	21	皮膚科	5
0116805	0	2023	18	整形外	2
0116805	0	2023	26	眼科	1
0116821	0	2023	48	リウ膠	1
0116821	0	2023	16	乳甲外	3
0116821	0	2023	30	放核医	4
0116821	0	2023	28	放診断	11
0117299	0	2023	02	脳神内	1
0120039	0	2023	25	耳鼻科	1
0120134	0	2023	32	歯口外	5
0120142	0	2023	32	歯口外	1
0120294	0	2023	12	心療科	1
0120294	0	2023	22	泌尿器	3
0120294	0	2023	25	耳鼻科	1
0120294	0	2023	02	脳神内	1
0120435	0	2023	25	耳鼻科	1
0120492	0	2023	48	リウ膠	1
0120518	0	2023	07	循環内	1
0120518	0	2023	09	脳卒中	1
0120609	0	2023	12	心療科	1
0120625	0	2023	32	歯口外	1
0120740	0	2023	09	脳卒中	1
0120815	0	2023	25	耳鼻科	2
0120880	0	2023	18	整形外	1
0121052	0	2023	06	糖尿内	1
0121151	0	2023	07	循環内	1
0121276	0	2023	10	小児科	1
0121359	0	2023	10	小児科	14
0121359	0	2023	12	心療科	1
0121359	0	2023	25	耳鼻科	1
0121383	0	2023	25	耳鼻科	2
0121458	0	2023	26	眼科	1
0121524	0	2023	50	消化内	1
0121573	0	2023	26	眼科	1
0121581	0	2023	26	眼科	1
0121599	0	2023	48	リウ膠	1
0121607	0	2023	07	循環内	1
0121607	0	2023	34	救急科	1
0121607	0	2023	22	泌尿器	1
0121607	0	2023	50	消化内	2
0121607	0	2023	26	眼科	1
0121607	0	2023	02	脳神内	1
0121607	0	2023	08	腎臓内	1
0121615	0	2023	43	産婦人	1
0121615	0	2023	01	血液内	2
0121714	0	2023	25	耳鼻科	15
0121730	0	2023	21	皮膚科	1
0121847	0	2023	06	糖尿内	2
0121854	0	2023	17	小児外	1
0121854	0	2023	18	整形外	4
0121862	0	2023	25	耳鼻科	3
0121870	0	2023	16	乳甲外	1
0121888	0	2023	18	整形外	1
0121912	0	2023	21	皮膚科	1
0122027	0	2023	19	形成外	4
0122027	0	2023	21	皮膚科	14
0122035	0	2023	02	脳神内	1
0122035	0	2023	08	腎臓内	1
0122159	0	2023	25	耳鼻科	5
0122183	0	2023	21	皮膚科	3
0122209	0	2023	02	脳神内	1
0122266	0	2023	19	形成外	2
0122266	0	2023	21	皮膚科	4
0122316	0	2023	17	小児外	1
0122316	0	2023	10	小児科	1
0122316	0	2023	19	形成外	2
0122316	0	2023	43	産婦人	4
0122324	0	2023	07	循環内	1
0122324	0	2023	18	整形外	1
0122324	0	2023	50	消化内	1
0122324	0	2023	36	総合診	1
0122324	0	2023	02	脳神内	1
0122324	0	2023	20	脳神外	1
0122324	0	2023	08	腎臓内	1
0122381	0	2023	22	泌尿器	1
0122381	0	2023	43	産婦人	6
0122381	0	2023	06	糖尿内	1
0122399	0	2023	13	呼吸外	1
0122399	0	2023	10	小児科	1
0122399	0	2023	25	耳鼻科	1
0122407	0	2023	12	心療科	1
0122530	0	2023	12	心療科	1
0122548	0	2023	43	産婦人	1
0122670	0	2023	05	呼吸内	1
0122670	0	2023	13	呼吸外	1
0122670	0	2023	12	心療科	1
0122670	0	2023	34	救急科	1
0122670	0	2023	18	整形外	1
0122670	0	2023	08	腎臓内	1
0122688	0	2023	21	皮膚科	1
0122738	0	2023	31	リハ	2
0122738	0	2023	18	整形外	1
0122746	0	2023	12	心療科	2
0122829	0	2023	16	乳甲外	5
0122829	0	2023	07	循環内	2
0122829	0	2023	28	放診断	7
0122829	0	2023	50	消化内	4
0122829	0	2023	14	消化外	1
0122829	0	2023	43	産婦人	1
0122829	0	2023	21	皮膚科	1
0122829	0	2023	36	総合診	1
0122829	0	2023	25	耳鼻科	3
0122829	0	2023	02	脳神内	10
0122829	0	2023	27	臨腫瘍	1
0122829	0	2023	01	血液内	1
0122977	0	2023	10	小児科	1
0122977	0	2023	50	消化内	1
0122977	0	2023	20	脳神外	2
0122977	0	2023	08	腎臓内	1
0122993	0	2023	25	耳鼻科	2
0123025	0	2023	16	乳甲外	1
0123165	0	2023	36	総合診	1
0123199	0	2023	09	脳卒中	1
0123207	0	2023	25	耳鼻科	2
0123231	0	2023	25	耳鼻科	1
0123249	0	2023	18	整形外	1
0123264	0	2023	25	耳鼻科	4
0123272	0	2023	25	耳鼻科	1
0123280	0	2023	02	脳神内	1
0123322	0	2023	02	脳神内	1
0123355	0	2023	16	乳甲外	1
0123355	0	2023	50	消化内	1
0123355	0	2023	14	消化外	1
0123363	0	2023	26	眼科	7
0123397	0	2023	16	乳甲外	1
0123397	0	2023	26	眼科	1
0123405	0	2023	31	リハ	1
0123405	0	2023	16	乳甲外	1
0123405	0	2023	17	小児外	2
0123405	0	2023	10	小児科	18
0123405	0	2023	19	形成外	3
0123405	0	2023	07	循環内	1
0123405	0	2023	18	整形外	2
0123405	0	2023	43	産婦人	39
0123462	0	2023	18	整形外	2
0123470	0	2023	10	小児科	1
0123488	0	2023	28	放診断	1
0123488	0	2023	02	脳神内	1
0123520	0	2023	25	耳鼻科	1
0123611	0	2023	26	眼科	1
0123611	0	2023	36	総合診	1
0123611	0	2023	25	耳鼻科	2
0123637	0	2023	05	呼吸内	1
0123637	0	2023	36	総合診	1
0123652	0	2023	19	形成外	1
0123652	0	2023	25	耳鼻科	4
0123701	0	2023	19	形成外	1
0123701	0	2023	22	泌尿器	2
0123751	0	2023	26	眼科	2
0123777	0	2023	19	形成外	3
0123777	0	2023	21	皮膚科	18
0123793	0	2023	36	総合診	1
0123801	0	2023	05	呼吸内	4
0123801	0	2023	50	消化内	1
0123835	0	2023	05	呼吸内	1
0123835	0	2023	12	心療科	1
0123835	0	2023	50	消化内	1
0123835	0	2023	43	産婦人	1
0123876	0	2023	07	循環内	1
0123918	0	2023	18	整形外	1
0123975	0	2023	48	リウ膠	1
0123975	0	2023	16	乳甲外	1
0123975	0	2023	05	呼吸内	1
0123975	0	2023	07	循環内	2
0123975	0	2023	34	救急科	1
0123975	0	2023	18	整形外	1
0123975	0	2023	50	消化内	11
0123975	0	2023	14	消化外	1
0123975	0	2023	01	血液内	2
0123991	0	2023	07	循環内	1
0124378	0	2023	20	脳神外	1
0125862	0	2023	50	消化内	1
0201736	0	2023	32	歯口外	1
0201918	0	2023	18	整形外	1
0201983	0	2023	32	歯口外	5
0202072	0	2023	32	歯口外	1
0202320	0	2023	32	歯口外	17
0202379	0	2023	32	歯口外	1
0202429	0	2023	32	歯口外	3
0202585	0	2023	32	歯口外	5
0202619	0	2023	32	歯口外	5
0202734	0	2023	32	歯口外	6
0202759	0	2023	32	歯口外	7
0202916	0	2023	32	歯口外	1
0203013	0	2023	32	歯口外	20
0203229	0	2023	32	歯口外	3
0203237	0	2023	32	歯口外	1
0203280	0	2023	06	糖尿内	1
0203280	0	2023	25	耳鼻科	1
0203294	0	2023	32	歯口外	1
0203310	0	2023	32	歯口外	1
0203328	0	2023	32	歯口外	20
0203336	0	2023	32	歯口外	6
0203419	0	2023	15	心血外	1
0203419	0	2023	32	歯口外	17
0203419	0	2023	01	血液内	1
0203518	0	2023	32	歯口外	2
0203518	0	2023	22	泌尿器	1
0203520	0	2023	18	整形外	1
0203617	0	2023	32	歯口外	1
0203658	0	2023	32	歯口外	1
0203658	0	2023	01	血液内	1
0203674	0	2023	32	歯口外	1
0203674	0	2023	25	耳鼻科	1
0203757	0	2023	32	歯口外	12
0203757	0	2023	25	耳鼻科	1
0203765	0	2023	32	歯口外	1
0203773	0	2023	50	消化内	1
0203799	0	2023	32	歯口外	4
0203823	0	2023	32	歯口外	1
0203831	0	2023	32	歯口外	1
0203849	0	2023	07	循環内	1
0203864	0	2023	32	歯口外	5
0203872	0	2023	32	歯口外	5
0203872	0	2023	25	耳鼻科	1
0203880	0	2023	32	歯口外	1
0203914	0	2023	32	歯口外	2
0203930	0	2023	32	歯口外	1
0203971	0	2023	32	歯口外	2
0203983	0	2023	18	整形外	1
0204003	0	2023	32	歯口外	2
0204102	0	2023	32	歯口外	2
0204110	0	2023	32	歯口外	4
0204128	0	2023	32	歯口外	1
0204148	0	2023	19	形成外	1
0204148	0	2023	26	眼科	11
0204148	0	2023	36	総合診	1
0204148	0	2023	02	脳神内	1
0204151	0	2023	32	歯口外	17
0204169	0	2023	32	歯口外	1
0204235	0	2023	32	歯口外	1
0204268	0	2023	32	歯口外	8
0204270	0	2023	43	産婦人	4
0204326	0	2023	32	歯口外	3
0204367	0	2023	28	放診断	1
0204367	0	2023	32	歯口外	9
0204367	0	2023	25	耳鼻科	1
0204375	0	2023	32	歯口外	3
0204383	0	2023	32	歯口外	4
0204391	0	2023	32	歯口外	8
0204433	0	2023	32	歯口外	4
0204437	0	2023	26	眼科	4
0204437	0	2023	20	脳神外	1
0204474	0	2023	32	歯口外	2
0204474	0	2023	21	皮膚科	1
0204478	0	2023	05	呼吸内	1
0204478	0	2023	10	小児科	1
0204478	0	2023	06	糖尿内	1
0204478	0	2023	36	総合診	1
0204478	0	2023	25	耳鼻科	17
0204502	0	2023	19	形成外	1
0204502	0	2023	07	循環内	1
0204502	0	2023	12	心療科	1
0204502	0	2023	22	泌尿器	1
0204502	0	2023	50	消化内	1
0204502	0	2023	21	皮膚科	2
0204502	0	2023	25	耳鼻科	1
0204502	0	2023	09	脳卒中	2
0204502	0	2023	02	脳神内	1
0204502	0	2023	20	脳神外	3
0204502	0	2023	08	腎臓内	1
0204510	0	2023	12	心療科	3
0204510	0	2023	50	消化内	1
0204516	0	2023	32	歯口外	1
0204573	0	2023	32	歯口外	4
0204581	0	2023	32	歯口外	1
0204607	0	2023	32	歯口外	1
0204619	0	2023	18	整形外	1
0204649	0	2023	32	歯口外	8
0204672	0	2023	32	歯口外	2
0204680	0	2023	32	歯口外	1
0204698	0	2023	32	歯口外	2
0204706	0	2023	32	歯口外	1
0204714	0	2023	32	歯口外	1
0204797	0	2023	32	歯口外	3
0204805	0	2023	32	歯口外	3
0204847	0	2023	32	歯口外	5
0204862	0	2023	32	歯口外	4
0204896	0	2023	32	歯口外	2
0204920	0	2023	32	歯口外	26
0204940	0	2023	26	眼科	1
0204946	0	2023	32	歯口外	2
0204953	0	2023	32	歯口外	1
0204957	0	2023	26	眼科	1
0204961	0	2023	32	歯口外	4
0204973	0	2023	07	循環内	1
0204973	0	2023	12	心療科	1
0204973	0	2023	02	脳神内	2
0204981	0	2023	19	形成外	1
0204981	0	2023	18	整形外	2
0204987	0	2023	32	歯口外	6
0204995	0	2023	32	歯口外	1
0204995	0	2023	09	脳卒中	1
0204995	0	2023	20	脳神外	1
0204999	0	2023	34	救急科	1
0204999	0	2023	26	眼科	8
0205087	0	2023	05	呼吸内	1
0205087	0	2023	34	救急科	1
0205087	0	2023	36	総合診	1
0205103	0	2023	07	循環内	2
0205103	0	2023	22	泌尿器	2
0205103	0	2023	08	腎臓内	2
0205129	0	2023	50	消化内	2
0205145	0	2023	05	呼吸内	1
0205145	0	2023	25	耳鼻科	11
0205194	0	2023	16	乳甲外	2
0205194	0	2023	12	心療科	1
0205194	0	2023	28	放診断	1
0205194	0	2023	22	泌尿器	1
0205194	0	2023	50	消化内	1
0205194	0	2023	36	総合診	1
0205194	0	2023	02	脳神内	2
0205236	0	2023	48	リウ膠	2
0205236	0	2023	31	リハ	1
0205236	0	2023	13	呼吸外	1
0205236	0	2023	19	形成外	2
0205236	0	2023	07	循環内	2
0205236	0	2023	15	心血外	1
0205236	0	2023	34	救急科	1
0205236	0	2023	18	整形外	14
0205236	0	2023	32	歯口外	2
0205236	0	2023	22	泌尿器	1
0205236	0	2023	43	産婦人	2
0205236	0	2023	06	糖尿内	1
0205236	0	2023	36	総合診	1
0205236	0	2023	02	脳神内	2
0205236	0	2023	20	脳神外	1
0205236	0	2023	08	腎臓内	1
0205236	0	2023	01	血液内	1
0205251	0	2023	07	循環内	2
0205251	0	2023	15	心血外	1
0205251	0	2023	18	整形外	2
0205251	0	2023	50	消化内	2
0205251	0	2023	36	総合診	2
0205251	0	2023	09	脳卒中	1
0205277	0	2023	18	整形外	1
0205277	0	2023	06	糖尿内	1
0205327	0	2023	15	心血外	1
0205327	0	2023	28	放診断	2
0205327	0	2023	18	整形外	4
0205392	0	2023	10	小児科	1
0205392	0	2023	34	救急科	1
0205392	0	2023	14	消化外	1
0205392	0	2023	21	皮膚科	1
0205392	0	2023	06	糖尿内	1
0205434	0	2023	16	乳甲外	1
0205434	0	2023	34	救急科	1
0205434	0	2023	36	総合診	1
0205434	0	2023	02	脳神内	2
0205491	0	2023	10	小児科	9
0205491	0	2023	19	形成外	1
0205491	0	2023	12	心療科	1
0205608	0	2023	21	皮膚科	1
0205608	0	2023	06	糖尿内	1
0205616	0	2023	26	眼科	6
0205640	0	2023	07	循環内	2
0205640	0	2023	15	心血外	1
0205640	0	2023	50	消化内	2
0205640	0	2023	06	糖尿内	1
0205640	0	2023	25	耳鼻科	1
0205640	0	2023	02	脳神内	1
0205715	0	2023	26	眼科	4
0205723	0	2023	10	小児科	3
0205764	0	2023	15	心血外	1
0205772	0	2023	05	呼吸内	1
0205772	0	2023	15	心血外	1
0205772	0	2023	26	眼科	2
0205780	0	2023	10	小児科	1
0205780	0	2023	19	形成外	4
0205780	0	2023	34	救急科	1
0205780	0	2023	50	消化内	1
0205780	0	2023	21	皮膚科	11
0205780	0	2023	02	脳神内	2
0205780	0	2023	01	血液内	1
0205855	0	2023	10	小児科	1
0205855	0	2023	25	耳鼻科	3
0205939	0	2023	12	心療科	1
0205988	0	2023	07	循環内	1
0205988	0	2023	50	消化内	2
0205988	0	2023	02	脳神内	1
0205996	0	2023	07	循環内	1
0205996	0	2023	28	放診断	20
0205996	0	2023	22	泌尿器	13
0206010	0	2023	10	小児科	1
0206010	0	2023	21	皮膚科	16
0206010	0	2023	25	耳鼻科	3
0206010	0	2023	37	麻酔科	1
0206028	0	2023	19	形成外	5
0206028	0	2023	28	放診断	2
0206028	0	2023	26	眼科	6
0206028	0	2023	25	耳鼻科	1
0206028	0	2023	02	脳神内	1
0206036	0	2023	05	呼吸内	1
0206036	0	2023	34	救急科	1
0206044	0	2023	26	眼科	2
0206069	0	2023	05	呼吸内	1
0206069	0	2023	15	心血外	1
0206135	0	2023	26	眼科	19
0206176	0	2023	18	整形外	1
0206176	0	2023	21	皮膚科	28
0206192	0	2023	32	歯口外	1
0206192	0	2023	22	泌尿器	1
0206192	0	2023	50	消化内	1
0206192	0	2023	14	消化外	1
0206192	0	2023	21	皮膚科	4
0206192	0	2023	25	耳鼻科	1
0206218	0	2023	31	リハ	1
0206218	0	2023	17	小児外	1
0206267	0	2023	07	循環内	2
0206267	0	2023	15	心血外	1
0206267	0	2023	22	泌尿器	2
0206267	0	2023	50	消化内	2
0206267	0	2023	14	消化外	1
0206267	0	2023	06	糖尿内	1
0206267	0	2023	09	脳卒中	1
0206267	0	2023	02	脳神内	1
0206283	0	2023	48	リウ膠	1
0206283	0	2023	16	乳甲外	1
0206283	0	2023	10	小児科	1
0206283	0	2023	07	循環内	8
0206283	0	2023	34	救急科	5
0206283	0	2023	22	泌尿器	1
0206283	0	2023	50	消化内	8
0206283	0	2023	21	皮膚科	1
0206283	0	2023	06	糖尿内	2
0206283	0	2023	25	耳鼻科	1
0206283	0	2023	02	脳神内	8
0206283	0	2023	20	脳神外	1
0206283	0	2023	08	腎臓内	2
0206416	0	2023	06	糖尿内	1
0206416	0	2023	02	脳神内	1
0206473	0	2023	05	呼吸内	2
0206473	0	2023	07	循環内	1
0206473	0	2023	12	心療科	1
0206473	0	2023	34	救急科	2
0206473	0	2023	50	消化内	2
0206473	0	2023	14	消化外	1
0206473	0	2023	06	糖尿内	1
0206473	0	2023	09	脳卒中	1
0206499	0	2023	15	心血外	1
0206499	0	2023	21	皮膚科	9
0206515	0	2023	12	心療科	2
0206515	0	2023	25	耳鼻科	1
0206523	0	2023	12	心療科	1
0206523	0	2023	50	消化内	1
0206531	0	2023	34	救急科	1
0206531	0	2023	18	整形外	9
0206531	0	2023	02	脳神内	1
0206580	0	2023	05	呼吸内	1
0206580	0	2023	34	救急科	1
0206580	0	2023	50	消化内	1
0206580	0	2023	36	総合診	1
0206614	0	2023	48	リウ膠	1
0206614	0	2023	15	心血外	2
0206614	0	2023	50	消化内	7
0206614	0	2023	14	消化外	2
0206614	0	2023	21	皮膚科	1
0206614	0	2023	36	総合診	2
0206614	0	2023	02	脳神内	1
0206622	0	2023	25	耳鼻科	7
0206648	0	2023	25	耳鼻科	10
0206671	0	2023	16	乳甲外	1
0206671	0	2023	05	呼吸内	1
0206671	0	2023	10	小児科	1
0206671	0	2023	07	循環内	1
0206671	0	2023	34	救急科	1
0206671	0	2023	22	泌尿器	3
0206671	0	2023	50	消化内	5
0206671	0	2023	06	糖尿内	1
0206689	0	2023	21	皮膚科	3
0206713	0	2023	07	循環内	7
0206739	0	2023	12	心療科	1
0206739	0	2023	18	整形外	1
0206739	0	2023	32	歯口外	1
0206739	0	2023	50	消化内	3
0206739	0	2023	36	総合診	1
0206739	0	2023	09	脳卒中	1
0206747	0	2023	25	耳鼻科	19
0206747	0	2023	02	脳神内	2
0206788	0	2023	16	乳甲外	1
0206788	0	2023	34	救急科	2
0206788	0	2023	22	泌尿器	1
0206788	0	2023	50	消化内	1
0206788	0	2023	14	消化外	1
0206796	0	2023	05	呼吸内	3
0206796	0	2023	07	循環内	1
0206796	0	2023	28	放診断	3
0206796	0	2023	34	救急科	2
0206796	0	2023	50	消化内	2
0206796	0	2023	36	総合診	1
0206796	0	2023	02	脳神内	1
0206796	0	2023	08	腎臓内	2
0206796	0	2023	01	血液内	1
0206804	0	2023	21	皮膚科	12
0206820	0	2023	25	耳鼻科	20
0206838	0	2023	10	小児科	1
0206853	0	2023	18	整形外	3
0206853	0	2023	09	脳卒中	1
0206861	0	2023	13	呼吸外	1
0206861	0	2023	17	小児外	1
0206861	0	2023	19	形成外	2
0206861	0	2023	07	循環内	1
0206861	0	2023	15	心血外	1
0206861	0	2023	28	放診断	39
0206861	0	2023	34	救急科	2
0206861	0	2023	18	整形外	38
0206861	0	2023	50	消化内	1
0206861	0	2023	21	皮膚科	1
0206861	0	2023	36	総合診	2
0206861	0	2023	02	脳神内	1
0206861	0	2023	20	脳神外	3
0206879	0	2023	31	リハ	1
0206879	0	2023	05	呼吸内	1
0206879	0	2023	17	小児外	6
0206879	0	2023	10	小児科	24
0206879	0	2023	28	放診断	18
0206879	0	2023	32	歯口外	1
0206879	0	2023	25	耳鼻科	47
0206879	0	2023	02	脳神内	1
0206879	0	2023	20	脳神外	1
0206887	0	2023	50	消化内	1
0206929	0	2023	25	耳鼻科	8
0206937	0	2023	19	形成外	1
0206937	0	2023	34	救急科	1
0206937	0	2023	27	臨腫瘍	1
0206952	0	2023	19	形成外	1
0206952	0	2023	07	循環内	1
0206952	0	2023	50	消化内	1
0206952	0	2023	21	皮膚科	2
0206960	0	2023	13	呼吸外	2
0206960	0	2023	07	循環内	6
0206960	0	2023	15	心血外	1
0206960	0	2023	28	放診断	2
0206960	0	2023	34	救急科	1
0206960	0	2023	18	整形外	3
0206960	0	2023	22	泌尿器	1
0206960	0	2023	50	消化内	3
0206960	0	2023	14	消化外	1
0206960	0	2023	06	糖尿内	1
0206960	0	2023	09	脳卒中	1
0206960	0	2023	02	脳神内	2
0206978	0	2023	48	リウ膠	2
0206978	0	2023	19	形成外	3
0206978	0	2023	32	歯口外	1
0206978	0	2023	21	皮膚科	4
0206978	0	2023	25	耳鼻科	29
0206978	0	2023	02	脳神内	2
0206986	0	2023	48	リウ膠	1
0206986	0	2023	05	呼吸内	1
0206986	0	2023	07	循環内	2
0206986	0	2023	15	心血外	1
0206986	0	2023	28	放診断	1
0206986	0	2023	50	消化内	1
0206986	0	2023	09	脳卒中	1
0206986	0	2023	02	脳神内	2
0206994	0	2023	15	心血外	1
0206994	0	2023	26	眼科	8
0206994	0	2023	25	耳鼻科	2
0206994	0	2023	02	脳神内	1
0207000	0	2023	07	循環内	2
0207000	0	2023	34	救急科	1
0207018	0	2023	17	小児外	1
0207018	0	2023	10	小児科	3
0207018	0	2023	19	形成外	1
0207018	0	2023	21	皮膚科	1
0207018	0	2023	25	耳鼻科	3
0207026	0	2023	48	リウ膠	1
0207026	0	2023	16	乳甲外	15
0207026	0	2023	05	呼吸内	1
0207026	0	2023	12	心療科	1
0207026	0	2023	50	消化内	6
0207026	0	2023	06	糖尿内	3
0207026	0	2023	09	脳卒中	1
0207034	0	2023	48	リウ膠	1
0207034	0	2023	05	呼吸内	1
0207034	0	2023	12	心療科	1
0207034	0	2023	28	放診断	1
0207034	0	2023	50	消化内	6
0207034	0	2023	14	消化外	2
0207034	0	2023	21	皮膚科	1
0207034	0	2023	02	脳神内	1
0207042	0	2023	12	心療科	1
0207059	0	2023	16	乳甲外	1
0207059	0	2023	43	産婦人	1
0207059	0	2023	25	耳鼻科	1
0207067	0	2023	12	心療科	2
0207083	0	2023	48	リウ膠	1
0207083	0	2023	19	形成外	1
0207083	0	2023	07	循環内	1
0207083	0	2023	12	心療科	1
0207083	0	2023	50	消化内	6
0207083	0	2023	14	消化外	1
0207083	0	2023	43	産婦人	113
0207083	0	2023	21	皮膚科	1
0207083	0	2023	06	糖尿内	1
0207083	0	2023	02	脳神内	1
0207083	0	2023	01	血液内	1
0207109	0	2023	16	乳甲外	1
0207109	0	2023	05	呼吸内	1
0207109	0	2023	07	循環内	1
0207109	0	2023	50	消化内	4
0207109	0	2023	21	皮膚科	1
0207109	0	2023	26	眼科	1
0207109	0	2023	08	腎臓内	1
0207117	0	2023	48	リウ膠	3
0207117	0	2023	07	循環内	1
0207117	0	2023	18	整形外	5
0207117	0	2023	02	脳神内	3
0207117	0	2023	37	麻酔科	1
0207125	0	2023	21	皮膚科	1
0207141	0	2023	26	眼科	1
0207141	0	2023	06	糖尿内	1
0207141	0	2023	36	総合診	1
0210012	0	2023	48	リウ膠	5
0210012	0	2023	31	リハ	2
0210012	0	2023	16	乳甲外	7
0210012	0	2023	05	呼吸内	4
0210012	0	2023	13	呼吸外	2
0210012	0	2023	17	小児外	2
0210012	0	2023	10	小児科	12
0210012	0	2023	19	形成外	9
0210012	0	2023	07	循環内	8
0210012	0	2023	12	心療科	6
0210012	0	2023	15	心血外	6
0210012	0	2023	34	救急科	8
0210012	0	2023	18	整形外	21
0210012	0	2023	32	歯口外	1
0210012	0	2023	22	泌尿器	10
0210012	0	2023	50	消化内	15
0210012	0	2023	14	消化外	16
0210012	0	2023	43	産婦人	3
0210012	0	2023	21	皮膚科	1
0210012	0	2023	26	眼科	7
0210012	0	2023	06	糖尿内	6
0210012	0	2023	36	総合診	2
0210012	0	2023	25	耳鼻科	9
0210012	0	2023	09	脳卒中	4
0210012	0	2023	02	脳神内	7
0210012	0	2023	20	脳神外	7
0210012	0	2023	08	腎臓内	4
0210012	0	2023	01	血液内	2
0210012	0	2023	37	麻酔科	1
0210042	0	2023	32	歯口外	7
0210075	0	2023	32	歯口外	2
0210086	0	2023	27	臨腫瘍	1
0210091	0	2023	32	歯口外	12
0210145	0	2023	16	乳甲外	1
0210145	0	2023	05	呼吸内	5
0210145	0	2023	13	呼吸外	2
0210145	0	2023	07	循環内	7
0210145	0	2023	15	心血外	3
0210145	0	2023	34	救急科	2
0210145	0	2023	18	整形外	22
0210145	0	2023	32	歯口外	1
0210145	0	2023	22	泌尿器	4
0210145	0	2023	50	消化内	11
0210145	0	2023	14	消化外	1
0210145	0	2023	21	皮膚科	1
0210145	0	2023	06	糖尿内	1
0210145	0	2023	36	総合診	1
0210145	0	2023	25	耳鼻科	1
0210145	0	2023	09	脳卒中	2
0210145	0	2023	02	脳神内	1
0210145	0	2023	20	脳神外	5
0210145	0	2023	08	腎臓内	3
0210145	0	2023	01	血液内	2
0210186	0	2023	48	リウ膠	2
0210186	0	2023	16	乳甲外	2
0210186	0	2023	05	呼吸内	6
0210186	0	2023	13	呼吸外	3
0210186	0	2023	17	小児外	4
0210186	0	2023	10	小児科	6
0210186	0	2023	19	形成外	27
0210186	0	2023	07	循環内	8
0210186	0	2023	12	心療科	3
0210186	0	2023	15	心血外	7
0210186	0	2023	30	放核医	1
0210186	0	2023	34	救急科	9
0210186	0	2023	18	整形外	24
0210186	0	2023	22	泌尿器	8
0210186	0	2023	50	消化内	7
0210186	0	2023	14	消化外	9
0210186	0	2023	43	産婦人	1
0210186	0	2023	21	皮膚科	11
0210186	0	2023	26	眼科	9
0210186	0	2023	06	糖尿内	2
0210186	0	2023	25	耳鼻科	8
0210186	0	2023	09	脳卒中	2
0210186	0	2023	02	脳神内	7
0210186	0	2023	20	脳神外	9
0210186	0	2023	08	腎臓内	2
0210186	0	2023	27	臨腫瘍	1
0210186	0	2023	01	血液内	5
0210190	0	2023	32	歯口外	1
0210208	0	2023	32	歯口外	2
0210210	0	2023	48	リウ膠	1
0210210	0	2023	16	乳甲外	3
0210210	0	2023	05	呼吸内	1
0210210	0	2023	13	呼吸外	1
0210210	0	2023	19	形成外	1
0210210	0	2023	07	循環内	1
0210210	0	2023	15	心血外	1
0210210	0	2023	34	救急科	1
0210210	0	2023	18	整形外	4
0210210	0	2023	50	消化内	4
0210210	0	2023	14	消化外	1
0210210	0	2023	43	産婦人	3
0210210	0	2023	21	皮膚科	2
0210210	0	2023	26	眼科	1
0210210	0	2023	36	総合診	2
0210210	0	2023	25	耳鼻科	4
0210210	0	2023	20	脳神外	1
0210232	0	2023	32	歯口外	1
0210273	0	2023	32	歯口外	14
0210281	0	2023	32	歯口外	23
0210281	0	2023	25	耳鼻科	1
0210301	0	2023	16	乳甲外	1
0210301	0	2023	07	循環内	1
0210301	0	2023	22	泌尿器	1
0210301	0	2023	50	消化内	2
0210301	0	2023	21	皮膚科	1
0210301	0	2023	09	脳卒中	1
0210301	0	2023	02	脳神内	2
0210301	0	2023	27	臨腫瘍	1
0210323	0	2023	32	歯口外	1
0210331	0	2023	32	歯口外	4
0210331	0	2023	01	血液内	1
0210349	0	2023	32	歯口外	3
0210356	0	2023	32	歯口外	14
0210364	0	2023	32	歯口外	1
0210368	0	2023	16	乳甲外	2
0210368	0	2023	18	整形外	4
0210368	0	2023	32	歯口外	1
0210368	0	2023	43	産婦人	1
0210368	0	2023	21	皮膚科	1
0210368	0	2023	26	眼科	7
0210380	0	2023	32	歯口外	4
0210406	0	2023	32	歯口外	3
0210418	0	2023	48	リウ膠	2
0210418	0	2023	16	乳甲外	1
0210418	0	2023	05	呼吸内	8
0210418	0	2023	13	呼吸外	3
0210418	0	2023	07	循環内	5
0210418	0	2023	15	心血外	1
0210418	0	2023	18	整形外	30
0210418	0	2023	22	泌尿器	3
0210418	0	2023	50	消化内	6
0210418	0	2023	14	消化外	2
0210418	0	2023	21	皮膚科	10
0210418	0	2023	26	眼科	1
0210418	0	2023	06	糖尿内	5
0210418	0	2023	36	総合診	2
0210418	0	2023	25	耳鼻科	9
0210418	0	2023	09	脳卒中	3
0210418	0	2023	02	脳神内	5
0210418	0	2023	01	血液内	1
0210463	0	2023	32	歯口外	2
0210463	0	2023	02	脳神内	2
0210489	0	2023	31	リハ	1
0210489	0	2023	32	歯口外	5
0210497	0	2023	32	歯口外	30
0210505	0	2023	32	歯口外	1
0210517	0	2023	48	リウ膠	1
0210517	0	2023	16	乳甲外	2
0210517	0	2023	05	呼吸内	2
0210517	0	2023	17	小児外	1
0210517	0	2023	10	小児科	1
0210517	0	2023	19	形成外	5
0210517	0	2023	07	循環内	4
0210517	0	2023	12	心療科	2
0210517	0	2023	15	心血外	2
0210517	0	2023	30	放核医	1
0210517	0	2023	34	救急科	2
0210517	0	2023	18	整形外	7
0210517	0	2023	32	歯口外	1
0210517	0	2023	22	泌尿器	3
0210517	0	2023	50	消化内	13
0210517	0	2023	14	消化外	9
0210517	0	2023	43	産婦人	16
0210517	0	2023	21	皮膚科	4
0210517	0	2023	26	眼科	1
0210517	0	2023	06	糖尿内	2
0210517	0	2023	25	耳鼻科	2
0210517	0	2023	09	脳卒中	3
0210517	0	2023	02	脳神内	3
0210517	0	2023	20	脳神外	2
0210517	0	2023	08	腎臓内	5
0210517	0	2023	27	臨腫瘍	1
0210517	0	2023	01	血液内	3
0210521	0	2023	32	歯口外	14
0210547	0	2023	32	歯口外	14
0210554	0	2023	25	耳鼻科	1
0210562	0	2023	32	歯口外	7
0210562	0	2023	02	脳神内	1
0210588	0	2023	32	歯口外	1
0210596	0	2023	32	歯口外	7
0210604	0	2023	32	歯口外	14
0210604	0	2023	21	皮膚科	1
0210612	0	2023	32	歯口外	7
0210620	0	2023	32	歯口外	1
0210638	0	2023	32	歯口外	1
0210640	0	2023	07	循環内	1
0210679	0	2023	32	歯口外	39
0210703	0	2023	32	歯口外	2
0210711	0	2023	32	歯口外	2
0210723	0	2023	18	整形外	1
0210723	0	2023	22	泌尿器	1
0210723	0	2023	50	消化内	2
0210723	0	2023	14	消化外	1
0210723	0	2023	21	皮膚科	19
0210723	0	2023	09	脳卒中	1
0210723	0	2023	20	脳神外	3
0210723	0	2023	08	腎臓内	1
0210723	0	2023	01	血液内	1
0210731	0	2023	32	歯口外	1
0210749	0	2023	48	リウ膠	3
0210749	0	2023	16	乳甲外	8
0210749	0	2023	05	呼吸内	3
0210749	0	2023	10	小児科	8
0210749	0	2023	07	循環内	4
0210749	0	2023	12	心療科	3
0210749	0	2023	30	放核医	1
0210749	0	2023	34	救急科	5
0210749	0	2023	18	整形外	15
0210749	0	2023	32	歯口外	1
0210749	0	2023	22	泌尿器	5
0210749	0	2023	50	消化内	10
0210749	0	2023	14	消化外	2
0210749	0	2023	43	産婦人	9
0210749	0	2023	21	皮膚科	5
0210749	0	2023	26	眼科	19
0210749	0	2023	06	糖尿内	3
0210749	0	2023	25	耳鼻科	11
0210749	0	2023	09	脳卒中	5
0210749	0	2023	02	脳神内	8
0210749	0	2023	20	脳神外	2
0210749	0	2023	08	腎臓内	4
0210749	0	2023	27	臨腫瘍	1
0210749	0	2023	01	血液内	3
0210756	0	2023	48	リウ膠	2
0210756	0	2023	16	乳甲外	1
0210756	0	2023	07	循環内	1
0210756	0	2023	15	心血外	1
0210756	0	2023	29	放治療	8
0210756	0	2023	34	救急科	1
0210756	0	2023	18	整形外	17
0210756	0	2023	32	歯口外	1
0210756	0	2023	22	泌尿器	2
0210756	0	2023	43	産婦人	2
0210756	0	2023	25	耳鼻科	1
0210756	0	2023	02	脳神内	2
0210756	0	2023	08	腎臓内	2
0210756	0	2023	01	血液内	7
0210814	0	2023	07	循環内	1
0210814	0	2023	21	皮膚科	4
0210814	0	2023	26	眼科	1
0210814	0	2023	25	耳鼻科	1
0210822	0	2023	16	乳甲外	21
0210822	0	2023	05	呼吸内	2
0210822	0	2023	13	呼吸外	12
0210822	0	2023	17	小児外	1
0210822	0	2023	19	形成外	64
0210822	0	2023	07	循環内	26
0210822	0	2023	12	心療科	1
0210822	0	2023	15	心血外	13
0210822	0	2023	29	放治療	1
0210822	0	2023	28	放診断	1
0210822	0	2023	34	救急科	5
0210822	0	2023	18	整形外	35
0210822	0	2023	32	歯口外	1
0210822	0	2023	22	泌尿器	4
0210822	0	2023	50	消化内	29
0210822	0	2023	14	消化外	16
0210822	0	2023	43	産婦人	6
0210822	0	2023	21	皮膚科	12
0210822	0	2023	26	眼科	3
0210822	0	2023	06	糖尿内	3
0210822	0	2023	36	総合診	1
0210822	0	2023	25	耳鼻科	17
0210822	0	2023	09	脳卒中	18
0210822	0	2023	02	脳神内	15
0210822	0	2023	20	脳神外	10
0210822	0	2023	08	腎臓内	4
0210822	0	2023	01	血液内	4
0210848	0	2023	19	形成外	1
0210848	0	2023	26	眼科	6
0210848	0	2023	01	血液内	1
0210855	0	2023	48	リウ膠	1
0210855	0	2023	05	呼吸内	2
0210855	0	2023	12	心療科	1
0210855	0	2023	34	救急科	2
0210855	0	2023	50	消化内	2
0210855	0	2023	02	脳神内	1
0210863	0	2023	19	形成外	1
0210863	0	2023	07	循環内	4
0210863	0	2023	12	心療科	1
0210863	0	2023	15	心血外	7
0210863	0	2023	30	放核医	5
0210863	0	2023	28	放診断	2
0210863	0	2023	34	救急科	1
0210863	0	2023	32	歯口外	2
0210863	0	2023	22	泌尿器	2
0210863	0	2023	50	消化内	30
0210863	0	2023	14	消化外	4
0210863	0	2023	43	産婦人	5
0210863	0	2023	21	皮膚科	2
0210863	0	2023	36	総合診	3
0210863	0	2023	25	耳鼻科	1
0210863	0	2023	08	腎臓内	3
0210863	0	2023	27	臨腫瘍	2
0210863	0	2023	01	血液内	2
0210863	0	2023	37	麻酔科	1
0210897	0	2023	18	整形外	4
0210897	0	2023	14	消化外	1
0210897	0	2023	06	糖尿内	1
0210897	0	2023	02	脳神内	3
0210921	0	2023	48	リウ膠	1
0210921	0	2023	05	呼吸内	1
0210921	0	2023	07	循環内	1
0210921	0	2023	18	整形外	1
0210921	0	2023	22	泌尿器	1
0210921	0	2023	50	消化内	3
0210921	0	2023	43	産婦人	1
0210921	0	2023	21	皮膚科	1
0210921	0	2023	26	眼科	2
0210921	0	2023	06	糖尿内	1
0210921	0	2023	25	耳鼻科	1
0210921	0	2023	01	血液内	1
0210939	0	2023	05	呼吸内	1
0210939	0	2023	22	泌尿器	1
0210939	0	2023	50	消化内	2
0210939	0	2023	02	脳神内	1
0210954	0	2023	12	心療科	1
0210962	0	2023	48	リウ膠	1
0210962	0	2023	05	呼吸内	2
0210962	0	2023	10	小児科	1
0210962	0	2023	15	心血外	1
0210962	0	2023	30	放核医	1
0210962	0	2023	22	泌尿器	1
0210962	0	2023	50	消化内	6
0210962	0	2023	14	消化外	6
0210962	0	2023	43	産婦人	1
0210962	0	2023	21	皮膚科	2
0210962	0	2023	36	総合診	3
0210962	0	2023	25	耳鼻科	2
0210962	0	2023	27	臨腫瘍	4
0210988	0	2023	12	心療科	1
0210996	0	2023	28	放診断	1
0210996	0	2023	34	救急科	1
0210996	0	2023	18	整形外	18
0211002	0	2023	15	心血外	1
0211002	0	2023	36	総合診	1
0211028	0	2023	05	呼吸内	1
0211028	0	2023	28	放診断	2
0211028	0	2023	25	耳鼻科	1
0211051	0	2023	43	産婦人	1
0211143	0	2023	13	呼吸外	1
0211143	0	2023	21	皮膚科	1
0211143	0	2023	08	腎臓内	1
0211150	0	2023	16	乳甲外	1
0211150	0	2023	05	呼吸内	1
0211150	0	2023	10	小児科	1
0211150	0	2023	28	放診断	1
0211150	0	2023	18	整形外	1
0211150	0	2023	32	歯口外	1
0211150	0	2023	21	皮膚科	1
0211150	0	2023	06	糖尿内	1
0211150	0	2023	25	耳鼻科	1
0211184	0	2023	16	乳甲外	1
0211184	0	2023	17	小児外	3
0211184	0	2023	10	小児科	18
0211184	0	2023	19	形成外	1
0211184	0	2023	26	眼科	1
0211184	0	2023	25	耳鼻科	5
0211192	0	2023	12	心療科	1
0211192	0	2023	15	心血外	1
0211218	0	2023	05	呼吸内	1
0211218	0	2023	22	泌尿器	1
0211218	0	2023	50	消化内	1
0211218	0	2023	37	麻酔科	1
0211234	0	2023	22	泌尿器	1
0211242	0	2023	48	リウ膠	1
0211242	0	2023	21	皮膚科	1
0211242	0	2023	02	脳神内	1
0211259	0	2023	19	形成外	1
0211259	0	2023	18	整形外	2
0211259	0	2023	50	消化内	2
0211259	0	2023	14	消化外	1
0211259	0	2023	02	脳神内	1
0211259	0	2023	20	脳神外	1
0211267	0	2023	26	眼科	5
0211283	0	2023	12	心療科	1
0211283	0	2023	50	消化内	3
0211291	0	2023	26	眼科	1
0211325	0	2023	05	呼吸内	1
0211325	0	2023	14	消化外	1
0211325	0	2023	09	脳卒中	1
0211333	0	2023	19	形成外	1
0211333	0	2023	21	皮膚科	1
0211358	0	2023	32	歯口外	1
0211416	0	2023	05	呼吸内	1
0211416	0	2023	07	循環内	1
0211416	0	2023	15	心血外	1
0211416	0	2023	21	皮膚科	1
0211424	0	2023	25	耳鼻科	18
0211440	0	2023	18	整形外	1
0211465	0	2023	31	リハ	1
0211465	0	2023	15	心血外	2
0211465	0	2023	06	糖尿内	1
0211465	0	2023	02	脳神内	6
0211465	0	2023	20	脳神外	3
0211473	0	2023	18	整形外	4
0211473	0	2023	02	脳神内	1
0211481	0	2023	48	リウ膠	1
0211481	0	2023	31	リハ	2
0211481	0	2023	16	乳甲外	2
0211481	0	2023	05	呼吸内	8
0211481	0	2023	13	呼吸外	1
0211481	0	2023	10	小児科	1
0211481	0	2023	19	形成外	6
0211481	0	2023	07	循環内	3
0211481	0	2023	12	心療科	4
0211481	0	2023	15	心血外	2
0211481	0	2023	29	放治療	1
0211481	0	2023	28	放診断	80
0211481	0	2023	34	救急科	4
0211481	0	2023	18	整形外	14
0211481	0	2023	22	泌尿器	5
0211481	0	2023	50	消化内	17
0211481	0	2023	14	消化外	4
0211481	0	2023	43	産婦人	1
0211481	0	2023	21	皮膚科	5
0211481	0	2023	06	糖尿内	3
0211481	0	2023	25	耳鼻科	3
0211481	0	2023	02	脳神内	4
0211481	0	2023	20	脳神外	1
0211481	0	2023	08	腎臓内	3
0211481	0	2023	01	血液内	2
0211481	0	2023	37	麻酔科	1
0211499	0	2023	10	小児科	3
0211499	0	2023	18	整形外	1
0211499	0	2023	50	消化内	2
0211499	0	2023	36	総合診	1
0211499	0	2023	25	耳鼻科	8
0211499	0	2023	02	脳神内	1
0211499	0	2023	08	腎臓内	10
0211515	0	2023	07	循環内	1
0211515	0	2023	22	泌尿器	1
0211515	0	2023	50	消化内	1
0211515	0	2023	08	腎臓内	1
0211523	0	2023	48	リウ膠	1
0211523	0	2023	02	脳神内	2
0211531	0	2023	10	小児科	1
0211537	0	2023	50	消化内	1
0211537	0	2023	43	産婦人	2
0211564	0	2023	13	呼吸外	1
0211606	0	2023	19	形成外	2
0211606	0	2023	22	泌尿器	1
0211606	0	2023	26	眼科	24
0211606	0	2023	06	糖尿内	1
0211630	0	2023	32	歯口外	1
0211630	0	2023	21	皮膚科	1
0211630	0	2023	36	総合診	3
0211648	0	2023	16	乳甲外	1
0211648	0	2023	25	耳鼻科	5
0211655	0	2023	18	整形外	1
0211655	0	2023	21	皮膚科	1
0211671	0	2023	05	呼吸内	1
0211671	0	2023	07	循環内	1
0211671	0	2023	15	心血外	1
0211671	0	2023	34	救急科	1
0211671	0	2023	18	整形外	1
0211671	0	2023	02	脳神内	3
0211671	0	2023	20	脳神外	2
0211697	0	2023	05	呼吸内	1
0211697	0	2023	12	心療科	1
0211697	0	2023	34	救急科	1
0211697	0	2023	22	泌尿器	2
0211697	0	2023	43	産婦人	1
0211713	0	2023	22	泌尿器	1
0211721	0	2023	05	呼吸内	1
0211721	0	2023	22	泌尿器	1
0211721	0	2023	50	消化内	1
0211739	0	2023	48	リウ膠	1
0211739	0	2023	16	乳甲外	2
0211739	0	2023	05	呼吸内	6
0211739	0	2023	07	循環内	11
0211739	0	2023	12	心療科	3
0211739	0	2023	15	心血外	1
0211739	0	2023	28	放診断	29
0211739	0	2023	34	救急科	6
0211739	0	2023	18	整形外	2
0211739	0	2023	50	消化内	19
0211739	0	2023	14	消化外	1
0211739	0	2023	43	産婦人	1
0211739	0	2023	21	皮膚科	2
0211739	0	2023	06	糖尿内	4
0211739	0	2023	25	耳鼻科	3
0211739	0	2023	09	脳卒中	1
0211739	0	2023	02	脳神内	15
0211739	0	2023	20	脳神外	2
0211739	0	2023	08	腎臓内	1
0211739	0	2023	37	麻酔科	2
0211754	0	2023	21	皮膚科	7
0211762	0	2023	17	小児外	1
0211762	0	2023	01	血液内	1
0211770	0	2023	05	呼吸内	1
0211770	0	2023	09	脳卒中	1
0211788	0	2023	16	乳甲外	1
0211788	0	2023	05	呼吸内	3
0211788	0	2023	12	心療科	3
0211788	0	2023	21	皮膚科	1
0211788	0	2023	36	総合診	1
0211788	0	2023	20	脳神外	1
0211804	0	2023	43	産婦人	1
0211812	0	2023	19	形成外	1
0211812	0	2023	34	救急科	2
0211812	0	2023	18	整形外	1
0211812	0	2023	14	消化外	2
0211812	0	2023	21	皮膚科	1
0211812	0	2023	02	脳神内	1
0211812	0	2023	20	脳神外	1
0211853	0	2023	05	呼吸内	2
0211853	0	2023	13	呼吸外	1
0211853	0	2023	10	小児科	2
0211853	0	2023	07	循環内	1
0211853	0	2023	22	泌尿器	2
0211853	0	2023	50	消化内	16
0211853	0	2023	14	消化外	2
0211853	0	2023	25	耳鼻科	1
0211853	0	2023	02	脳神内	1
0211853	0	2023	01	血液内	1
0211861	0	2023	25	耳鼻科	10
0211861	0	2023	01	血液内	1
0211887	0	2023	31	リハ	1
0211887	0	2023	17	小児外	2
0211887	0	2023	10	小児科	10
0211887	0	2023	25	耳鼻科	1
0211911	0	2023	17	小児外	3
0211911	0	2023	10	小児科	10
0211911	0	2023	18	整形外	2
0211937	0	2023	16	乳甲外	1
0211937	0	2023	10	小児科	3
0211952	0	2023	18	整形外	5
0211960	0	2023	18	整形外	1
0211960	0	2023	50	消化内	1
0211960	0	2023	02	脳神内	2
0211978	0	2023	18	整形外	1
0211978	0	2023	02	脳神内	1
0211986	0	2023	25	耳鼻科	2
0211986	0	2023	20	脳神外	1
0211994	0	2023	16	乳甲外	1
0211994	0	2023	18	整形外	1
0212000	0	2023	15	心血外	1
0212000	0	2023	02	脳神内	1
0212018	0	2023	25	耳鼻科	6
0212026	0	2023	19	形成外	1
0212026	0	2023	12	心療科	1
0212026	0	2023	28	放診断	3
0212026	0	2023	26	眼科	51
0212026	0	2023	09	脳卒中	1
0212026	0	2023	02	脳神内	1
0212026	0	2023	20	脳神外	1
0212026	0	2023	37	麻酔科	2
0212034	0	2023	31	リハ	1
0212034	0	2023	17	小児外	2
0212034	0	2023	43	産婦人	1
0212042	0	2023	43	産婦人	8
0212059	0	2023	12	心療科	1
0212125	0	2023	12	心療科	1
0212125	0	2023	06	糖尿内	1
0212133	0	2023	07	循環内	2
0212133	0	2023	06	糖尿内	1
0212158	0	2023	31	リハ	2
0212158	0	2023	05	呼吸内	1
0212158	0	2023	07	循環内	1
0212158	0	2023	28	放診断	1
0212158	0	2023	18	整形外	6
0212158	0	2023	50	消化内	1
0212158	0	2023	06	糖尿内	2
0212158	0	2023	20	脳神外	1
0212166	0	2023	16	乳甲外	1
0212166	0	2023	10	小児科	2
0212166	0	2023	18	整形外	1
0212166	0	2023	14	消化外	1
0212166	0	2023	43	産婦人	1
0212166	0	2023	21	皮膚科	1
0212166	0	2023	36	総合診	1
0212166	0	2023	02	脳神内	1
0212174	0	2023	17	小児外	1
0212174	0	2023	19	形成外	1
0212174	0	2023	18	整形外	1
0212182	0	2023	12	心療科	1
0212182	0	2023	18	整形外	1
0212182	0	2023	22	泌尿器	1
0212182	0	2023	02	脳神内	1
0212182	0	2023	01	血液内	1
0212208	0	2023	17	小児外	1
0212208	0	2023	15	心血外	1
0212208	0	2023	18	整形外	1
0212208	0	2023	50	消化内	3
0212208	0	2023	14	消化外	1
0212208	0	2023	21	皮膚科	1
0212208	0	2023	06	糖尿内	1
0212208	0	2023	36	総合診	1
0212216	0	2023	12	心療科	1
0212216	0	2023	50	消化内	1
0212216	0	2023	43	産婦人	1
0212224	0	2023	16	乳甲外	2
0212224	0	2023	05	呼吸内	2
0212224	0	2023	07	循環内	4
0212224	0	2023	15	心血外	1
0212224	0	2023	34	救急科	2
0212224	0	2023	18	整形外	3
0212224	0	2023	22	泌尿器	2
0212224	0	2023	50	消化内	3
0212224	0	2023	43	産婦人	1
0212224	0	2023	06	糖尿内	1
0212224	0	2023	02	脳神内	1
0212224	0	2023	08	腎臓内	30
0212224	0	2023	01	血液内	2
0212240	0	2023	16	乳甲外	1
0212240	0	2023	15	心血外	1
0212240	0	2023	08	腎臓内	1
0212257	0	2023	29	放治療	1
0212257	0	2023	06	糖尿内	1
0212265	0	2023	07	循環内	1
0212265	0	2023	21	皮膚科	1
0212299	0	2023	16	乳甲外	1
0212299	0	2023	05	呼吸内	4
0212299	0	2023	13	呼吸外	1
0212299	0	2023	07	循環内	8
0212299	0	2023	34	救急科	2
0212299	0	2023	18	整形外	5
0212299	0	2023	32	歯口外	1
0212299	0	2023	22	泌尿器	2
0212299	0	2023	50	消化内	22
0212299	0	2023	14	消化外	4
0212299	0	2023	21	皮膚科	2
0212299	0	2023	26	眼科	1
0212299	0	2023	06	糖尿内	2
0212299	0	2023	36	総合診	5
0212299	0	2023	25	耳鼻科	2
0212299	0	2023	09	脳卒中	1
0212299	0	2023	02	脳神内	10
0212299	0	2023	08	腎臓内	2
0212307	0	2023	36	総合診	1
0212323	0	2023	10	小児科	1
0212323	0	2023	18	整形外	1
0212331	0	2023	10	小児科	1
0212331	0	2023	18	整形外	1
0212331	0	2023	02	脳神内	1
0212364	0	2023	48	リウ膠	1
0212364	0	2023	18	整形外	1
0212364	0	2023	43	産婦人	1
0212364	0	2023	21	皮膚科	4
0212372	0	2023	13	呼吸外	1
0212372	0	2023	18	整形外	1
0212372	0	2023	32	歯口外	1
0212372	0	2023	50	消化内	4
0212372	0	2023	26	眼科	2
0212372	0	2023	06	糖尿内	2
0212372	0	2023	25	耳鼻科	1
0212372	0	2023	09	脳卒中	2
0212372	0	2023	02	脳神内	2
0212372	0	2023	01	血液内	1
0212380	0	2023	16	乳甲外	1
0212380	0	2023	34	救急科	2
0212380	0	2023	18	整形外	3
0212380	0	2023	50	消化内	2
0212380	0	2023	02	脳神内	2
0212380	0	2023	08	腎臓内	5
0212398	0	2023	48	リウ膠	1
0212398	0	2023	05	呼吸内	2
0212398	0	2023	10	小児科	2
0212398	0	2023	19	形成外	1
0212398	0	2023	18	整形外	5
0212398	0	2023	43	産婦人	1
0212398	0	2023	20	脳神外	1
0212406	0	2023	18	整形外	3
0212414	0	2023	18	整形外	2
0212414	0	2023	02	脳神内	2
0212422	0	2023	05	呼吸内	1
0212422	0	2023	32	歯口外	1
0212422	0	2023	50	消化内	3
0212422	0	2023	26	眼科	1
0212422	0	2023	06	糖尿内	1
0212422	0	2023	08	腎臓内	1
0212430	0	2023	16	乳甲外	1
0212430	0	2023	05	呼吸内	2
0212430	0	2023	10	小児科	5
0212430	0	2023	07	循環内	1
0212430	0	2023	12	心療科	1
0212430	0	2023	15	心血外	1
0212430	0	2023	28	放診断	1
0212430	0	2023	18	整形外	4
0212430	0	2023	32	歯口外	1
0212430	0	2023	50	消化内	1
0212430	0	2023	21	皮膚科	7
0212430	0	2023	06	糖尿内	4
0212430	0	2023	36	総合診	4
0212430	0	2023	25	耳鼻科	6
0212430	0	2023	02	脳神内	8
0212430	0	2023	20	脳神外	1
0212430	0	2023	08	腎臓内	1
0212430	0	2023	01	血液内	2
0212447	0	2023	18	整形外	1
0212448	0	2023	16	乳甲外	1
0212448	0	2023	05	呼吸内	1
0212448	0	2023	13	呼吸外	1
0212448	0	2023	07	循環内	2
0212448	0	2023	18	整形外	1
0212448	0	2023	50	消化内	1
0212448	0	2023	06	糖尿内	1
0212455	0	2023	19	形成外	1
0212455	0	2023	28	放診断	1
0212455	0	2023	18	整形外	6
0212463	0	2023	28	放診断	1
0212463	0	2023	34	救急科	1
0212463	0	2023	25	耳鼻科	7
0212463	0	2023	09	脳卒中	1
0212469	0	2023	16	乳甲外	16
0212469	0	2023	19	形成外	3
0212469	0	2023	12	心療科	1
0212471	0	2023	18	整形外	1
0212471	0	2023	50	消化内	2
0212471	0	2023	21	皮膚科	1
0212471	0	2023	36	総合診	1
0212471	0	2023	25	耳鼻科	1
0212471	0	2023	01	血液内	1
0212489	0	2023	32	歯口外	3
0212489	0	2023	25	耳鼻科	15
0212513	0	2023	19	形成外	3
0212547	0	2023	12	心療科	2
0212547	0	2023	43	産婦人	1
0212554	0	2023	48	リウ膠	4
0212554	0	2023	16	乳甲外	12
0212554	0	2023	17	小児外	2
0212554	0	2023	10	小児科	2
0212554	0	2023	19	形成外	6
0212554	0	2023	07	循環内	1
0212554	0	2023	12	心療科	7
0212554	0	2023	15	心血外	5
0212554	0	2023	30	放核医	3
0212554	0	2023	28	放診断	1
0212554	0	2023	18	整形外	13
0212554	0	2023	32	歯口外	1
0212554	0	2023	50	消化内	4
0212554	0	2023	14	消化外	3
0212554	0	2023	43	産婦人	2
0212554	0	2023	21	皮膚科	4
0212554	0	2023	06	糖尿内	1
0212554	0	2023	36	総合診	3
0212554	0	2023	25	耳鼻科	1
0212554	0	2023	09	脳卒中	1
0212554	0	2023	02	脳神内	18
0212554	0	2023	20	脳神外	1
0212554	0	2023	08	腎臓内	10
0212554	0	2023	27	臨腫瘍	2
0212554	0	2023	01	血液内	3
0212562	0	2023	18	整形外	1
0212562	0	2023	21	皮膚科	1
0212570	0	2023	16	乳甲外	5
0212570	0	2023	17	小児外	2
0212570	0	2023	10	小児科	8
0212570	0	2023	19	形成外	6
0212570	0	2023	18	整形外	1
0212570	0	2023	43	産婦人	80
0212570	0	2023	36	総合診	1
0212570	0	2023	25	耳鼻科	1
0212570	0	2023	02	脳神内	1
0212588	0	2023	26	眼科	9
0212596	0	2023	06	糖尿内	1
0212596	0	2023	25	耳鼻科	6
0212596	0	2023	02	脳神内	1
0212596	0	2023	01	血液内	1
0212604	0	2023	18	整形外	1
0212612	0	2023	12	心療科	1
0212612	0	2023	06	糖尿内	1
0212620	0	2023	07	循環内	1
0212620	0	2023	26	眼科	4
0212646	0	2023	31	リハ	1
0212653	0	2023	34	救急科	1
0212653	0	2023	18	整形外	6
0212661	0	2023	16	乳甲外	5
0212661	0	2023	05	呼吸内	2
0212661	0	2023	15	心血外	1
0212661	0	2023	18	整形外	7
0212661	0	2023	22	泌尿器	1
0212661	0	2023	21	皮膚科	1
0212661	0	2023	26	眼科	2
0212661	0	2023	06	糖尿内	6
0212661	0	2023	36	総合診	4
0212661	0	2023	09	脳卒中	1
0212661	0	2023	08	腎臓内	13
0212687	0	2023	19	形成外	4
0212687	0	2023	18	整形外	1
0212695	0	2023	19	形成外	2
0212695	0	2023	18	整形外	8
0212695	0	2023	02	脳神内	2
0212703	0	2023	48	リウ膠	1
0212703	0	2023	12	心療科	1
0212703	0	2023	34	救急科	1
0212703	0	2023	32	歯口外	1
0212703	0	2023	22	泌尿器	2
0212703	0	2023	50	消化内	1
0212703	0	2023	14	消化外	2
0212703	0	2023	21	皮膚科	1
0212703	0	2023	02	脳神内	2
0212711	0	2023	19	形成外	1
0212711	0	2023	07	循環内	1
0212711	0	2023	12	心療科	11
0212711	0	2023	34	救急科	4
0212711	0	2023	18	整形外	3
0212711	0	2023	50	消化内	2
0212711	0	2023	14	消化外	1
0212711	0	2023	43	産婦人	1
0212711	0	2023	02	脳神内	2
0212711	0	2023	20	脳神外	1
0212711	0	2023	01	血液内	1
0212737	0	2023	10	小児科	1
0212737	0	2023	50	消化内	1
0212752	0	2023	08	腎臓内	1
0212778	0	2023	26	眼科	5
0212786	0	2023	12	心療科	6
0212786	0	2023	02	脳神内	1
0212794	0	2023	48	リウ膠	1
0212794	0	2023	05	呼吸内	2
0212794	0	2023	50	消化内	2
0212794	0	2023	21	皮膚科	1
0212794	0	2023	36	総合診	1
0212802	0	2023	10	小児科	1
0212810	0	2023	19	形成外	2
0212810	0	2023	15	心血外	1
0212810	0	2023	18	整形外	2
0212810	0	2023	20	脳神外	2
0212828	0	2023	05	呼吸内	4
0212828	0	2023	18	整形外	3
0212828	0	2023	50	消化内	4
0212828	0	2023	21	皮膚科	1
0212844	0	2023	19	形成外	2
0212844	0	2023	07	循環内	2
0212844	0	2023	12	心療科	1
0212844	0	2023	15	心血外	1
0212844	0	2023	22	泌尿器	1
0212844	0	2023	14	消化外	1
0212851	0	2023	31	リハ	1
0212851	0	2023	36	総合診	1
0212851	0	2023	25	耳鼻科	1
0212851	0	2023	02	脳神内	1
0212885	0	2023	48	リウ膠	1
0212885	0	2023	16	乳甲外	2
0212885	0	2023	05	呼吸内	5
0212885	0	2023	07	循環内	16
0212885	0	2023	15	心血外	1
0212885	0	2023	34	救急科	1
0212885	0	2023	18	整形外	8
0212885	0	2023	50	消化内	23
0212885	0	2023	14	消化外	2
0212885	0	2023	43	産婦人	1
0212885	0	2023	21	皮膚科	1
0212885	0	2023	06	糖尿内	8
0212885	0	2023	36	総合診	2
0212885	0	2023	25	耳鼻科	3
0212885	0	2023	09	脳卒中	1
0212885	0	2023	02	脳神内	6
0212885	0	2023	20	脳神外	1
0212885	0	2023	08	腎臓内	1
0212927	0	2023	48	リウ膠	7
0212927	0	2023	16	乳甲外	7
0212927	0	2023	05	呼吸内	11
0212927	0	2023	13	呼吸外	1
0212927	0	2023	19	形成外	3
0212927	0	2023	07	循環内	20
0212927	0	2023	12	心療科	4
0212927	0	2023	15	心血外	2
0212927	0	2023	30	放核医	3
0212927	0	2023	29	放治療	1
0212927	0	2023	28	放診断	60
0212927	0	2023	34	救急科	2
0212927	0	2023	18	整形外	18
0212927	0	2023	32	歯口外	1
0212927	0	2023	22	泌尿器	18
0212927	0	2023	50	消化内	27
0212927	0	2023	14	消化外	11
0212927	0	2023	43	産婦人	1
0212927	0	2023	21	皮膚科	11
0212927	0	2023	26	眼科	5
0212927	0	2023	06	糖尿内	12
0212927	0	2023	36	総合診	2
0212927	0	2023	25	耳鼻科	8
0212927	0	2023	09	脳卒中	3
0212927	0	2023	02	脳神内	15
0212927	0	2023	20	脳神外	2
0212927	0	2023	08	腎臓内	4
0212927	0	2023	01	血液内	4
0212927	0	2023	37	麻酔科	5
0212935	0	2023	07	循環内	1
0212943	0	2023	10	小児科	1
0212943	0	2023	07	循環内	3
0212943	0	2023	15	心血外	1
0212943	0	2023	34	救急科	2
0212943	0	2023	50	消化内	1
0212943	0	2023	09	脳卒中	1
0212943	0	2023	02	脳神内	3
0212968	0	2023	48	リウ膠	1
0212968	0	2023	31	リハ	6
0212968	0	2023	16	乳甲外	1
0212968	0	2023	05	呼吸内	1
0212968	0	2023	10	小児科	1
0212968	0	2023	19	形成外	1
0212968	0	2023	07	循環内	5
0212968	0	2023	15	心血外	2
0212968	0	2023	28	放診断	61
0212968	0	2023	18	整形外	34
0212968	0	2023	22	泌尿器	1
0212968	0	2023	50	消化内	6
0212968	0	2023	21	皮膚科	1
0212968	0	2023	36	総合診	3
0212968	0	2023	25	耳鼻科	1
0212968	0	2023	09	脳卒中	3
0212968	0	2023	02	脳神内	12
0212968	0	2023	20	脳神外	1
0212976	0	2023	10	小児科	1
0212976	0	2023	19	形成外	1
0212976	0	2023	18	整形外	2
0212976	0	2023	43	産婦人	16
0212984	0	2023	48	リウ膠	2
0212984	0	2023	16	乳甲外	2
0212984	0	2023	05	呼吸内	1
0212984	0	2023	19	形成外	1
0212984	0	2023	07	循環内	4
0212984	0	2023	15	心血外	2
0212984	0	2023	18	整形外	2
0212984	0	2023	22	泌尿器	4
0212984	0	2023	50	消化内	2
0212984	0	2023	21	皮膚科	3
0212984	0	2023	25	耳鼻科	1
0212984	0	2023	02	脳神内	3
0212984	0	2023	08	腎臓内	1
0212984	0	2023	27	臨腫瘍	1
0212984	0	2023	01	血液内	1
0212992	0	2023	19	形成外	1
0212992	0	2023	26	眼科	6
0213008	0	2023	16	乳甲外	2
0213008	0	2023	05	呼吸内	4
0213008	0	2023	10	小児科	1
0213008	0	2023	07	循環内	1
0213008	0	2023	15	心血外	1
0213008	0	2023	50	消化内	3
0213008	0	2023	14	消化外	2
0213008	0	2023	26	眼科	5
0213008	0	2023	20	脳神外	1
0213016	0	2023	25	耳鼻科	1
0213016	0	2023	02	脳神内	1
0213016	0	2023	20	脳神外	2
0213032	0	2023	18	整形外	1
0213032	0	2023	02	脳神内	1
0213040	0	2023	48	リウ膠	4
0213040	0	2023	31	リハ	2
0213040	0	2023	16	乳甲外	3
0213040	0	2023	05	呼吸内	9
0213040	0	2023	13	呼吸外	3
0213040	0	2023	17	小児外	1
0213040	0	2023	19	形成外	2
0213040	0	2023	07	循環内	13
0213040	0	2023	15	心血外	15
0213040	0	2023	34	救急科	3
0213040	0	2023	18	整形外	31
0213040	0	2023	32	歯口外	1
0213040	0	2023	22	泌尿器	3
0213040	0	2023	50	消化内	11
0213040	0	2023	14	消化外	7
0213040	0	2023	21	皮膚科	16
0213040	0	2023	26	眼科	10
0213040	0	2023	06	糖尿内	1
0213040	0	2023	25	耳鼻科	5
0213040	0	2023	09	脳卒中	5
0213040	0	2023	02	脳神内	4
0213040	0	2023	20	脳神外	2
0213040	0	2023	08	腎臓内	35
0213040	0	2023	01	血液内	10
0213057	0	2023	25	耳鼻科	13
0213065	0	2023	48	リウ膠	2
0213065	0	2023	31	リハ	3
0213065	0	2023	16	乳甲外	1
0213065	0	2023	05	呼吸内	12
0213065	0	2023	13	呼吸外	3
0213065	0	2023	19	形成外	16
0213065	0	2023	07	循環内	5
0213065	0	2023	15	心血外	5
0213065	0	2023	30	放核医	1
0213065	0	2023	34	救急科	3
0213065	0	2023	18	整形外	56
0213065	0	2023	32	歯口外	3
0213065	0	2023	22	泌尿器	19
0213065	0	2023	50	消化内	7
0213065	0	2023	14	消化外	1
0213065	0	2023	21	皮膚科	14
0213065	0	2023	06	糖尿内	5
0213065	0	2023	25	耳鼻科	2
0213065	0	2023	02	脳神内	7
0213065	0	2023	20	脳神外	14
0213065	0	2023	08	腎臓内	3
0213065	0	2023	27	臨腫瘍	1
0213065	0	2023	01	血液内	4
0213065	0	2023	37	麻酔科	1
0213073	0	2023	48	リウ膠	3
0213073	0	2023	19	形成外	11
0213073	0	2023	26	眼科	27
0213073	0	2023	09	脳卒中	1
0213073	0	2023	02	脳神内	1
0213073	0	2023	20	脳神外	1
0213081	0	2023	19	形成外	1
0213099	0	2023	13	呼吸外	1
0213099	0	2023	07	循環内	2
0213099	0	2023	12	心療科	1
0213099	0	2023	15	心血外	3
0213099	0	2023	34	救急科	1
0213099	0	2023	18	整形外	2
0213099	0	2023	50	消化内	1
0213099	0	2023	06	糖尿内	1
0213099	0	2023	25	耳鼻科	1
0213099	0	2023	09	脳卒中	1
0213099	0	2023	02	脳神内	1
0213115	0	2023	21	皮膚科	7
0213123	0	2023	31	リハ	1
0213123	0	2023	16	乳甲外	1
0213123	0	2023	05	呼吸内	4
0213123	0	2023	07	循環内	5
0213123	0	2023	15	心血外	1
0213123	0	2023	18	整形外	2
0213123	0	2023	22	泌尿器	1
0213123	0	2023	50	消化内	2
0213123	0	2023	26	眼科	1
0213123	0	2023	25	耳鼻科	1
0213123	0	2023	09	脳卒中	1
0213123	0	2023	02	脳神内	2
0213123	0	2023	08	腎臓内	13
0213123	0	2023	01	血液内	2
0213131	0	2023	13	呼吸外	1
0213131	0	2023	12	心療科	1
0213131	0	2023	34	救急科	1
0213131	0	2023	50	消化内	3
0213131	0	2023	25	耳鼻科	1
0213131	0	2023	02	脳神内	2
0213164	0	2023	48	リウ膠	8
0213164	0	2023	16	乳甲外	1
0213164	0	2023	05	呼吸内	2
0213164	0	2023	13	呼吸外	1
0213164	0	2023	19	形成外	3
0213164	0	2023	07	循環内	17
0213164	0	2023	15	心血外	6
0213164	0	2023	34	救急科	1
0213164	0	2023	18	整形外	12
0213164	0	2023	22	泌尿器	1
0213164	0	2023	50	消化内	4
0213164	0	2023	14	消化外	4
0213164	0	2023	21	皮膚科	7
0213164	0	2023	26	眼科	1
0213164	0	2023	06	糖尿内	4
0213164	0	2023	25	耳鼻科	3
0213164	0	2023	09	脳卒中	1
0213164	0	2023	02	脳神内	3
0213164	0	2023	20	脳神外	4
0213164	0	2023	08	腎臓内	23
0213164	0	2023	01	血液内	3
0213172	0	2023	19	形成外	1
0213172	0	2023	50	消化内	1
0213172	0	2023	21	皮膚科	53
0213172	0	2023	36	総合診	1
0213172	0	2023	37	麻酔科	1
0213198	0	2023	05	呼吸内	1
0213198	0	2023	12	心療科	1
0213198	0	2023	22	泌尿器	1
0213214	0	2023	18	整形外	3
0213214	0	2023	50	消化内	1
0213214	0	2023	09	脳卒中	1
0213214	0	2023	20	脳神外	2
0213222	0	2023	15	心血外	1
0213222	0	2023	21	皮膚科	77
0213222	0	2023	08	腎臓内	1
0213230	0	2023	10	小児科	1
0213230	0	2023	12	心療科	4
0213248	0	2023	31	リハ	11
0213248	0	2023	16	乳甲外	3
0213248	0	2023	05	呼吸内	2
0213248	0	2023	13	呼吸外	2
0213248	0	2023	17	小児外	1
0213248	0	2023	19	形成外	7
0213248	0	2023	07	循環内	4
0213248	0	2023	12	心療科	2
0213248	0	2023	15	心血外	15
0213248	0	2023	30	放核医	1
0213248	0	2023	34	救急科	5
0213248	0	2023	18	整形外	51
0213248	0	2023	32	歯口外	24
0213248	0	2023	22	泌尿器	3
0213248	0	2023	50	消化内	11
0213248	0	2023	14	消化外	12
0213248	0	2023	43	産婦人	1
0213248	0	2023	21	皮膚科	6
0213248	0	2023	26	眼科	1
0213248	0	2023	06	糖尿内	5
0213248	0	2023	36	総合診	1
0213248	0	2023	09	脳卒中	1
0213248	0	2023	02	脳神内	7
0213248	0	2023	20	脳神外	1
0213248	0	2023	08	腎臓内	2
0213248	0	2023	01	血液内	5
0213255	0	2023	07	循環内	4
0213255	0	2023	12	心療科	1
0213255	0	2023	34	救急科	1
0213255	0	2023	22	泌尿器	4
0213255	0	2023	50	消化内	7
0213255	0	2023	06	糖尿内	2
0213255	0	2023	25	耳鼻科	1
0213255	0	2023	02	脳神内	2
0213255	0	2023	08	腎臓内	5
0213255	0	2023	01	血液内	1
0213263	0	2023	48	リウ膠	4
0213263	0	2023	16	乳甲外	6
0213263	0	2023	05	呼吸内	1
0213263	0	2023	10	小児科	1
0213263	0	2023	07	循環内	3
0213263	0	2023	15	心血外	2
0213263	0	2023	18	整形外	8
0213263	0	2023	22	泌尿器	1
0213263	0	2023	14	消化外	1
0213263	0	2023	21	皮膚科	9
0213263	0	2023	26	眼科	1
0213263	0	2023	25	耳鼻科	4
0213263	0	2023	09	脳卒中	1
0213263	0	2023	02	脳神内	3
0213263	0	2023	20	脳神外	9
0213263	0	2023	08	腎臓内	2
0213263	0	2023	27	臨腫瘍	1
0213263	0	2023	01	血液内	1
0213271	0	2023	18	整形外	2
0213271	0	2023	50	消化内	2
0213289	0	2023	16	乳甲外	1
0213289	0	2023	17	小児外	1
0213289	0	2023	19	形成外	1
0213289	0	2023	12	心療科	1
0213289	0	2023	18	整形外	1
0213289	0	2023	43	産婦人	11
0213289	0	2023	21	皮膚科	1
0213289	0	2023	06	糖尿内	1
0213305	0	2023	25	耳鼻科	4
0213313	0	2023	15	心血外	1
0213313	0	2023	26	眼科	1
0213321	0	2023	17	小児外	1
0213339	0	2023	21	皮膚科	1
0213347	0	2023	48	リウ膠	1
0213347	0	2023	16	乳甲外	1
0213347	0	2023	50	消化内	4
0213347	0	2023	14	消化外	2
0213347	0	2023	43	産婦人	1
0213354	0	2023	26	眼科	1
0213362	0	2023	48	リウ膠	1
0213362	0	2023	16	乳甲外	6
0213362	0	2023	13	呼吸外	1
0213362	0	2023	18	整形外	3
0213362	0	2023	22	泌尿器	2
0213362	0	2023	50	消化内	5
0213362	0	2023	43	産婦人	3
0213362	0	2023	26	眼科	2
0213370	0	2023	12	心療科	2
0213370	0	2023	06	糖尿内	1
0213370	0	2023	02	脳神内	2
0213370	0	2023	08	腎臓内	1
0213388	0	2023	19	形成外	49
0213388	0	2023	21	皮膚科	17
0213396	0	2023	17	小児外	1
0213396	0	2023	10	小児科	2
0213396	0	2023	21	皮膚科	1
0213404	0	2023	16	乳甲外	8
0213404	0	2023	05	呼吸内	2
0213404	0	2023	13	呼吸外	2
0213404	0	2023	07	循環内	1
0213404	0	2023	22	泌尿器	1
0213404	0	2023	50	消化内	6
0213404	0	2023	21	皮膚科	1
0213404	0	2023	25	耳鼻科	1
0213404	0	2023	01	血液内	1
0213412	0	2023	12	心療科	1
0213412	0	2023	25	耳鼻科	1
0213412	0	2023	02	脳神内	6
0213412	0	2023	01	血液内	1
0213420	0	2023	26	眼科	14
0213438	0	2023	26	眼科	3
0213446	0	2023	17	小児外	2
0213446	0	2023	10	小児科	1
0213446	0	2023	22	泌尿器	46
0213446	0	2023	50	消化内	1
0213446	0	2023	43	産婦人	1
0213446	0	2023	26	眼科	1
0213446	0	2023	36	総合診	1
0213446	0	2023	02	脳神内	1
0213446	0	2023	08	腎臓内	2
0213446	0	2023	01	血液内	2
0213529	0	2023	26	眼科	3
0214559	0	2023	50	消化内	1
0217487	0	2023	48	リウ膠	1
0222412	0	2023	36	総合診	1
0223600	0	2023	02	脳神内	1
0235998	0	2023	32	歯口外	1
0301423	0	2023	02	脳神内	2
0301563	0	2023	26	眼科	1
0301613	0	2023	05	呼吸内	1
0301613	0	2023	07	循環内	1
0301647	0	2023	19	形成外	1
0301647	0	2023	18	整形外	5
0301688	0	2023	06	糖尿内	1
0301704	0	2023	26	眼科	2
0301753	0	2023	26	眼科	1
0301878	0	2023	21	皮膚科	2
0301886	0	2023	21	皮膚科	1
0301928	0	2023	18	整形外	1
0301944	0	2023	19	形成外	2
0301985	0	2023	26	眼科	5
0302017	0	2023	26	眼科	3
0302025	0	2023	12	心療科	1
0310051	0	2023	05	呼吸内	1
0310051	0	2023	13	呼吸外	1
0310051	0	2023	15	心血外	3
0310051	0	2023	21	皮膚科	1
0310051	0	2023	02	脳神内	1
0310051	0	2023	20	脳神外	1
0310051	0	2023	08	腎臓内	8
0310127	0	2023	02	脳神内	2
0310176	0	2023	48	リウ膠	3
0310176	0	2023	16	乳甲外	1
0310176	0	2023	05	呼吸内	1
0310176	0	2023	15	心血外	1
0310176	0	2023	18	整形外	5
0310176	0	2023	32	歯口外	1
0310176	0	2023	50	消化内	1
0310176	0	2023	14	消化外	1
0310242	0	2023	19	形成外	13
0310242	0	2023	18	整形外	1
0310242	0	2023	32	歯口外	1
0310242	0	2023	01	血液内	4
0310366	0	2023	16	乳甲外	1
0310366	0	2023	25	耳鼻科	35
0310374	0	2023	14	消化外	1
0310382	0	2023	22	泌尿器	1
0310440	0	2023	16	乳甲外	1
0310440	0	2023	50	消化内	1
0310465	0	2023	26	眼科	1
0310481	0	2023	06	糖尿内	1
0310507	0	2023	27	臨腫瘍	1
0310531	0	2023	31	リハ	1
0310531	0	2023	16	乳甲外	4
0310531	0	2023	13	呼吸外	1
0310531	0	2023	19	形成外	4
0310531	0	2023	07	循環内	1
0310531	0	2023	15	心血外	1
0310531	0	2023	34	救急科	2
0310531	0	2023	18	整形外	6
0310531	0	2023	22	泌尿器	1
0310531	0	2023	50	消化内	3
0310531	0	2023	14	消化外	4
0310531	0	2023	26	眼科	3
0310531	0	2023	36	総合診	1
0310531	0	2023	25	耳鼻科	4
0310531	0	2023	20	脳神外	1
0310556	0	2023	10	小児科	1
0310564	0	2023	01	血液内	1
0310606	0	2023	19	形成外	5
0310606	0	2023	15	心血外	1
0310606	0	2023	21	皮膚科	1
0310614	0	2023	34	救急科	1
0310614	0	2023	18	整形外	2
0310622	0	2023	28	放診断	1
0310648	0	2023	22	泌尿器	1
0310648	0	2023	08	腎臓内	1
0310663	0	2023	48	リウ膠	1
0310663	0	2023	31	リハ	1
0310663	0	2023	15	心血外	1
0310663	0	2023	34	救急科	1
0310663	0	2023	18	整形外	3
0310663	0	2023	32	歯口外	1
0310663	0	2023	22	泌尿器	1
0310663	0	2023	14	消化外	1
0310663	0	2023	21	皮膚科	3
0310663	0	2023	26	眼科	1
0310663	0	2023	25	耳鼻科	2
0310663	0	2023	02	脳神内	1
0310689	0	2023	16	乳甲外	1
0310739	0	2023	48	リウ膠	1
0310762	0	2023	21	皮膚科	1
0310770	0	2023	48	リウ膠	2
0310770	0	2023	16	乳甲外	4
0310770	0	2023	13	呼吸外	6
0310770	0	2023	07	循環内	1
0310770	0	2023	15	心血外	2
0310770	0	2023	22	泌尿器	1
0310770	0	2023	50	消化内	12
0310770	0	2023	14	消化外	1
0310770	0	2023	02	脳神内	1
0310788	0	2023	02	脳神内	1
0310796	0	2023	50	消化内	1
0310804	0	2023	13	呼吸外	1
0310804	0	2023	06	糖尿内	2
0310804	0	2023	01	血液内	2
0310820	0	2023	05	呼吸内	1
0310820	0	2023	13	呼吸外	2
0310820	0	2023	07	循環内	1
0310820	0	2023	18	整形外	1
0310820	0	2023	50	消化内	1
0310820	0	2023	08	腎臓内	2
0310820	0	2023	27	臨腫瘍	2
0310846	0	2023	17	小児外	1
0310846	0	2023	18	整形外	3
0310846	0	2023	21	皮膚科	3
0310846	0	2023	02	脳神内	1
0310846	0	2023	01	血液内	1
0310861	0	2023	16	乳甲外	1
0310861	0	2023	15	心血外	1
0310861	0	2023	09	脳卒中	1
0310887	0	2023	50	消化内	1
0310895	0	2023	16	乳甲外	2
0310895	0	2023	43	産婦人	4
0400619	0	2023	32	歯口外	2
0400969	0	2023	18	整形外	1
0400969	0	2023	50	消化内	1
0400999	0	2023	32	歯口外	1
0401173	0	2023	26	眼科	9
0401249	0	2023	25	耳鼻科	1
0401348	0	2023	21	皮膚科	2
0401397	0	2023	32	歯口外	1
0401397	0	2023	50	消化内	1
0401397	0	2023	21	皮膚科	1
0401454	0	2023	21	皮膚科	2
0401470	0	2023	10	小児科	1
0401470	0	2023	28	放診断	1
0401470	0	2023	18	整形外	1
0410018	0	2023	20	脳神外	1
0410125	0	2023	18	整形外	1
0410125	0	2023	08	腎臓内	1
0410141	0	2023	25	耳鼻科	4
0410158	0	2023	34	救急科	1
0410158	0	2023	18	整形外	1
0410182	0	2023	05	呼吸内	1
0410182	0	2023	21	皮膚科	2
0410182	0	2023	08	腎臓内	1
0410299	0	2023	25	耳鼻科	2
0410331	0	2023	43	産婦人	1
0410372	0	2023	26	眼科	3
0410398	0	2023	02	脳神内	1
0410406	0	2023	07	循環内	1
0410406	0	2023	15	心血外	1
0410406	0	2023	18	整形外	4
0410406	0	2023	50	消化内	1
0410414	0	2023	12	心療科	1
0410497	0	2023	22	泌尿器	2
0410547	0	2023	07	循環内	7
0410547	0	2023	15	心血外	1
0410547	0	2023	09	脳卒中	1
0410547	0	2023	08	腎臓内	26
0410554	0	2023	07	循環内	1
0410554	0	2023	28	放診断	1
0410554	0	2023	18	整形外	2
0410554	0	2023	36	総合診	1
0410620	0	2023	50	消化内	1
0500376	0	2023	32	歯口外	3
0500517	0	2023	32	歯口外	1
0500608	0	2023	32	歯口外	3
0500772	0	2023	32	歯口外	3
0501022	0	2023	13	呼吸外	1
0501063	0	2023	05	呼吸内	1
0501063	0	2023	50	消化内	2
0501063	0	2023	14	消化外	1
0501162	0	2023	10	小児科	2
0501204	0	2023	50	消化内	1
0510045	0	2023	32	歯口外	10
0510052	0	2023	32	歯口外	2
0510064	0	2023	16	乳甲外	1
0510064	0	2023	12	心療科	5
0510064	0	2023	32	歯口外	1
0510064	0	2023	50	消化内	1
0510098	0	2023	48	リウ膠	6
0510098	0	2023	16	乳甲外	15
0510098	0	2023	05	呼吸内	3
0510098	0	2023	13	呼吸外	4
0510098	0	2023	17	小児外	6
0510098	0	2023	10	小児科	21
0510098	0	2023	19	形成外	2
0510098	0	2023	07	循環内	10
0510098	0	2023	15	心血外	16
0510098	0	2023	30	放核医	2
0510098	0	2023	29	放治療	1
0510098	0	2023	28	放診断	1
0510098	0	2023	34	救急科	1
0510098	0	2023	18	整形外	21
0510098	0	2023	22	泌尿器	15
0510098	0	2023	50	消化内	16
0510098	0	2023	14	消化外	18
0510098	0	2023	43	産婦人	2
0510098	0	2023	21	皮膚科	5
0510098	0	2023	26	眼科	5
0510098	0	2023	06	糖尿内	3
0510098	0	2023	36	総合診	1
0510098	0	2023	25	耳鼻科	7
0510098	0	2023	02	脳神内	1
0510098	0	2023	20	脳神外	18
0510098	0	2023	08	腎臓内	5
0510098	0	2023	01	血液内	14
0510221	0	2023	19	形成外	1
0510221	0	2023	18	整形外	3
0510221	0	2023	50	消化内	1
0510221	0	2023	21	皮膚科	3
0510221	0	2023	02	脳神内	1
0510221	0	2023	08	腎臓内	1
0510247	0	2023	05	呼吸内	1
0510247	0	2023	02	脳神内	7
0510247	0	2023	20	脳神外	2
0510270	0	2023	18	整形外	3
0510270	0	2023	01	血液内	1
0510288	0	2023	48	リウ膠	1
0510288	0	2023	32	歯口外	1
0510288	0	2023	25	耳鼻科	4
0510288	0	2023	01	血液内	1
0510304	0	2023	19	形成外	1
0510304	0	2023	18	整形外	1
0510304	0	2023	43	産婦人	9
0510379	0	2023	12	心療科	1
0510379	0	2023	18	整形外	3
0510379	0	2023	22	泌尿器	1
0510379	0	2023	14	消化外	1
0510379	0	2023	06	糖尿内	1
0510379	0	2023	36	総合診	2
0510379	0	2023	02	脳神内	2
0510379	0	2023	20	脳神外	2
0510387	0	2023	01	血液内	1
0510411	0	2023	16	乳甲外	1
0510411	0	2023	19	形成外	1
0510411	0	2023	25	耳鼻科	6
0510437	0	2023	19	形成外	1
0510437	0	2023	26	眼科	8
0510437	0	2023	02	脳神内	1
0510437	0	2023	20	脳神外	1
0510452	0	2023	48	リウ膠	1
0510452	0	2023	05	呼吸内	1
0510452	0	2023	07	循環内	3
0510452	0	2023	15	心血外	1
0510452	0	2023	43	産婦人	1
0510460	0	2023	26	眼科	5
0513414	0	2023	20	脳神外	1
0700240	0	2023	32	歯口外	1
0700372	0	2023	32	歯口外	1
0700430	0	2023	32	歯口外	1
0700475	0	2023	19	形成外	2
0700475	0	2023	50	消化内	1
0700475	0	2023	26	眼科	27
0700483	0	2023	12	心療科	2
0700483	0	2023	06	糖尿内	3
0700491	0	2023	22	泌尿器	2
0700491	0	2023	06	糖尿内	1
0710037	0	2023	13	呼吸外	1
0710037	0	2023	07	循環内	3
0710037	0	2023	15	心血外	1
0710037	0	2023	18	整形外	3
0710037	0	2023	08	腎臓内	5
0710045	0	2023	15	心血外	1
0710052	0	2023	18	整形外	3
0710052	0	2023	02	脳神内	1
0710086	0	2023	48	リウ膠	1
0710086	0	2023	10	小児科	11
0710086	0	2023	19	形成外	1
0710086	0	2023	34	救急科	1
0710086	0	2023	18	整形外	9
0710086	0	2023	50	消化内	1
0710086	0	2023	43	産婦人	2
0710086	0	2023	21	皮膚科	1
0710086	0	2023	36	総合診	1
0710086	0	2023	02	脳神内	3
0710102	0	2023	26	眼科	2
0710128	0	2023	15	心血外	7
0710128	0	2023	34	救急科	1
0710128	0	2023	18	整形外	21
0710128	0	2023	32	歯口外	1
0710128	0	2023	22	泌尿器	1
0710128	0	2023	50	消化内	5
0710128	0	2023	14	消化外	3
0710128	0	2023	21	皮膚科	2
0710128	0	2023	25	耳鼻科	4
0710128	0	2023	01	血液内	1
0710136	0	2023	13	呼吸外	1
0710136	0	2023	17	小児外	1
0710136	0	2023	34	救急科	2
0710136	0	2023	18	整形外	6
0710136	0	2023	21	皮膚科	3
0710136	0	2023	25	耳鼻科	3
0710136	0	2023	02	脳神内	1
0710136	0	2023	08	腎臓内	1
0710136	0	2023	27	臨腫瘍	2
0710151	0	2023	05	呼吸内	1
0710151	0	2023	07	循環内	1
0710151	0	2023	06	糖尿内	1
0710185	0	2023	48	リウ膠	1
0710185	0	2023	07	循環内	2
0710185	0	2023	15	心血外	9
0710185	0	2023	18	整形外	1
0710185	0	2023	50	消化内	1
0710185	0	2023	09	脳卒中	1
0710185	0	2023	08	腎臓内	8
0710185	0	2023	01	血液内	1
0710193	0	2023	14	消化外	2
0710193	0	2023	06	糖尿内	1
0710193	0	2023	08	腎臓内	1
0800305	0	2023	32	歯口外	8
0800305	0	2023	21	皮膚科	1
0800420	0	2023	32	歯口外	6
0800479	0	2023	32	歯口外	1
0800487	0	2023	32	歯口外	1
0800529	0	2023	07	循環内	1
0800529	0	2023	32	歯口外	8
0800529	0	2023	25	耳鼻科	2
0800578	0	2023	32	歯口外	2
0800594	0	2023	16	乳甲外	1
0800594	0	2023	32	歯口外	5
0800602	0	2023	32	歯口外	1
0800610	0	2023	32	歯口外	12
0800628	0	2023	32	歯口外	4
0800636	0	2023	32	歯口外	3
0800644	0	2023	32	歯口外	1
0800651	0	2023	32	歯口外	22
0800669	0	2023	32	歯口外	1
0800705	0	2023	50	消化内	1
0800853	0	2023	48	リウ膠	1
0800853	0	2023	16	乳甲外	4
0800853	0	2023	05	呼吸内	1
0800853	0	2023	10	小児科	2
0800853	0	2023	12	心療科	1
0800853	0	2023	34	救急科	3
0800853	0	2023	18	整形外	2
0800853	0	2023	50	消化内	2
0800853	0	2023	14	消化外	1
0800853	0	2023	43	産婦人	2
0800853	0	2023	36	総合診	1
0800853	0	2023	25	耳鼻科	1
0800887	0	2023	19	形成外	33
0800887	0	2023	15	心血外	4
0800887	0	2023	21	皮膚科	41
0800937	0	2023	05	呼吸内	1
0800937	0	2023	14	消化外	1
0800937	0	2023	21	皮膚科	1
0800978	0	2023	12	心療科	3
0800978	0	2023	02	脳神内	1
0800986	0	2023	48	リウ膠	6
0800986	0	2023	16	乳甲外	1
0800986	0	2023	05	呼吸内	2
0800986	0	2023	19	形成外	1
0800986	0	2023	07	循環内	4
0800986	0	2023	28	放診断	5
0800986	0	2023	34	救急科	2
0800986	0	2023	18	整形外	55
0800986	0	2023	32	歯口外	1
0800986	0	2023	50	消化内	3
0800986	0	2023	14	消化外	1
0800986	0	2023	06	糖尿内	1
0800986	0	2023	36	総合診	1
0800986	0	2023	09	脳卒中	1
0800986	0	2023	02	脳神内	6
0800986	0	2023	20	脳神外	2
0800986	0	2023	01	血液内	1
0800986	0	2023	37	麻酔科	2
0810015	0	2023	34	救急科	1
0810015	0	2023	32	歯口外	3
0810019	0	2023	05	呼吸内	4
0810019	0	2023	07	循環内	4
0810019	0	2023	15	心血外	2
0810019	0	2023	34	救急科	5
0810019	0	2023	18	整形外	19
0810019	0	2023	32	歯口外	1
0810019	0	2023	22	泌尿器	1
0810019	0	2023	50	消化内	6
0810019	0	2023	14	消化外	1
0810019	0	2023	43	産婦人	2
0810019	0	2023	21	皮膚科	6
0810019	0	2023	06	糖尿内	1
0810019	0	2023	36	総合診	2
0810019	0	2023	25	耳鼻科	2
0810019	0	2023	09	脳卒中	2
0810019	0	2023	02	脳神内	3
0810019	0	2023	20	脳神外	3
0810019	0	2023	01	血液内	1
0810035	0	2023	48	リウ膠	2
0810035	0	2023	16	乳甲外	4
0810035	0	2023	05	呼吸内	9
0810035	0	2023	13	呼吸外	2
0810035	0	2023	07	循環内	13
0810035	0	2023	15	心血外	4
0810035	0	2023	28	放診断	1
0810035	0	2023	34	救急科	2
0810035	0	2023	18	整形外	26
0810035	0	2023	22	泌尿器	1
0810035	0	2023	50	消化内	19
0810035	0	2023	14	消化外	3
0810035	0	2023	06	糖尿内	6
0810035	0	2023	36	総合診	1
0810035	0	2023	25	耳鼻科	3
0810035	0	2023	09	脳卒中	2
0810035	0	2023	02	脳神内	10
0810035	0	2023	20	脳神外	7
0810035	0	2023	08	腎臓内	2
0810049	0	2023	32	歯口外	4
0810050	0	2023	48	リウ膠	1
0810050	0	2023	16	乳甲外	2
0810050	0	2023	05	呼吸内	1
0810050	0	2023	13	呼吸外	1
0810050	0	2023	19	形成外	1
0810050	0	2023	07	循環内	3
0810050	0	2023	12	心療科	1
0810050	0	2023	18	整形外	7
0810050	0	2023	22	泌尿器	1
0810050	0	2023	50	消化内	1
0810050	0	2023	14	消化外	3
0810050	0	2023	21	皮膚科	1
0810050	0	2023	25	耳鼻科	2
0810050	0	2023	02	脳神内	4
0810050	0	2023	01	血液内	1
0810056	0	2023	32	歯口外	2
0810064	0	2023	32	歯口外	6
0810080	0	2023	32	歯口外	19
0810100	0	2023	16	乳甲外	3
0810100	0	2023	05	呼吸内	7
0810100	0	2023	19	形成外	6
0810100	0	2023	07	循環内	19
0810100	0	2023	12	心療科	1
0810100	0	2023	15	心血外	6
0810100	0	2023	18	整形外	6
0810100	0	2023	22	泌尿器	7
0810100	0	2023	50	消化内	7
0810100	0	2023	14	消化外	1
0810100	0	2023	43	産婦人	5
0810100	0	2023	21	皮膚科	3
0810100	0	2023	06	糖尿内	2
0810100	0	2023	09	脳卒中	1
0810100	0	2023	02	脳神内	10
0810100	0	2023	20	脳神外	1
0810100	0	2023	08	腎臓内	26
0810100	0	2023	01	血液内	3
0810100	0	2023	37	麻酔科	1
0810126	0	2023	15	心血外	1
0810159	0	2023	16	乳甲外	1
0810159	0	2023	07	循環内	1
0810159	0	2023	15	心血外	1
0810159	0	2023	34	救急科	2
0810159	0	2023	50	消化内	9
0810159	0	2023	14	消化外	3
0810159	0	2023	43	産婦人	1
0810159	0	2023	21	皮膚科	4
0810159	0	2023	06	糖尿内	2
0810159	0	2023	36	総合診	1
0810159	0	2023	25	耳鼻科	1
0810159	0	2023	09	脳卒中	4
0810159	0	2023	02	脳神内	1
0810159	0	2023	01	血液内	1
0810175	0	2023	05	呼吸内	1
0810175	0	2023	07	循環内	8
0810175	0	2023	15	心血外	2
0810175	0	2023	32	歯口外	1
0810175	0	2023	22	泌尿器	1
0810175	0	2023	50	消化内	1
0810175	0	2023	14	消化外	2
0810175	0	2023	26	眼科	1
0810175	0	2023	36	総合診	5
0810175	0	2023	02	脳神内	2
0810175	0	2023	08	腎臓内	1
0810183	0	2023	16	乳甲外	1
0810183	0	2023	10	小児科	1
0810183	0	2023	07	循環内	3
0810183	0	2023	18	整形外	2
0810183	0	2023	50	消化内	5
0810183	0	2023	21	皮膚科	1
0810183	0	2023	06	糖尿内	1
0810183	0	2023	02	脳神内	2
0810183	0	2023	20	脳神外	1
0810183	0	2023	08	腎臓内	1
0810191	0	2023	48	リウ膠	1
0810191	0	2023	16	乳甲外	1
0810191	0	2023	05	呼吸内	2
0810191	0	2023	07	循環内	10
0810191	0	2023	15	心血外	2
0810191	0	2023	18	整形外	15
0810191	0	2023	50	消化内	11
0810191	0	2023	14	消化外	4
0810191	0	2023	21	皮膚科	1
0810191	0	2023	06	糖尿内	2
0810191	0	2023	36	総合診	1
0810191	0	2023	02	脳神内	3
0810209	0	2023	48	リウ膠	1
0810209	0	2023	16	乳甲外	1
0810209	0	2023	07	循環内	2
0810209	0	2023	18	整形外	7
0810209	0	2023	32	歯口外	3
0810209	0	2023	22	泌尿器	2
0810209	0	2023	50	消化内	12
0810209	0	2023	14	消化外	1
0810209	0	2023	21	皮膚科	1
0810209	0	2023	06	糖尿内	2
0810209	0	2023	25	耳鼻科	2
0810209	0	2023	02	脳神内	3
0810209	0	2023	20	脳神外	1
0810209	0	2023	08	腎臓内	1
0810209	0	2023	01	血液内	1
0810225	0	2023	05	呼吸内	1
0810225	0	2023	10	小児科	10
0810225	0	2023	15	心血外	1
0810225	0	2023	18	整形外	3
0810225	0	2023	50	消化内	1
0810225	0	2023	26	眼科	1
0810225	0	2023	02	脳神内	1
0810225	0	2023	20	脳神外	1
0810233	0	2023	10	小児科	3
0810233	0	2023	43	産婦人	15
0810241	0	2023	05	呼吸内	2
0810241	0	2023	10	小児科	4
0810241	0	2023	07	循環内	2
0810241	0	2023	15	心血外	1
0810241	0	2023	34	救急科	1
0810241	0	2023	18	整形外	1
0810241	0	2023	50	消化内	3
0810241	0	2023	06	糖尿内	1
0810241	0	2023	02	脳神内	1
0810266	0	2023	15	心血外	3
0810266	0	2023	21	皮膚科	67
0810266	0	2023	37	麻酔科	1
0810282	0	2023	05	呼吸内	2
0810282	0	2023	13	呼吸外	1
0810282	0	2023	07	循環内	5
0810282	0	2023	15	心血外	1
0810282	0	2023	28	放診断	2
0810282	0	2023	50	消化内	1
0810282	0	2023	14	消化外	2
0810282	0	2023	25	耳鼻科	1
0810282	0	2023	09	脳卒中	1
0810282	0	2023	02	脳神内	1
0810316	0	2023	19	形成外	1
0810316	0	2023	28	放診断	2
0810316	0	2023	26	眼科	34
0810316	0	2023	25	耳鼻科	1
0810316	0	2023	02	脳神内	1
0810324	0	2023	05	呼吸内	1
0810324	0	2023	07	循環内	1
0810324	0	2023	32	歯口外	1
0810324	0	2023	26	眼科	80
0810324	0	2023	02	脳神内	1
0810324	0	2023	20	脳神外	1
0810324	0	2023	37	麻酔科	1
0810357	0	2023	32	歯口外	1
0810357	0	2023	25	耳鼻科	8
0810365	0	2023	48	リウ膠	1
0810365	0	2023	17	小児外	1
0810365	0	2023	19	形成外	1
0810365	0	2023	28	放診断	8
0810365	0	2023	18	整形外	27
0810365	0	2023	32	歯口外	1
0810365	0	2023	36	総合診	1
0810365	0	2023	02	脳神内	1
0810399	0	2023	48	リウ膠	1
0810399	0	2023	34	救急科	1
0810399	0	2023	18	整形外	1
0810415	0	2023	48	リウ膠	1
0810415	0	2023	05	呼吸内	1
0810415	0	2023	07	循環内	2
0810415	0	2023	12	心療科	1
0810415	0	2023	28	放診断	1
0810415	0	2023	50	消化内	9
0810415	0	2023	14	消化外	2
0810415	0	2023	43	産婦人	1
0810415	0	2023	06	糖尿内	1
0810415	0	2023	02	脳神内	1
0810423	0	2023	48	リウ膠	1
0810423	0	2023	16	乳甲外	6
0810423	0	2023	19	形成外	1
0810423	0	2023	07	循環内	2
0810423	0	2023	12	心療科	5
0810423	0	2023	28	放診断	3
0810423	0	2023	18	整形外	1
0810423	0	2023	50	消化内	5
0810423	0	2023	43	産婦人	1
0810423	0	2023	21	皮膚科	2
0810423	0	2023	06	糖尿内	4
0810423	0	2023	25	耳鼻科	3
0810423	0	2023	09	脳卒中	1
0810423	0	2023	02	脳神内	2
0810423	0	2023	20	脳神外	1
0810423	0	2023	08	腎臓内	1
0810431	0	2023	05	呼吸内	1
0810431	0	2023	17	小児外	4
0810431	0	2023	10	小児科	18
0810431	0	2023	50	消化内	1
0810456	0	2023	10	小児科	1
0810456	0	2023	12	心療科	1
0810456	0	2023	25	耳鼻科	22
0810464	0	2023	16	乳甲外	1
0810464	0	2023	05	呼吸内	2
0810464	0	2023	07	循環内	5
0810464	0	2023	14	消化外	1
0810464	0	2023	06	糖尿内	2
0810464	0	2023	02	脳神内	1
0810464	0	2023	20	脳神外	1
0810472	0	2023	17	小児外	3
0810472	0	2023	10	小児科	33
0810472	0	2023	50	消化内	1
0810472	0	2023	43	産婦人	1
0810480	0	2023	10	小児科	1
0810480	0	2023	28	放診断	1
0810480	0	2023	18	整形外	1
0810480	0	2023	02	脳神内	1
0810498	0	2023	31	リハ	1
0810498	0	2023	05	呼吸内	3
0810498	0	2023	19	形成外	3
0810498	0	2023	07	循環内	5
0810498	0	2023	12	心療科	1
0810498	0	2023	15	心血外	2
0810498	0	2023	28	放診断	2
0810498	0	2023	34	救急科	2
0810498	0	2023	18	整形外	2
0810498	0	2023	50	消化内	3
0810498	0	2023	14	消化外	2
0810498	0	2023	26	眼科	1
0810498	0	2023	06	糖尿内	2
0810498	0	2023	25	耳鼻科	1
0810498	0	2023	02	脳神内	7
0810498	0	2023	20	脳神外	2
0810498	0	2023	08	腎臓内	1
0810498	0	2023	01	血液内	2
0810506	0	2023	05	呼吸内	1
0810506	0	2023	32	歯口外	1
0810506	0	2023	25	耳鼻科	31
0810514	0	2023	05	呼吸内	5
0810514	0	2023	28	放診断	9
0810514	0	2023	22	泌尿器	20
0810514	0	2023	14	消化外	1
0810514	0	2023	06	糖尿内	1
0810514	0	2023	25	耳鼻科	4
0810522	0	2023	07	循環内	2
0810522	0	2023	15	心血外	2
0810522	0	2023	22	泌尿器	2
0810522	0	2023	50	消化内	1
0810522	0	2023	08	腎臓内	12
0900162	0	2023	32	歯口外	2
0900246	0	2023	32	歯口外	1
0900279	0	2023	19	形成外	1
0900455	0	2023	25	耳鼻科	1
0910013	0	2023	32	歯口外	11
0910021	0	2023	32	歯口外	1
0910074	0	2023	48	リウ膠	1
0910074	0	2023	16	乳甲外	2
0910074	0	2023	05	呼吸内	2
0910074	0	2023	13	呼吸外	5
0910074	0	2023	19	形成外	3
0910074	0	2023	07	循環内	13
0910074	0	2023	12	心療科	1
0910074	0	2023	15	心血外	10
0910074	0	2023	30	放核医	2
0910074	0	2023	34	救急科	5
0910074	0	2023	18	整形外	9
0910074	0	2023	22	泌尿器	5
0910074	0	2023	50	消化内	59
0910074	0	2023	14	消化外	7
0910074	0	2023	43	産婦人	1
0910074	0	2023	21	皮膚科	3
0910074	0	2023	26	眼科	4
0910074	0	2023	06	糖尿内	6
0910074	0	2023	25	耳鼻科	25
0910074	0	2023	09	脳卒中	1
0910074	0	2023	02	脳神内	7
0910074	0	2023	20	脳神外	2
0910074	0	2023	08	腎臓内	38
0910074	0	2023	27	臨腫瘍	2
0910074	0	2023	01	血液内	3
0910074	0	2023	37	麻酔科	2
0910082	0	2023	12	心療科	10
0910082	0	2023	25	耳鼻科	1
0910173	0	2023	18	整形外	9
0910173	0	2023	50	消化内	1
0910173	0	2023	08	腎臓内	1
0910199	0	2023	31	リハ	1
0910199	0	2023	16	乳甲外	1
0910199	0	2023	05	呼吸内	5
0910199	0	2023	19	形成外	5
0910199	0	2023	15	心血外	5
0910199	0	2023	34	救急科	1
0910199	0	2023	18	整形外	9
0910199	0	2023	32	歯口外	3
0910199	0	2023	22	泌尿器	21
0910199	0	2023	50	消化内	7
0910199	0	2023	14	消化外	5
0910199	0	2023	43	産婦人	1
0910199	0	2023	21	皮膚科	2
0910199	0	2023	26	眼科	1
0910199	0	2023	36	総合診	2
0910199	0	2023	02	脳神内	3
0910199	0	2023	08	腎臓内	2
0910207	0	2023	48	リウ膠	1
0910207	0	2023	07	循環内	3
0910207	0	2023	50	消化内	1
0910207	0	2023	21	皮膚科	1
0910207	0	2023	06	糖尿内	1
0910207	0	2023	25	耳鼻科	1
0910207	0	2023	08	腎臓内	1
0910214	0	2023	48	リウ膠	2
0910215	0	2023	05	呼吸内	2
0910215	0	2023	10	小児科	2
0910215	0	2023	07	循環内	3
0910215	0	2023	12	心療科	2
0910215	0	2023	15	心血外	1
0910215	0	2023	18	整形外	1
0910215	0	2023	50	消化内	5
0910215	0	2023	43	産婦人	1
0910215	0	2023	36	総合診	2
0910215	0	2023	25	耳鼻科	2
0910215	0	2023	02	脳神内	1
0910215	0	2023	20	脳神外	2
0910249	0	2023	32	歯口外	1
0910249	0	2023	21	皮膚科	1
0910249	0	2023	36	総合診	1
0910249	0	2023	02	脳神内	1
0910249	0	2023	20	脳神外	1
0910264	0	2023	48	リウ膠	2
0910264	0	2023	07	循環内	1
0910264	0	2023	18	整形外	8
0910264	0	2023	21	皮膚科	2
0910280	0	2023	16	乳甲外	6
0910280	0	2023	50	消化内	1
0910280	0	2023	43	産婦人	4
0910280	0	2023	36	総合診	1
0910306	0	2023	19	形成外	1
0910306	0	2023	26	眼科	58
0910306	0	2023	02	脳神内	1
0910560	0	2023	48	リウ膠	1
0910560	0	2023	02	脳神内	1
0911063	0	2023	30	放核医	1
0911063	0	2023	36	総合診	1
0911063	0	2023	01	血液内	1
0911170	0	2023	26	眼科	8
0911360	0	2023	25	耳鼻科	1
0911634	0	2023	16	乳甲外	1
0911634	0	2023	17	小児外	1
0911634	0	2023	22	泌尿器	2
0911634	0	2023	01	血液内	1
0911725	0	2023	12	心療科	1
0911741	0	2023	19	形成外	6
0911766	0	2023	48	リウ膠	1
0911766	0	2023	12	心療科	1
1000319	0	2023	32	歯口外	3
1000368	0	2023	32	歯口外	3
1000392	0	2023	32	歯口外	1
1000418	0	2023	32	歯口外	2
1000586	0	2023	08	腎臓内	1
1000628	0	2023	15	心血外	1
1000628	0	2023	50	消化内	1
1000628	0	2023	21	皮膚科	3
1000628	0	2023	01	血液内	1
1000651	0	2023	25	耳鼻科	41
1010060	0	2023	32	歯口外	9
1010064	0	2023	16	乳甲外	1
1010064	0	2023	05	呼吸内	6
1010064	0	2023	13	呼吸外	1
1010064	0	2023	17	小児外	1
1010064	0	2023	10	小児科	6
1010064	0	2023	19	形成外	2
1010064	0	2023	07	循環内	2
1010064	0	2023	15	心血外	6
1010064	0	2023	34	救急科	1
1010064	0	2023	18	整形外	1
1010064	0	2023	32	歯口外	1
1010064	0	2023	22	泌尿器	10
1010064	0	2023	50	消化内	6
1010064	0	2023	14	消化外	2
1010064	0	2023	43	産婦人	1
1010064	0	2023	26	眼科	3
1010064	0	2023	06	糖尿内	1
1010064	0	2023	36	総合診	1
1010064	0	2023	25	耳鼻科	4
1010064	0	2023	09	脳卒中	1
1010064	0	2023	02	脳神内	3
1010064	0	2023	20	脳神外	3
1010064	0	2023	08	腎臓内	3
1010064	0	2023	01	血液内	1
1010171	0	2023	48	リウ膠	3
1010171	0	2023	16	乳甲外	2
1010171	0	2023	05	呼吸内	2
1010171	0	2023	10	小児科	1
1010171	0	2023	07	循環内	6
1010171	0	2023	15	心血外	2
1010171	0	2023	28	放診断	1
1010171	0	2023	18	整形外	1
1010171	0	2023	32	歯口外	1
1010171	0	2023	50	消化内	4
1010171	0	2023	06	糖尿内	1
1010171	0	2023	36	総合診	2
1010171	0	2023	25	耳鼻科	4
1010171	0	2023	02	脳神内	2
1010171	0	2023	20	脳神外	1
1010171	0	2023	08	腎臓内	3
1010171	0	2023	01	血液内	3
1010239	0	2023	48	リウ膠	3
1010239	0	2023	05	呼吸内	1
1010239	0	2023	07	循環内	1
1010239	0	2023	18	整形外	1
1010239	0	2023	32	歯口外	2
1010239	0	2023	50	消化内	1
1010239	0	2023	14	消化外	1
1010239	0	2023	36	総合診	1
1010239	0	2023	09	脳卒中	1
1010239	0	2023	08	腎臓内	4
1010239	0	2023	37	麻酔科	1
1010247	0	2023	19	形成外	4
1010247	0	2023	26	眼科	13
1010247	0	2023	01	血液内	1
1010254	0	2023	48	リウ膠	1
1010254	0	2023	16	乳甲外	1
1010254	0	2023	07	循環内	3
1010254	0	2023	15	心血外	3
1010254	0	2023	34	救急科	2
1010254	0	2023	18	整形外	14
1010254	0	2023	50	消化内	2
1010254	0	2023	14	消化外	2
1010254	0	2023	43	産婦人	2
1010254	0	2023	21	皮膚科	13
1010254	0	2023	36	総合診	1
1010254	0	2023	25	耳鼻科	2
1010254	0	2023	02	脳神内	5
1010254	0	2023	20	脳神外	2
1010254	0	2023	01	血液内	1
1010254	0	2023	37	麻酔科	3
1010262	0	2023	48	リウ膠	1
1010262	0	2023	12	心療科	3
1010262	0	2023	02	脳神内	1
1010262	0	2023	01	血液内	1
1010270	0	2023	16	乳甲外	1
1010270	0	2023	05	呼吸内	3
1010270	0	2023	07	循環内	2
1010270	0	2023	15	心血外	1
1010270	0	2023	18	整形外	2
1010270	0	2023	22	泌尿器	3
1010270	0	2023	50	消化内	3
1010270	0	2023	43	産婦人	1
1010270	0	2023	25	耳鼻科	4
1010270	0	2023	09	脳卒中	1
1010270	0	2023	08	腎臓内	1
1010288	0	2023	48	リウ膠	4
1010288	0	2023	16	乳甲外	11
1010288	0	2023	05	呼吸内	7
1010288	0	2023	13	呼吸外	5
1010288	0	2023	19	形成外	2
1010288	0	2023	07	循環内	17
1010288	0	2023	15	心血外	1
1010288	0	2023	34	救急科	8
1010288	0	2023	18	整形外	19
1010288	0	2023	32	歯口外	1
1010288	0	2023	22	泌尿器	2
1010288	0	2023	50	消化内	26
1010288	0	2023	14	消化外	5
1010288	0	2023	43	産婦人	2
1010288	0	2023	21	皮膚科	2
1010288	0	2023	06	糖尿内	2
1010288	0	2023	36	総合診	1
1010288	0	2023	25	耳鼻科	7
1010288	0	2023	02	脳神内	9
1010288	0	2023	20	脳神外	7
1010288	0	2023	08	腎臓内	6
1010288	0	2023	27	臨腫瘍	2
1010288	0	2023	01	血液内	4
1010296	0	2023	07	循環内	2
1010296	0	2023	15	心血外	1
1010296	0	2023	22	泌尿器	1
1010296	0	2023	25	耳鼻科	1
1010296	0	2023	08	腎臓内	2
1100444	0	2023	50	消化内	1
1100592	0	2023	18	整形外	3
1100600	0	2023	16	乳甲外	1
1110047	0	2023	32	歯口外	1
1110062	0	2023	01	血液内	1
1110079	0	2023	16	乳甲外	1
1110079	0	2023	18	整形外	1
1110079	0	2023	43	産婦人	17
1110079	0	2023	25	耳鼻科	1
1110079	0	2023	01	血液内	1
1110088	0	2023	48	リウ膠	2
1110104	0	2023	22	泌尿器	1
1110111	0	2023	48	リウ膠	4
1110111	0	2023	19	形成外	3
1110111	0	2023	15	心血外	1
1110111	0	2023	34	救急科	1
1110111	0	2023	18	整形外	1
1110111	0	2023	32	歯口外	1
1110111	0	2023	22	泌尿器	1
1110111	0	2023	50	消化内	1
1110111	0	2023	14	消化外	1
1110111	0	2023	21	皮膚科	6
1110111	0	2023	06	糖尿内	1
1110111	0	2023	25	耳鼻科	1
1110146	0	2023	48	リウ膠	2
1110146	0	2023	34	救急科	1
1110146	0	2023	22	泌尿器	3
1110574	0	2023	48	リウ膠	1
1110574	0	2023	16	乳甲外	1
1110574	0	2023	37	麻酔科	1
1110855	0	2023	18	整形外	1
1110855	0	2023	14	消化外	1
1110855	0	2023	06	糖尿内	3
1110855	0	2023	01	血液内	1
1110889	0	2023	48	リウ膠	1
1110889	0	2023	10	小児科	1
1111226	0	2023	19	形成外	1
1111275	0	2023	18	整形外	1
1111465	0	2023	18	整形外	1
1111465	0	2023	50	消化内	1
1111549	0	2023	18	整形外	2
1111556	0	2023	43	産婦人	1
1111564	0	2023	01	血液内	2
1111705	0	2023	19	形成外	1
1111721	0	2023	02	脳神内	1
1111739	0	2023	05	呼吸内	1
1111739	0	2023	43	産婦人	1
1111754	0	2023	25	耳鼻科	1
1111796	0	2023	02	脳神内	1
1111838	0	2023	21	皮膚科	1
1111887	0	2023	21	皮膚科	1
1111895	0	2023	15	心血外	1
1111895	0	2023	18	整形外	2
1111895	0	2023	21	皮膚科	1
1111895	0	2023	02	脳神内	1
1111945	0	2023	02	脳神内	1
1111978	0	2023	14	消化外	1
1111994	0	2023	50	消化内	1
1112000	0	2023	01	血液内	1
1112067	0	2023	48	リウ膠	2
1112067	0	2023	16	乳甲外	4
1112067	0	2023	19	形成外	1
1112067	0	2023	07	循環内	1
1112067	0	2023	15	心血外	5
1112067	0	2023	18	整形外	1
1112067	0	2023	32	歯口外	1
1112067	0	2023	14	消化外	1
1112067	0	2023	21	皮膚科	16
1112067	0	2023	26	眼科	2
1112067	0	2023	06	糖尿内	1
1112067	0	2023	25	耳鼻科	2
1112067	0	2023	08	腎臓内	1
1112067	0	2023	27	臨腫瘍	2
1112067	0	2023	01	血液内	4
1112067	0	2023	37	麻酔科	1
1112091	0	2023	02	脳神内	1
1112117	0	2023	26	眼科	2
1112224	0	2023	07	循環内	2
1112240	0	2023	18	整形外	1
1112307	0	2023	22	泌尿器	4
1112307	0	2023	14	消化外	1
1130800	0	2023	32	歯口外	1
1200034	0	2023	32	歯口外	1
1200038	0	2023	26	眼科	3
1210011	0	2023	25	耳鼻科	1
1210045	0	2023	18	整形外	1
1210078	0	2023	18	整形外	1
1210086	0	2023	16	乳甲外	1
1210128	0	2023	07	循環内	1
1210128	0	2023	18	整形外	10
1210128	0	2023	22	泌尿器	1
1210128	0	2023	50	消化内	3
1210128	0	2023	02	脳神内	1
1310018	0	2023	48	リウ膠	3
1310018	0	2023	18	整形外	1
1310018	0	2023	50	消化内	1
1310035	0	2023	48	リウ膠	1
1310035	0	2023	31	リハ	1
1310043	0	2023	18	整形外	2
1310076	0	2023	07	循環内	1
1310076	0	2023	21	皮膚科	1
1310182	0	2023	18	整形外	1
1310448	0	2023	05	呼吸内	1
1310448	0	2023	15	心血外	1
1310448	0	2023	21	皮膚科	1
1310448	0	2023	20	脳神外	2
1310448	0	2023	01	血液内	1
1310471	0	2023	02	脳神内	1
1310513	0	2023	08	腎臓内	1
1310513	0	2023	01	血液内	2
1400022	0	2023	32	歯口外	1
1400026	0	2023	25	耳鼻科	13
1400042	0	2023	07	循環内	1
1400042	0	2023	50	消化内	1
1400042	0	2023	36	総合診	1
1400059	0	2023	18	整形外	2
1400059	0	2023	50	消化内	1
1400059	0	2023	21	皮膚科	2
1400059	0	2023	25	耳鼻科	1
1410017	0	2023	26	眼科	6
1410033	0	2023	50	消化内	1
1410066	0	2023	48	リウ膠	3
1410066	0	2023	31	リハ	1
1410066	0	2023	16	乳甲外	1
1410066	0	2023	05	呼吸内	2
1410066	0	2023	10	小児科	1
1410066	0	2023	19	形成外	2
1410066	0	2023	07	循環内	2
1410066	0	2023	12	心療科	2
1410066	0	2023	15	心血外	11
1410066	0	2023	18	整形外	3
1410066	0	2023	22	泌尿器	4
1410066	0	2023	50	消化内	7
1410066	0	2023	14	消化外	4
1410066	0	2023	36	総合診	3
1410066	0	2023	20	脳神外	2
1410066	0	2023	08	腎臓内	15
1410066	0	2023	27	臨腫瘍	3
1510278	0	2023	25	耳鼻科	1
1510310	0	2023	43	産婦人	1
1510559	0	2023	19	形成外	1
1510583	0	2023	21	皮膚科	1
1510849	0	2023	22	泌尿器	2
1510849	0	2023	14	消化外	1
1510856	0	2023	12	心療科	1
1511219	0	2023	48	リウ膠	1
1511219	0	2023	16	乳甲外	2
1511219	0	2023	05	呼吸内	1
1511219	0	2023	13	呼吸外	1
1511219	0	2023	19	形成外	3
1511219	0	2023	12	心療科	1
1511219	0	2023	18	整形外	2
1511219	0	2023	50	消化内	4
1511219	0	2023	14	消化外	5
1511219	0	2023	21	皮膚科	1
1511219	0	2023	06	糖尿内	3
1511219	0	2023	36	総合診	6
1511219	0	2023	20	脳神外	1
1511219	0	2023	08	腎臓内	1
1511219	0	2023	01	血液内	2
1511276	0	2023	48	リウ膠	11
1511276	0	2023	16	乳甲外	3
1511276	0	2023	10	小児科	2
1511276	0	2023	19	形成外	6
1511276	0	2023	18	整形外	2
1511276	0	2023	22	泌尿器	2
1511276	0	2023	50	消化内	2
1511276	0	2023	43	産婦人	2
1511276	0	2023	21	皮膚科	4
1511276	0	2023	26	眼科	3
1511276	0	2023	06	糖尿内	4
1511276	0	2023	25	耳鼻科	2
1511276	0	2023	02	脳神内	6
1511276	0	2023	20	脳神外	2
1511276	0	2023	08	腎臓内	7
1511276	0	2023	27	臨腫瘍	1
1511276	0	2023	01	血液内	6
1511334	0	2023	19	形成外	2
1511334	0	2023	12	心療科	2
1511334	0	2023	43	産婦人	1
1511375	0	2023	19	形成外	1
1511375	0	2023	25	耳鼻科	1
1511383	0	2023	05	呼吸内	1
1511398	0	2023	48	リウ膠	2
1511398	0	2023	12	心療科	1
1511398	0	2023	18	整形外	1
1511398	0	2023	14	消化外	1
1511581	0	2023	18	整形外	1
1511581	0	2023	22	泌尿器	1
1511797	0	2023	19	形成外	1
1511912	0	2023	12	心療科	1
1511912	0	2023	02	脳神内	1
1512258	0	2023	48	リウ膠	5
1512258	0	2023	16	乳甲外	2
1512258	0	2023	12	心療科	2
1512258	0	2023	30	放核医	1
1512258	0	2023	18	整形外	5
1512258	0	2023	22	泌尿器	2
1512258	0	2023	21	皮膚科	5
1512258	0	2023	06	糖尿内	1
1512258	0	2023	36	総合診	1
1512258	0	2023	25	耳鼻科	1
1512258	0	2023	02	脳神内	3
1512258	0	2023	20	脳神外	1
1512258	0	2023	08	腎臓内	2
1512258	0	2023	27	臨腫瘍	1
1512266	0	2023	25	耳鼻科	1
1512407	0	2023	12	心療科	2
1512506	0	2023	26	眼科	1
1512605	0	2023	21	皮膚科	1
1512639	0	2023	21	皮膚科	1
1512639	0	2023	36	総合診	1
1512639	0	2023	25	耳鼻科	1
1512654	0	2023	22	泌尿器	4
1512654	0	2023	26	眼科	4
1512654	0	2023	36	総合診	1
1512662	0	2023	22	泌尿器	1
1512811	0	2023	26	眼科	2
1512811	0	2023	25	耳鼻科	1
1512811	0	2023	08	腎臓内	1
1512829	0	2023	16	乳甲外	1
1512829	0	2023	13	呼吸外	1
1512829	0	2023	12	心療科	1
1512829	0	2023	15	心血外	1
1512829	0	2023	28	放診断	1
1512829	0	2023	34	救急科	1
1512829	0	2023	50	消化内	1
1512829	0	2023	21	皮膚科	1
1512829	0	2023	36	総合診	1
1512829	0	2023	02	脳神内	3
1512829	0	2023	20	脳神外	2
1512829	0	2023	08	腎臓内	2
1512852	0	2023	22	泌尿器	1
1512894	0	2023	26	眼科	1
1512902	0	2023	01	血液内	1
1512977	0	2023	16	乳甲外	1
1512977	0	2023	19	形成外	1
1512977	0	2023	34	救急科	1
1512977	0	2023	18	整形外	3
1512977	0	2023	50	消化内	1
1512977	0	2023	14	消化外	1
1513017	0	2023	14	消化外	2
1513017	0	2023	09	脳卒中	1
1513249	0	2023	25	耳鼻科	1
1513280	0	2023	16	乳甲外	1
1513280	0	2023	05	呼吸内	1
1513280	0	2023	07	循環内	1
1513280	0	2023	15	心血外	1
1513280	0	2023	18	整形外	1
1513280	0	2023	21	皮膚科	1
1513363	0	2023	12	心療科	1
1513454	0	2023	21	皮膚科	4
1513488	0	2023	12	心療科	1
1513504	0	2023	16	乳甲外	1
1513504	0	2023	19	形成外	2
1513504	0	2023	21	皮膚科	1
1513504	0	2023	36	総合診	2
1513504	0	2023	08	腎臓内	1
1513678	0	2023	08	腎臓内	1
1513686	0	2023	12	心療科	2
1513694	0	2023	25	耳鼻科	5
1513751	0	2023	19	形成外	1
1513751	0	2023	26	眼科	3
1513769	0	2023	12	心療科	1
1513785	0	2023	48	リウ膠	1
1513801	0	2023	48	リウ膠	5
1513991	0	2023	48	リウ膠	2
1513991	0	2023	17	小児外	1
1513991	0	2023	18	整形外	1
1513991	0	2023	02	脳神内	1
1513991	0	2023	37	麻酔科	1
1514023	0	2023	21	皮膚科	1
1514049	0	2023	07	循環内	1
1514049	0	2023	18	整形外	8
1514049	0	2023	25	耳鼻科	1
1514049	0	2023	02	脳神内	1
1514049	0	2023	20	脳神外	2
1514064	0	2023	48	リウ膠	1
1514189	0	2023	16	乳甲外	1
1514189	0	2023	19	形成外	1
1514320	0	2023	16	乳甲外	3
1514320	0	2023	05	呼吸内	1
1514320	0	2023	13	呼吸外	2
1514320	0	2023	18	整形外	2
1514320	0	2023	22	泌尿器	2
1514320	0	2023	08	腎臓内	2
1514320	0	2023	01	血液内	1
1514353	0	2023	06	糖尿内	1
1514361	0	2023	25	耳鼻科	1
1514486	0	2023	26	眼科	9
1514544	0	2023	32	歯口外	1
1514544	0	2023	25	耳鼻科	1
1514569	0	2023	13	呼吸外	1
1514577	0	2023	50	消化内	1
1514577	0	2023	06	糖尿内	4
1514577	0	2023	36	総合診	1
1514601	0	2023	18	整形外	1
1514601	0	2023	36	総合診	2
1514601	0	2023	25	耳鼻科	2
1514601	0	2023	02	脳神内	8
1514635	0	2023	13	呼吸外	1
1514635	0	2023	08	腎臓内	1
1514650	0	2023	12	心療科	1
1514668	0	2023	27	臨腫瘍	1
1514833	0	2023	48	リウ膠	1
1514858	0	2023	15	心血外	1
1515152	0	2023	36	総合診	1
1515244	0	2023	15	心血外	1
1515244	0	2023	18	整形外	2
1515244	0	2023	21	皮膚科	1
1515244	0	2023	08	腎臓内	1
1515285	0	2023	12	心療科	1
1515285	0	2023	30	放核医	2
1515285	0	2023	43	産婦人	1
1515293	0	2023	26	眼科	7
1515301	0	2023	05	呼吸内	1
1515301	0	2023	08	腎臓内	1
1515319	0	2023	16	乳甲外	3
1515442	0	2023	21	皮膚科	1
1515459	0	2023	48	リウ膠	1
1515541	0	2023	50	消化内	1
1515558	0	2023	48	リウ膠	1
1515558	0	2023	05	呼吸内	1
1515558	0	2023	18	整形外	1
1515558	0	2023	21	皮膚科	1
1515608	0	2023	31	リハ	1
1515608	0	2023	18	整形外	1
1515624	0	2023	20	脳神外	4
1515665	0	2023	43	産婦人	1
1515673	0	2023	50	消化内	1
1515699	0	2023	50	消化内	1
1515764	0	2023	18	整形外	2
1515822	0	2023	18	整形外	1
1515830	0	2023	19	形成外	1
1515848	0	2023	48	リウ膠	3
1515848	0	2023	07	循環内	1
1515848	0	2023	50	消化内	1
1515848	0	2023	02	脳神内	2
1515848	0	2023	08	腎臓内	1
1515848	0	2023	27	臨腫瘍	2
1515921	0	2023	19	形成外	1
1515962	0	2023	25	耳鼻科	2
1515970	0	2023	36	総合診	1
1515996	0	2023	48	リウ膠	1
1515996	0	2023	18	整形外	1
1516036	0	2023	48	リウ膠	1
1516036	0	2023	22	泌尿器	1
1516036	0	2023	36	総合診	1
1516051	0	2023	08	腎臓内	2
1516077	0	2023	19	形成外	1
1516101	0	2023	26	眼科	2
1516143	0	2023	21	皮膚科	1
1516150	0	2023	16	乳甲外	1
1516150	0	2023	30	放核医	1
1516150	0	2023	08	腎臓内	2
1516168	0	2023	26	眼科	1
1516242	0	2023	21	皮膚科	1
1516283	0	2023	26	眼科	2
1516309	0	2023	18	整形外	1
1516309	0	2023	02	脳神内	1
1516317	0	2023	19	形成外	1
1516317	0	2023	18	整形外	5
1516325	0	2023	17	小児外	1
1516325	0	2023	20	脳神外	1
1516341	0	2023	21	皮膚科	10
1516390	0	2023	19	形成外	2
1516390	0	2023	21	皮膚科	3
1516424	0	2023	10	小児科	4
1516424	0	2023	07	循環内	1
1516424	0	2023	43	産婦人	36
1516424	0	2023	08	腎臓内	1
1516424	0	2023	01	血液内	1
1516465	0	2023	50	消化内	1
1516473	0	2023	18	整形外	1
1516481	0	2023	50	消化内	1
1516499	0	2023	18	整形外	2
1516531	0	2023	12	心療科	3
1516531	0	2023	36	総合診	1
1516531	0	2023	02	脳神内	2
1516549	0	2023	18	整形外	1
1516564	0	2023	18	整形外	1
1516648	0	2023	21	皮膚科	1
1531916	0	2023	01	血液内	1
1532153	0	2023	19	形成外	1
1532492	0	2023	32	歯口外	1
1532583	0	2023	32	歯口外	1
1533011	0	2023	32	歯口外	1
1600021	0	2023	18	整形外	2
1600027	0	2023	32	歯口外	4
1600050	0	2023	32	歯口外	2
1600054	0	2023	10	小児科	3
1600068	0	2023	32	歯口外	1
1610020	0	2023	48	リウ膠	1
1610020	0	2023	05	呼吸内	1
1610020	0	2023	13	呼吸外	1
1610020	0	2023	10	小児科	2
1610020	0	2023	19	形成外	1
1610020	0	2023	07	循環内	1
1610020	0	2023	15	心血外	2
1610020	0	2023	18	整形外	2
1610020	0	2023	22	泌尿器	1
1610020	0	2023	50	消化内	9
1610020	0	2023	14	消化外	1
1610020	0	2023	21	皮膚科	2
1610020	0	2023	06	糖尿内	3
1610020	0	2023	02	脳神内	1
1610020	0	2023	08	腎臓内	2
1710241	0	2023	25	耳鼻科	1
1710639	0	2023	19	形成外	1
1710639	0	2023	18	整形外	5
1710662	0	2023	36	総合診	1
1710720	0	2023	48	リウ膠	1
1710720	0	2023	19	形成外	1
1710720	0	2023	25	耳鼻科	1
1710720	0	2023	01	血液内	1
1710761	0	2023	48	リウ膠	1
1710761	0	2023	26	眼科	1
1910718	0	2023	26	眼科	1
1910809	0	2023	22	泌尿器	1
1910809	0	2023	20	脳神外	1
2110011	0	2023	27	臨腫瘍	2
2110137	0	2023	09	脳卒中	1
2110137	0	2023	02	脳神内	1
2110228	0	2023	48	リウ膠	1
2110228	0	2023	02	脳神内	2
2110466	0	2023	05	呼吸内	1
2110466	0	2023	18	整形外	1
2110466	0	2023	06	糖尿内	1
2110557	0	2023	48	リウ膠	1
2110573	0	2023	18	整形外	1
2210119	0	2023	34	救急科	1
2210119	0	2023	18	整形外	1
2210127	0	2023	18	整形外	1
2210234	0	2023	18	整形外	3
2210242	0	2023	01	血液内	1
2210259	0	2023	18	整形外	1
2210267	0	2023	05	呼吸内	1
2210309	0	2023	15	心血外	1
2210317	0	2023	16	乳甲外	1
2210325	0	2023	18	整形外	1
2210333	0	2023	26	眼科	1
2210341	0	2023	12	心療科	1
2210341	0	2023	30	放核医	1
2210382	0	2023	31	リハ	1
2210408	0	2023	22	泌尿器	1
2210408	0	2023	25	耳鼻科	1
2210408	0	2023	02	脳神内	6
2210408	0	2023	20	脳神外	1
2210424	0	2023	12	心療科	1
2210424	0	2023	15	心血外	2
2210432	0	2023	31	リハ	1
2210432	0	2023	08	腎臓内	1
2210440	0	2023	48	リウ膠	2
2210440	0	2023	05	呼吸内	1
2210440	0	2023	07	循環内	1
2210440	0	2023	12	心療科	1
2210440	0	2023	18	整形外	1
2210440	0	2023	50	消化内	2
2210440	0	2023	25	耳鼻科	1
2210440	0	2023	09	脳卒中	1
2210465	0	2023	25	耳鼻科	1
2310125	0	2023	18	整形外	2
2310125	0	2023	50	消化内	1
2310125	0	2023	06	糖尿内	1
2310208	0	2023	16	乳甲外	1
2310208	0	2023	14	消化外	1
2410057	0	2023	01	血液内	1
2410081	0	2023	18	整形外	1
2410131	0	2023	25	耳鼻科	1
2510039	0	2023	05	呼吸内	1
2510039	0	2023	07	循環内	1
2510039	0	2023	22	泌尿器	1
2510039	0	2023	50	消化内	2
2510039	0	2023	14	消化外	1
2510039	0	2023	43	産婦人	1
2510039	0	2023	21	皮膚科	1
2510039	0	2023	06	糖尿内	1
2510039	0	2023	09	脳卒中	2
2510039	0	2023	02	脳神内	1
2510039	0	2023	08	腎臓内	2
2510047	0	2023	16	乳甲外	1
2510047	0	2023	05	呼吸内	1
2510047	0	2023	07	循環内	1
2510047	0	2023	18	整形外	1
2510047	0	2023	50	消化内	2
2510047	0	2023	21	皮膚科	1
2510047	0	2023	08	腎臓内	1
2510062	0	2023	07	循環内	2
2510096	0	2023	50	消化内	1
2510335	0	2023	31	リハ	1
2510335	0	2023	18	整形外	1
2510335	0	2023	22	泌尿器	1
2510962	0	2023	22	泌尿器	1
2512174	0	2023	02	脳神内	1
2600349	0	2023	32	歯口外	1
2600364	0	2023	32	歯口外	44
2600406	0	2023	32	歯口外	2
2600414	0	2023	32	歯口外	4
2600414	0	2023	25	耳鼻科	1
2600640	0	2023	16	乳甲外	2
2600640	0	2023	07	循環内	1
2600640	0	2023	50	消化内	1
2600657	0	2023	15	心血外	1
2600723	0	2023	13	呼吸外	1
2600723	0	2023	19	形成外	4
2600723	0	2023	50	消化内	1
2600723	0	2023	26	眼科	77
2610033	0	2023	32	歯口外	1
2610033	0	2023	25	耳鼻科	1
2610102	0	2023	05	呼吸内	1
2610102	0	2023	10	小児科	1
2610102	0	2023	19	形成外	1
2610102	0	2023	07	循環内	2
2610102	0	2023	28	放診断	3
2610102	0	2023	34	救急科	2
2610102	0	2023	18	整形外	3
2610102	0	2023	22	泌尿器	1
2610102	0	2023	50	消化内	3
2610102	0	2023	06	糖尿内	3
2610102	0	2023	25	耳鼻科	1
2610102	0	2023	09	脳卒中	1
2610102	0	2023	08	腎臓内	2
2610128	0	2023	48	リウ膠	1
2610128	0	2023	16	乳甲外	1
2610128	0	2023	10	小児科	5
2610128	0	2023	19	形成外	2
2610128	0	2023	07	循環内	14
2610128	0	2023	34	救急科	2
2610128	0	2023	18	整形外	2
2610128	0	2023	32	歯口外	1
2610128	0	2023	22	泌尿器	3
2610128	0	2023	50	消化内	10
2610128	0	2023	43	産婦人	2
2610128	0	2023	21	皮膚科	1
2610128	0	2023	06	糖尿内	2
2610128	0	2023	36	総合診	2
2610128	0	2023	25	耳鼻科	4
2610128	0	2023	09	脳卒中	3
2610128	0	2023	02	脳神内	2
2610136	0	2023	31	リハ	1
2610136	0	2023	18	整形外	1
2610136	0	2023	50	消化内	1
2610144	0	2023	48	リウ膠	1
2610144	0	2023	16	乳甲外	1
2610144	0	2023	13	呼吸外	1
2610144	0	2023	07	循環内	6
2610144	0	2023	12	心療科	3
2610144	0	2023	15	心血外	2
2610144	0	2023	34	救急科	1
2610144	0	2023	18	整形外	5
2610144	0	2023	32	歯口外	2
2610144	0	2023	22	泌尿器	3
2610144	0	2023	50	消化内	3
2610144	0	2023	14	消化外	3
2610144	0	2023	21	皮膚科	2
2610144	0	2023	26	眼科	2
2610144	0	2023	36	総合診	3
2610144	0	2023	25	耳鼻科	2
2610144	0	2023	09	脳卒中	2
2610144	0	2023	02	脳神内	2
2610144	0	2023	20	脳神外	3
2610144	0	2023	01	血液内	1
2610144	0	2023	37	麻酔科	1
2610169	0	2023	19	形成外	3
2610169	0	2023	21	皮膚科	13
2610169	0	2023	25	耳鼻科	47
2610169	0	2023	20	脳神外	2
2610177	0	2023	48	リウ膠	3
2610177	0	2023	17	小児外	1
2610177	0	2023	10	小児科	1
2610177	0	2023	19	形成外	1
2610177	0	2023	07	循環内	1
2610177	0	2023	18	整形外	40
2610177	0	2023	22	泌尿器	1
2610177	0	2023	43	産婦人	1
2610177	0	2023	21	皮膚科	1
2610177	0	2023	36	総合診	2
2610177	0	2023	25	耳鼻科	1
2610177	0	2023	02	脳神内	3
2700404	0	2023	32	歯口外	1
2700412	0	2023	32	歯口外	4
2700495	0	2023	32	歯口外	4
2700495	0	2023	25	耳鼻科	1
2700511	0	2023	32	歯口外	2
2700537	0	2023	32	歯口外	8
2700537	0	2023	25	耳鼻科	1
2700552	0	2023	32	歯口外	4
2700594	0	2023	32	歯口外	1
2700663	0	2023	22	泌尿器	1
2700663	0	2023	21	皮膚科	1
2700663	0	2023	36	総合診	1
2700663	0	2023	01	血液内	1
2700770	0	2023	05	呼吸内	2
2700770	0	2023	07	循環内	1
2700770	0	2023	34	救急科	1
2700770	0	2023	50	消化内	2
2700770	0	2023	43	産婦人	1
2700770	0	2023	21	皮膚科	2
2700770	0	2023	25	耳鼻科	1
2700770	0	2023	09	脳卒中	1
2710019	0	2023	48	リウ膠	1
2710019	0	2023	31	リハ	1
2710019	0	2023	16	乳甲外	6
2710019	0	2023	19	形成外	4
2710019	0	2023	07	循環内	1
2710019	0	2023	15	心血外	5
2710019	0	2023	18	整形外	7
2710019	0	2023	32	歯口外	1
2710019	0	2023	22	泌尿器	3
2710019	0	2023	50	消化内	24
2710019	0	2023	14	消化外	9
2710019	0	2023	21	皮膚科	34
2710019	0	2023	25	耳鼻科	3
2710019	0	2023	02	脳神内	2
2710019	0	2023	20	脳神外	4
2710019	0	2023	08	腎臓内	18
2710019	0	2023	27	臨腫瘍	6
2710019	0	2023	01	血液内	3
2710019	0	2023	37	麻酔科	1
2710023	0	2023	32	歯口外	1
2710035	0	2023	48	リウ膠	1
2710035	0	2023	05	呼吸内	1
2710035	0	2023	07	循環内	1
2710035	0	2023	28	放診断	4
2710035	0	2023	18	整形外	1
2710035	0	2023	22	泌尿器	5
2710035	0	2023	50	消化内	3
2710035	0	2023	14	消化外	2
2710035	0	2023	21	皮膚科	1
2710035	0	2023	36	総合診	2
2710035	0	2023	02	脳神内	7
2710035	0	2023	08	腎臓内	1
2710050	0	2023	16	乳甲外	1
2710050	0	2023	05	呼吸内	1
2710050	0	2023	07	循環内	2
2710050	0	2023	15	心血外	1
2710050	0	2023	50	消化内	1
2710068	0	2023	26	眼科	11
2710076	0	2023	48	リウ膠	2
2710076	0	2023	05	呼吸内	3
2710076	0	2023	18	整形外	3
2710076	0	2023	32	歯口外	1
2710076	0	2023	22	泌尿器	1
2710076	0	2023	50	消化内	4
2710076	0	2023	21	皮膚科	1
2710076	0	2023	02	脳神内	7
2710076	0	2023	01	血液内	1
2710084	0	2023	18	整形外	1
2710084	0	2023	02	脳神内	1
2710100	0	2023	07	循環内	2
2710100	0	2023	12	心療科	1
2710100	0	2023	18	整形外	1
2710100	0	2023	50	消化内	2
2710118	0	2023	26	眼科	6
2710118	0	2023	06	糖尿内	1
2710118	0	2023	02	脳神内	1
2710126	0	2023	16	乳甲外	1
2710126	0	2023	13	呼吸外	1
2710126	0	2023	15	心血外	2
2710126	0	2023	18	整形外	3
2710126	0	2023	22	泌尿器	1
2710126	0	2023	50	消化内	2
2710126	0	2023	14	消化外	1
2710126	0	2023	43	産婦人	1
2710126	0	2023	25	耳鼻科	1
2710126	0	2023	02	脳神内	1
2710126	0	2023	08	腎臓内	1
2710134	0	2023	16	乳甲外	1
2710134	0	2023	07	循環内	8
2710134	0	2023	12	心療科	1
2710134	0	2023	15	心血外	8
2710134	0	2023	18	整形外	6
2710134	0	2023	22	泌尿器	1
2710134	0	2023	50	消化内	10
2710134	0	2023	14	消化外	4
2710134	0	2023	43	産婦人	1
2710134	0	2023	21	皮膚科	5
2710134	0	2023	36	総合診	1
2710134	0	2023	25	耳鼻科	1
2710134	0	2023	09	脳卒中	1
2710134	0	2023	02	脳神内	6
2710134	0	2023	01	血液内	1
2710134	0	2023	37	麻酔科	1
2710159	0	2023	31	リハ	1
2710159	0	2023	10	小児科	1
2710159	0	2023	18	整形外	1
2710167	0	2023	07	循環内	1
2710167	0	2023	15	心血外	1
2710167	0	2023	21	皮膚科	1
2710183	0	2023	07	循環内	1
2710209	0	2023	16	乳甲外	1
2710209	0	2023	32	歯口外	1
2710209	0	2023	50	消化内	1
2710209	0	2023	25	耳鼻科	17
2710217	0	2023	18	整形外	10
2710225	0	2023	48	リウ膠	2
2710225	0	2023	31	リハ	1
2710225	0	2023	05	呼吸内	2
2710225	0	2023	32	歯口外	1
2710225	0	2023	21	皮膚科	1
2710225	0	2023	25	耳鼻科	1
2710225	0	2023	08	腎臓内	5
2710225	0	2023	37	麻酔科	1
2710233	0	2023	25	耳鼻科	6
2710233	0	2023	02	脳神内	1
2711438	0	2023	18	整形外	1
2800170	0	2023	32	歯口外	1
2800295	0	2023	32	歯口外	6
2800364	0	2023	05	呼吸内	1
2800364	0	2023	14	消化外	1
2810041	0	2023	18	整形外	1
2810041	0	2023	36	総合診	1
2810058	0	2023	16	乳甲外	3
2810058	0	2023	19	形成外	1
2810058	0	2023	07	循環内	1
2810058	0	2023	18	整形外	1
2810058	0	2023	22	泌尿器	1
2810058	0	2023	50	消化内	1
2810058	0	2023	21	皮膚科	2
2810058	0	2023	20	脳神外	2
2810066	0	2023	10	小児科	1
2810066	0	2023	07	循環内	1
2810066	0	2023	09	脳卒中	1
2810066	0	2023	02	脳神内	1
2810066	0	2023	01	血液内	1
2810074	0	2023	18	整形外	1
2810082	0	2023	07	循環内	1
2810082	0	2023	34	救急科	1
2810082	0	2023	18	整形外	5
2810082	0	2023	50	消化内	2
2810082	0	2023	36	総合診	1
2810090	0	2023	48	リウ膠	1
2810090	0	2023	31	リハ	2
2810090	0	2023	16	乳甲外	1
2810090	0	2023	05	呼吸内	1
2810090	0	2023	17	小児外	2
2810090	0	2023	10	小児科	5
2810090	0	2023	19	形成外	1
2810090	0	2023	07	循環内	1
2810090	0	2023	12	心療科	1
2810090	0	2023	18	整形外	2
2810090	0	2023	32	歯口外	1
2810090	0	2023	22	泌尿器	2
2810090	0	2023	50	消化内	3
2810090	0	2023	43	産婦人	1
2810090	0	2023	21	皮膚科	5
2810090	0	2023	06	糖尿内	1
2810090	0	2023	36	総合診	1
2810090	0	2023	25	耳鼻科	3
2810090	0	2023	09	脳卒中	1
2810090	0	2023	02	脳神内	3
2810090	0	2023	20	脳神外	1
2810090	0	2023	08	腎臓内	2
2810108	0	2023	07	循環内	1
2900149	0	2023	05	呼吸内	1
2900149	0	2023	19	形成外	1
2910015	0	2023	50	消化内	1
3000242	0	2023	32	歯口外	1
3000259	0	2023	32	歯口外	2
3000283	0	2023	32	歯口外	2
3000493	0	2023	25	耳鼻科	3
3010054	0	2023	07	循環内	1
3010054	0	2023	12	心療科	7
3010054	0	2023	18	整形外	1
3010054	0	2023	06	糖尿内	1
3010054	0	2023	02	脳神内	1
3010062	0	2023	16	乳甲外	1
3010062	0	2023	15	心血外	1
3010062	0	2023	18	整形外	1
3010088	0	2023	20	脳神外	1
3110078	0	2023	16	乳甲外	1
3110078	0	2023	15	心血外	1
3110078	0	2023	18	整形外	1
3110078	0	2023	50	消化内	2
3110078	0	2023	21	皮膚科	1
3110078	0	2023	06	糖尿内	1
3110078	0	2023	25	耳鼻科	1
3110078	0	2023	02	脳神内	2
3110078	0	2023	08	腎臓内	1
3110086	0	2023	16	乳甲外	1
3110086	0	2023	10	小児科	1
3110086	0	2023	50	消化内	1
3110086	0	2023	21	皮膚科	1
3110086	0	2023	25	耳鼻科	1
3110086	0	2023	08	腎臓内	1
3110102	0	2023	08	腎臓内	1
3110128	0	2023	22	泌尿器	2
3110128	0	2023	50	消化内	1
3210026	0	2023	18	整形外	1
3300240	0	2023	07	循環内	2
3310199	0	2023	12	心療科	1
3310199	0	2023	15	心血外	1
3310199	0	2023	22	泌尿器	1
3310199	0	2023	50	消化内	2
3310199	0	2023	25	耳鼻科	1
3310199	0	2023	09	脳卒中	1
3310199	0	2023	20	脳神外	1
3312525	0	2023	43	産婦人	1
3400792	0	2023	22	泌尿器	1
3400792	0	2023	50	消化内	1
3400792	0	2023	02	脳神内	1
3410106	0	2023	13	呼吸外	7
3410106	0	2023	15	心血外	2
3410106	0	2023	18	整形外	1
3410106	0	2023	14	消化外	1
3410106	0	2023	01	血液内	1
3410163	0	2023	48	リウ膠	3
3410163	0	2023	16	乳甲外	20
3410163	0	2023	05	呼吸内	1
3410163	0	2023	13	呼吸外	2
3410163	0	2023	15	心血外	1
3410163	0	2023	30	放核医	1
3410163	0	2023	34	救急科	5
3410163	0	2023	18	整形外	10
3410163	0	2023	50	消化内	8
3410163	0	2023	14	消化外	3
3410163	0	2023	43	産婦人	2
3410163	0	2023	21	皮膚科	7
3410163	0	2023	26	眼科	2
3410163	0	2023	06	糖尿内	4
3410163	0	2023	36	総合診	1
3410163	0	2023	25	耳鼻科	1
3410163	0	2023	09	脳卒中	1
3410163	0	2023	02	脳神内	9
3410163	0	2023	20	脳神外	2
3410163	0	2023	08	腎臓内	1
3410163	0	2023	01	血液内	1
3410213	0	2023	50	消化内	1
3410254	0	2023	50	消化内	1
3410270	0	2023	48	リウ膠	2
3410270	0	2023	16	乳甲外	1
3410270	0	2023	05	呼吸内	1
3410270	0	2023	07	循環内	2
3410270	0	2023	15	心血外	1
3410270	0	2023	18	整形外	24
3410270	0	2023	14	消化外	2
3410270	0	2023	21	皮膚科	1
3410270	0	2023	02	脳神内	1
3410312	0	2023	48	リウ膠	1
3410312	0	2023	07	循環内	1
3410320	0	2023	18	整形外	1
3410353	0	2023	48	リウ膠	1
3410353	0	2023	12	心療科	1
3500427	0	2023	22	泌尿器	1
3500443	0	2023	26	眼科	13
3510061	0	2023	18	整形外	1
3600199	0	2023	32	歯口外	1
3600458	0	2023	26	眼科	1
3600458	0	2023	02	脳神内	1
3600474	0	2023	26	眼科	1
3600474	0	2023	06	糖尿内	1
3610069	0	2023	16	乳甲外	1
3610192	0	2023	48	リウ膠	3
3610192	0	2023	16	乳甲外	2
3610192	0	2023	07	循環内	1
3610192	0	2023	15	心血外	3
3610192	0	2023	28	放診断	6
3610192	0	2023	34	救急科	2
3610192	0	2023	18	整形外	15
3610192	0	2023	22	泌尿器	13
3610192	0	2023	50	消化内	2
3610192	0	2023	14	消化外	2
3610192	0	2023	26	眼科	3
3610192	0	2023	06	糖尿内	2
3610192	0	2023	25	耳鼻科	6
3610192	0	2023	09	脳卒中	2
3610192	0	2023	20	脳神外	1
3610192	0	2023	08	腎臓内	1
3610192	0	2023	01	血液内	2
3610226	0	2023	02	脳神内	2
3610234	0	2023	15	心血外	1
3610234	0	2023	02	脳神内	1
3610242	0	2023	18	整形外	1
3710117	0	2023	13	呼吸外	1
3710117	0	2023	50	消化内	1
3710158	0	2023	16	乳甲外	1
3710166	0	2023	48	リウ膠	1
3710166	0	2023	34	救急科	1
3710166	0	2023	18	整形外	7
3710174	0	2023	25	耳鼻科	2
3710182	0	2023	26	眼科	11
3710208	0	2023	18	整形外	1
3710231	0	2023	08	腎臓内	1
3800629	0	2023	16	乳甲外	2
3800637	0	2023	09	脳卒中	1
3800645	0	2023	18	整形外	1
3810248	0	2023	08	腎臓内	1
3810255	0	2023	18	整形外	1
3900029	0	2023	32	歯口外	1
3910030	0	2023	48	リウ膠	1
3910030	0	2023	07	循環内	2
3910030	0	2023	21	皮膚科	2
3910030	0	2023	02	脳神内	3
3910146	0	2023	02	脳神内	1
4110233	0	2023	01	血液内	1
4210025	0	2023	05	呼吸内	1
4210025	0	2023	08	腎臓内	1
4210025	0	2023	01	血液内	1
4210413	0	2023	19	形成外	1
4310171	0	2023	18	整形外	1
4310239	0	2023	48	リウ膠	1
4310239	0	2023	19	形成外	2
4310239	0	2023	50	消化内	1
4310239	0	2023	25	耳鼻科	1
4410070	0	2023	10	小児科	1
4410286	0	2023	15	心血外	1
4410302	0	2023	43	産婦人	1
4410344	0	2023	19	形成外	2
4410344	0	2023	18	整形外	2
4410419	0	2023	48	リウ膠	1
4410443	0	2023	19	形成外	1
4410450	0	2023	48	リウ膠	1
4410450	0	2023	15	心血外	2
4410450	0	2023	18	整形外	2
4410450	0	2023	02	脳神内	1
4410468	0	2023	02	脳神内	1
4410476	0	2023	26	眼科	7
4410476	0	2023	08	腎臓内	1
4430132	0	2023	18	整形外	1
4510051	0	2023	08	腎臓内	1
4610273	0	2023	14	消化外	1
4610273	0	2023	01	血液内	1
4910053	0	2023	22	泌尿器	1
4910129	0	2023	05	呼吸内	2
4910129	0	2023	07	循環内	1
4910137	0	2023	18	整形外	1
4910376	0	2023	21	皮膚科	1
7010239	0	2023	22	泌尿器	1
7010239	0	2023	21	皮膚科	1
7010239	0	2023	02	脳神内	1
7010262	0	2023	50	消化内	1
7010304	0	2023	05	呼吸内	1
7010304	0	2023	19	形成外	1
7011203	0	2023	18	整形外	1
7011344	0	2023	05	呼吸内	1
7011344	0	2023	34	救急科	1
7011344	0	2023	18	整形外	1
7011344	0	2023	50	消化内	2
7011344	0	2023	25	耳鼻科	1
7011344	0	2023	02	脳神内	1
8010017	0	2023	10	小児科	1
8010017	0	2023	12	心療科	1
8010017	0	2023	18	整形外	1
8010017	0	2023	50	消化内	1
8010017	0	2023	14	消化外	1
8010017	0	2023	21	皮膚科	1
8010017	0	2023	06	糖尿内	1
8010017	0	2023	01	血液内	1
8010041	0	2023	48	リウ膠	3
8010041	0	2023	16	乳甲外	2
8010041	0	2023	17	小児外	4
8010041	0	2023	10	小児科	1
8010041	0	2023	19	形成外	7
8010041	0	2023	12	心療科	2
8010041	0	2023	15	心血外	6
8010041	0	2023	18	整形外	3
8010041	0	2023	22	泌尿器	1
8010041	0	2023	50	消化内	1
8010041	0	2023	14	消化外	2
8010041	0	2023	43	産婦人	1
8010041	0	2023	21	皮膚科	3
8010041	0	2023	36	総合診	1
8010041	0	2023	08	腎臓内	1
8010041	0	2023	01	血液内	2
8011186	0	2023	48	リウ膠	1
8011186	0	2023	19	形成外	1
8011186	0	2023	26	眼科	1
8011186	0	2023	27	臨腫瘍	1
8011186	0	2023	37	麻酔科	1
8800038	0	2023	48	リウ膠	1
8800038	0	2023	16	乳甲外	1
8800038	0	2023	05	呼吸内	2
8800038	0	2023	19	形成外	1
8800038	0	2023	07	循環内	1
8800038	0	2023	12	心療科	2
8800038	0	2023	15	心血外	2
8800038	0	2023	30	放核医	1
8800038	0	2023	18	整形外	6
8800038	0	2023	50	消化内	2
8800038	0	2023	20	脳神外	3
8800061	0	2023	31	リハ	1
8800061	0	2023	16	乳甲外	2
8800061	0	2023	07	循環内	1
8800061	0	2023	34	救急科	1
8800061	0	2023	18	整形外	3
8800061	0	2023	14	消化外	1
8800061	0	2023	43	産婦人	1
8800061	0	2023	21	皮膚科	1
8800061	0	2023	25	耳鼻科	3
8800061	0	2023	02	脳神内	1
8800061	0	2023	01	血液内	1
8800079	0	2023	48	リウ膠	1
8800079	0	2023	31	リハ	2
8800079	0	2023	16	乳甲外	1
8800079	0	2023	34	救急科	2
8800079	0	2023	18	整形外	2
8800079	0	2023	32	歯口外	1
8800079	0	2023	22	泌尿器	2
8800079	0	2023	50	消化内	4
8800079	0	2023	21	皮膚科	2
8800079	0	2023	26	眼科	1
8800087	0	2023	07	循環内	1
8800087	0	2023	12	心療科	1
8800087	0	2023	22	泌尿器	2
8800087	0	2023	14	消化外	1
8800087	0	2023	25	耳鼻科	1
8800087	0	2023	02	脳神内	1
8800087	0	2023	20	脳神外	1
8800087	0	2023	27	臨腫瘍	1
8800087	0	2023	37	麻酔科	1
8800129	0	2023	18	整形外	1
8800129	0	2023	32	歯口外	1
8800137	0	2023	20	脳神外	1
8800160	0	2023	16	乳甲外	1
8800160	0	2023	19	形成外	1
8800160	0	2023	07	循環内	1
8800160	0	2023	15	心血外	1
8800160	0	2023	34	救急科	2
8800160	0	2023	18	整形外	3
8800160	0	2023	22	泌尿器	2
8800160	0	2023	50	消化内	2
8800160	0	2023	14	消化外	1
8800160	0	2023	09	脳卒中	2
8800160	0	2023	02	脳神内	3
8800160	0	2023	20	脳神外	1
8800160	0	2023	08	腎臓内	5
8800160	0	2023	01	血液内	2
8800160	0	2023	37	麻酔科	1
8800178	0	2023	50	消化内	1
8800194	0	2023	16	乳甲外	4
8800194	0	2023	19	形成外	1
8800194	0	2023	12	心療科	2
8800194	0	2023	15	心血外	2
8800194	0	2023	18	整形外	2
8800194	0	2023	43	産婦人	1
8800194	0	2023	26	眼科	1
8800194	0	2023	06	糖尿内	2
8800194	0	2023	25	耳鼻科	3
8800194	0	2023	09	脳卒中	2
8800194	0	2023	02	脳神内	3
8800194	0	2023	08	腎臓内	1
8800194	0	2023	27	臨腫瘍	1
8800194	0	2023	37	麻酔科	1
8900127	0	2023	48	リウ膠	3
8900127	0	2023	16	乳甲外	3
8900127	0	2023	05	呼吸内	4
8900127	0	2023	13	呼吸外	3
8900127	0	2023	17	小児外	1
8900127	0	2023	10	小児科	6
8900127	0	2023	19	形成外	3
8900127	0	2023	07	循環内	7
8900127	0	2023	15	心血外	2
8900127	0	2023	30	放核医	1
8900127	0	2023	29	放治療	1
8900127	0	2023	18	整形外	5
8900127	0	2023	32	歯口外	2
8900127	0	2023	22	泌尿器	3
8900127	0	2023	50	消化内	13
8900127	0	2023	14	消化外	5
8900127	0	2023	43	産婦人	4
8900127	0	2023	21	皮膚科	7
8900127	0	2023	26	眼科	2
8900127	0	2023	25	耳鼻科	1
8900127	0	2023	02	脳神内	1
8900127	0	2023	20	脳神外	4
8900127	0	2023	08	腎臓内	1
8900127	0	2023	27	臨腫瘍	1
8900135	0	2023	05	呼吸内	1
8900135	0	2023	10	小児科	3
8900135	0	2023	34	救急科	2
8900135	0	2023	14	消化外	1
8900325	0	2023	48	リウ膠	1
8900325	0	2023	16	乳甲外	3
8900325	0	2023	13	呼吸外	1
8900325	0	2023	34	救急科	1
8900325	0	2023	18	整形外	5
8900325	0	2023	32	歯口外	2
8900325	0	2023	22	泌尿器	1
8900325	0	2023	50	消化内	2
8900325	0	2023	14	消化外	1
8900325	0	2023	21	皮膚科	3
8900325	0	2023	26	眼科	1
8900325	0	2023	06	糖尿内	2
8900325	0	2023	36	総合診	2
8900325	0	2023	02	脳神内	1
8900416	0	2023	48	リウ膠	8
8900416	0	2023	31	リハ	1
8900416	0	2023	16	乳甲外	1
8900416	0	2023	05	呼吸内	1
8900416	0	2023	13	呼吸外	3
8900416	0	2023	07	循環内	2
8900416	0	2023	15	心血外	5
8900416	0	2023	34	救急科	3
8900416	0	2023	18	整形外	6
8900416	0	2023	22	泌尿器	5
8900416	0	2023	50	消化内	9
8900416	0	2023	14	消化外	3
8900416	0	2023	43	産婦人	1
8900416	0	2023	21	皮膚科	11
8900416	0	2023	26	眼科	1
8900416	0	2023	25	耳鼻科	1
8900416	0	2023	09	脳卒中	1
8900416	0	2023	02	脳神内	2
8900416	0	2023	20	脳神外	2
8900416	0	2023	08	腎臓内	1
8900416	0	2023	01	血液内	2
8900432	0	2023	15	心血外	1
8900432	0	2023	50	消化内	1
8900598	0	2023	48	リウ膠	1
8900598	0	2023	05	呼吸内	4
8900598	0	2023	19	形成外	1
8900598	0	2023	07	循環内	1
8900598	0	2023	15	心血外	1
8900598	0	2023	50	消化内	1
8900598	0	2023	14	消化外	1
8900598	0	2023	02	脳神内	1
8900598	0	2023	01	血液内	1
8900713	0	2023	15	心血外	1
8900713	0	2023	18	整形外	1
8900713	0	2023	50	消化内	1
8900713	0	2023	02	脳神内	1
8900846	0	2023	15	心血外	2
8900846	0	2023	18	整形外	1
8900846	0	2023	36	総合診	1
8901315	0	2023	48	リウ膠	1
8901315	0	2023	16	乳甲外	3
8901315	0	2023	05	呼吸内	7
8901315	0	2023	13	呼吸外	1
8901315	0	2023	10	小児科	1
8901315	0	2023	19	形成外	4
8901315	0	2023	07	循環内	18
8901315	0	2023	15	心血外	4
8901315	0	2023	30	放核医	2
8901315	0	2023	34	救急科	4
8901315	0	2023	18	整形外	14
8901315	0	2023	32	歯口外	1
8901315	0	2023	22	泌尿器	7
8901315	0	2023	50	消化内	13
8901315	0	2023	14	消化外	7
8901315	0	2023	43	産婦人	1
8901315	0	2023	21	皮膚科	6
8901315	0	2023	25	耳鼻科	9
8901315	0	2023	09	脳卒中	5
8901315	0	2023	02	脳神内	1
8901315	0	2023	20	脳神外	1
8901315	0	2023	08	腎臓内	3
8901315	0	2023	01	血液内	1
8901794	0	2023	13	呼吸外	2
8901794	0	2023	15	心血外	1
8901901	0	2023	48	リウ膠	1
8901901	0	2023	16	乳甲外	1
8901901	0	2023	05	呼吸内	3
8901901	0	2023	12	心療科	1
8901901	0	2023	18	整形外	3
8901901	0	2023	22	泌尿器	1
8901901	0	2023	50	消化内	4
8901901	0	2023	25	耳鼻科	5
8901901	0	2023	20	脳神外	1
8901968	0	2023	15	心血外	1
8902289	0	2023	31	リハ	2
8902289	0	2023	12	心療科	1
8902289	0	2023	18	整形外	1
8902289	0	2023	06	糖尿内	1
8902339	0	2023	13	呼吸外	1
8902347	0	2023	48	リウ膠	2
8902347	0	2023	16	乳甲外	2
8902347	0	2023	05	呼吸内	1
8902347	0	2023	13	呼吸外	1
8902347	0	2023	10	小児科	1
8902347	0	2023	19	形成外	1
8902347	0	2023	07	循環内	8
8902347	0	2023	15	心血外	1
8902347	0	2023	34	救急科	4
8902347	0	2023	18	整形外	13
8902347	0	2023	22	泌尿器	4
8902347	0	2023	50	消化内	14
8902347	0	2023	14	消化外	5
8902347	0	2023	43	産婦人	1
8902347	0	2023	21	皮膚科	5
8902347	0	2023	06	糖尿内	2
8902347	0	2023	36	総合診	2
8902347	0	2023	25	耳鼻科	1
8902347	0	2023	09	脳卒中	6
8902347	0	2023	02	脳神内	6
8902347	0	2023	20	脳神外	1
8902347	0	2023	08	腎臓内	2
8902347	0	2023	01	血液内	1
8902461	0	2023	16	乳甲外	1
8902461	0	2023	05	呼吸内	1
8902461	0	2023	18	整形外	2
8902610	0	2023	05	呼吸内	1
8902610	0	2023	43	産婦人	3
8902610	0	2023	06	糖尿内	1
8902610	0	2023	08	腎臓内	1
8902628	0	2023	07	循環内	2
8902628	0	2023	50	消化内	2
8902636	0	2023	09	脳卒中	1
8902636	0	2023	02	脳神内	1
8902644	0	2023	02	脳神内	1
8902735	0	2023	08	腎臓内	1
8902784	0	2023	19	形成外	1
8902784	0	2023	50	消化内	4
8902784	0	2023	21	皮膚科	1
8902784	0	2023	09	脳卒中	1
8902958	0	2023	12	心療科	1
8902958	0	2023	34	救急科	1
8902958	0	2023	18	整形外	1
8902958	0	2023	20	脳神外	1
8903014	0	2023	12	心療科	1
8903055	0	2023	05	呼吸内	1
8903055	0	2023	07	循環内	1
8903055	0	2023	15	心血外	1
8903055	0	2023	14	消化外	1
8903055	0	2023	26	眼科	1
8903055	0	2023	06	糖尿内	2
8903055	0	2023	02	脳神内	1
8903055	0	2023	20	脳神外	1
8903055	0	2023	01	血液内	3
8903089	0	2023	31	リハ	1
8903089	0	2023	05	呼吸内	1
8903089	0	2023	17	小児外	1
8903089	0	2023	10	小児科	2
8903089	0	2023	19	形成外	2
8903089	0	2023	07	循環内	3
8903089	0	2023	12	心療科	1
8903089	0	2023	15	心血外	7
8903089	0	2023	29	放治療	1
8903089	0	2023	34	救急科	1
8903089	0	2023	18	整形外	3
8903089	0	2023	32	歯口外	1
8903089	0	2023	22	泌尿器	1
8903089	0	2023	50	消化内	2
8903089	0	2023	14	消化外	1
8903089	0	2023	21	皮膚科	3
8903089	0	2023	26	眼科	1
8903089	0	2023	06	糖尿内	2
8903089	0	2023	25	耳鼻科	2
8903089	0	2023	02	脳神内	4
8903089	0	2023	20	脳神外	5
8903089	0	2023	08	腎臓内	4
8903089	0	2023	01	血液内	2
8903089	0	2023	37	麻酔科	1
8903113	0	2023	17	小児外	1
8903154	0	2023	05	呼吸内	1
8903154	0	2023	07	循環内	3
8903154	0	2023	18	整形外	13
8903154	0	2023	50	消化内	1
8903154	0	2023	08	腎臓内	1
8903162	0	2023	48	リウ膠	1
8903162	0	2023	10	小児科	1
8903162	0	2023	21	皮膚科	1
8903162	0	2023	26	眼科	1
8903162	0	2023	06	糖尿内	1
8903162	0	2023	36	総合診	1
8903162	0	2023	25	耳鼻科	2
8903162	0	2023	08	腎臓内	2
8903162	0	2023	27	臨腫瘍	1
9800011	0	2023	31	リハ	3
9800011	0	2023	16	乳甲外	89
9800011	0	2023	05	呼吸内	4
9800011	0	2023	10	小児科	10
9800011	0	2023	19	形成外	4
9800011	0	2023	12	心療科	4
9800011	0	2023	15	心血外	1
9800011	0	2023	29	放治療	6
9800011	0	2023	18	整形外	5
9800011	0	2023	32	歯口外	2
9800011	0	2023	22	泌尿器	1
9800011	0	2023	50	消化内	4
9800011	0	2023	43	産婦人	3
9800011	0	2023	21	皮膚科	2
9800011	0	2023	26	眼科	1
9800011	0	2023	06	糖尿内	2
9800011	0	2023	25	耳鼻科	17
9800011	0	2023	02	脳神内	8
9800011	0	2023	20	脳神外	179
9800011	0	2023	08	腎臓内	1
9800011	0	2023	27	臨腫瘍	2
9800011	0	2023	01	血液内	8
9800011	0	2023	37	麻酔科	1
9800037	0	2023	31	リハ	6
9800037	0	2023	16	乳甲外	2
9800037	0	2023	10	小児科	8
9800037	0	2023	15	心血外	3
9800037	0	2023	18	整形外	8
9800037	0	2023	21	皮膚科	3
9800037	0	2023	26	眼科	2
9800037	0	2023	25	耳鼻科	3
9800037	0	2023	02	脳神内	3
9800037	0	2023	20	脳神外	4
9800037	0	2023	01	血液内	1
9900027	0	2023	48	リウ膠	5
9900027	0	2023	31	リハ	1
9900027	0	2023	16	乳甲外	5
9900027	0	2023	05	呼吸内	5
9900027	0	2023	13	呼吸外	3
9900027	0	2023	17	小児外	1
9900027	0	2023	10	小児科	1
9900027	0	2023	07	循環内	7
9900027	0	2023	30	放核医	1
9900027	0	2023	34	救急科	1
9900027	0	2023	18	整形外	3
9900027	0	2023	32	歯口外	1
9900027	0	2023	22	泌尿器	6
9900027	0	2023	50	消化内	12
9900027	0	2023	14	消化外	6
9900027	0	2023	43	産婦人	2
9900027	0	2023	21	皮膚科	1
9900027	0	2023	06	糖尿内	3
9900027	0	2023	36	総合診	1
9900027	0	2023	25	耳鼻科	5
9900027	0	2023	09	脳卒中	3
9900027	0	2023	02	脳神内	11
9900027	0	2023	20	脳神外	2
9900027	0	2023	08	腎臓内	1
