医療機関CD,病院区分,年度,診療年月日,科コード,診療科,紹介件数
0104443,0,2024,2024-06-21,32,歯口外,1
0104443,0,2024,2025-03-03,32,歯口外,1
0105408,0,2024,2025-03-29,32,歯口外,1
0105895,0,2024,2024-11-13,32,歯口外,1
0106059,0,2024,2024-07-29,32,歯口外,1
0106059,0,2024,2024-08-07,32,歯口外,1
0106067,0,2024,2024-06-19,32,歯口外,1
0106067,0,2024,2024-08-05,32,歯口外,1
0106067,0,2024,2024-11-29,32,歯口外,1
0106356,0,2024,2024-07-08,32,歯口外,1
0106356,0,2024,2025-01-27,32,歯口外,1
0106356,0,2024,2025-03-17,32,歯口外,1
0106356,0,2024,2025-03-24,32,歯口外,1
0106588,0,2024,2025-02-05,32,歯口外,1
0106976,0,2024,2025-01-27,32,歯口外,1
0107024,0,2024,2024-08-21,32,歯口外,1
0107040,0,2024,2024-06-26,32,歯口外,1
0107135,0,2024,2024-06-05,18,整形外,1
0107135,0,2024,2024-06-18,18,整形外,1
0107305,0,2024,2024-08-28,32,歯口外,1
0107305,0,2024,2024-10-02,32,歯口外,1
0107305,0,2024,2024-10-30,32,歯口外,1
0107305,0,2024,2024-11-27,32,歯口外,1
0107305,0,2024,2025-02-26,32,歯口外,1
0107564,0,2024,2024-05-02,26,眼科,1
0107564,0,2024,2024-05-30,26,眼科,1
0107564,0,2024,2024-06-06,26,眼科,1
0107564,0,2024,2024-06-21,26,眼科,1
0107564,0,2024,2024-07-04,26,眼科,1
0107564,0,2024,2024-07-18,26,眼科,1
0107564,0,2024,2025-02-06,26,眼科,1
0107564,0,2024,2025-02-13,26,眼科,1
0107564,0,2024,2025-02-27,26,眼科,1
0107564,0,2024,2025-03-06,26,眼科,1
0107564,0,2024,2025-03-13,26,眼科,1
0107663,0,2024,2024-12-19,5,呼吸内,1
0107663,0,2024,2024-10-24,10,小児科,1
0107663,0,2024,2024-05-22,7,循環内,1
0107663,0,2024,2024-06-03,7,循環内,1
0107663,0,2024,2024-11-28,18,整形外,1
0107663,0,2024,2024-05-08,50,消化内,1
0107663,0,2024,2024-08-01,50,消化内,1
0107663,0,2024,2024-11-18,2,脳神内,1
0107663,0,2024,2025-02-06,8,腎臓内,1
0107982,0,2024,2024-06-18,32,歯口外,1
0107982,0,2024,2024-06-19,32,歯口外,1
0107982,0,2024,2024-12-03,32,歯口外,1
0107982,0,2024,2024-12-17,32,歯口外,1
0107982,0,2024,2024-12-19,32,歯口外,1
0107982,0,2024,2025-01-24,32,歯口外,1
0107982,0,2024,2025-03-31,32,歯口外,1
0108034,0,2024,2024-06-14,26,眼科,1
0108034,0,2024,2025-03-12,26,眼科,1
0108075,0,2024,2024-10-31,10,小児科,1
0108075,0,2024,2024-11-07,10,小児科,1
0108105,0,2024,2024-08-06,16,乳甲外,1
0108105,0,2024,2024-08-27,32,歯口外,1
0108261,0,2024,2024-10-12,32,歯口外,1
0108261,0,2024,2024-10-25,32,歯口外,1
0108345,0,2024,2024-05-17,32,歯口外,1
0108469,0,2024,2024-08-07,32,歯口外,1
0108675,0,2024,2024-05-07,32,歯口外,1
0108675,0,2024,2024-05-21,32,歯口外,1
0108675,0,2024,2024-05-29,32,歯口外,1
0108675,0,2024,2024-07-02,32,歯口外,1
0108675,0,2024,2024-12-06,32,歯口外,1
0108675,0,2024,2025-02-12,32,歯口外,1
0108741,0,2024,2025-03-12,32,歯口外,1
0108919,0,2024,2024-05-16,10,小児科,1
0108919,0,2024,2024-08-03,10,小児科,1
0108919,0,2024,2024-11-07,10,小児科,1
0108919,0,2024,2025-01-27,10,小児科,1
0108919,0,2024,2025-03-13,10,小児科,1
0108919,0,2024,2025-03-19,10,小児科,1
0108919,0,2024,2024-12-09,19,形成外,1
0108919,0,2024,2025-01-06,36,総合診,1
0109123,0,2024,2024-10-10,17,小児外,1
0109123,0,2024,2024-06-24,10,小児科,1
0109123,0,2024,2024-10-03,10,小児科,1
0109263,0,2024,2025-01-20,9,脳卒中,1
0109343,0,2024,2024-06-24,19,形成外,1
0109343,0,2024,2024-12-09,19,形成外,1
0109418,0,2024,2024-07-26,32,歯口外,1
0109418,0,2024,2024-08-09,32,歯口外,1
0109418,0,2024,2025-02-27,32,歯口外,1
0109442,0,2024,2024-05-01,25,耳鼻科,1
0109442,0,2024,2024-06-19,25,耳鼻科,1
0109442,0,2024,2024-10-30,25,耳鼻科,1
0109442,0,2024,2025-01-06,25,耳鼻科,1
0109442,0,2024,2025-02-17,25,耳鼻科,2
0109442,0,2024,2025-02-19,25,耳鼻科,1
0109467,0,2024,2025-01-21,32,歯口外,1
0109491,0,2024,2024-05-13,32,歯口外,1
0109491,0,2024,2024-06-17,32,歯口外,1
0109624,0,2024,2024-10-25,32,歯口外,1
0109855,0,2024,2024-06-05,32,歯口外,1
0109855,0,2024,2024-12-14,32,歯口外,1
0109855,0,2024,2024-12-21,32,歯口外,1
0110062,0,2024,2025-02-04,17,小児外,1
0110062,0,2024,2024-07-29,19,形成外,1
0110062,0,2024,2024-06-19,25,耳鼻科,1
0110170,0,2024,2024-05-20,12,心療科,1
0110170,0,2024,2024-06-04,12,心療科,2
0110170,0,2024,2025-01-31,50,消化内,1
0110170,0,2024,2025-02-12,25,耳鼻科,1
0110246,0,2024,2024-11-14,48,リウ膠,1
0110246,0,2024,2024-10-26,7,循環内,1
0110246,0,2024,2024-06-06,28,放診断,1
0110246,0,2024,2024-11-05,18,整形外,1
0110246,0,2024,2024-12-23,18,整形外,1
0110246,0,2024,2025-01-29,18,整形外,1
0110246,0,2024,2025-03-26,18,整形外,1
0110246,0,2024,2024-08-06,14,消化外,1
0110246,0,2024,2024-07-02,26,眼科,1
0110246,0,2024,2024-08-26,26,眼科,1
0110246,0,2024,2024-12-20,26,眼科,1
0110246,0,2024,2025-03-11,26,眼科,1
0110246,0,2024,2024-05-08,9,脳卒中,1
0110246,0,2024,2024-07-17,27,臨腫瘍,1
0110246,0,2024,2025-02-14,27,臨腫瘍,1
0110261,0,2024,2024-05-27,50,消化内,1
0110261,0,2024,2024-06-24,50,消化内,1
0110261,0,2024,2024-11-18,50,消化内,1
0110261,0,2024,2024-11-28,50,消化内,1
0110261,0,2024,2025-01-27,50,消化内,1
0110279,0,2024,2024-05-01,12,心療科,1
0110279,0,2024,2024-06-26,12,心療科,1
0110279,0,2024,2024-08-14,12,心療科,1
0110279,0,2024,2024-10-24,12,心療科,1
0110279,0,2024,2025-02-28,12,心療科,1
0110279,0,2024,2025-03-27,12,心療科,1
0110279,0,2024,2024-07-22,18,整形外,1
0110279,0,2024,2024-06-14,22,泌尿器,1
0110279,0,2024,2024-12-27,22,泌尿器,1
0110279,0,2024,2024-06-14,6,糖尿内,1
0110279,0,2024,2024-10-25,6,糖尿内,1
0110279,0,2024,2024-12-27,6,糖尿内,1
0110279,0,2024,2025-03-25,6,糖尿内,1
0110279,0,2024,2024-08-19,2,脳神内,1
0110279,0,2024,2024-12-21,2,脳神内,1
0110341,0,2024,2025-02-08,32,歯口外,1
0110408,0,2024,2024-06-12,32,歯口外,1
0110427,0,2024,2024-08-08,19,形成外,4
0110440,0,2024,2024-12-02,25,耳鼻科,1
0110493,0,2024,2024-08-19,16,乳甲外,1
0110493,0,2024,2024-08-23,16,乳甲外,1
0110493,0,2024,2025-02-19,12,心療科,1
0110493,0,2024,2025-03-21,15,心血外,1
0110493,0,2024,2024-08-09,2,脳神内,1
0110531,0,2024,2024-10-25,32,歯口外,1
0110580,0,2024,2024-05-09,32,歯口外,1
0110580,0,2024,2024-05-13,32,歯口外,1
0110580,0,2024,2024-05-20,32,歯口外,2
0110580,0,2024,2024-05-27,32,歯口外,2
0110580,0,2024,2024-06-17,32,歯口外,1
0110580,0,2024,2024-06-24,32,歯口外,1
0110580,0,2024,2024-07-08,32,歯口外,2
0110580,0,2024,2024-07-22,32,歯口外,2
0110580,0,2024,2024-08-05,32,歯口外,1
0110580,0,2024,2024-08-19,32,歯口外,1
0110580,0,2024,2024-10-21,32,歯口外,5
0110580,0,2024,2024-10-28,32,歯口外,1
0110580,0,2024,2024-10-31,32,歯口外,1
0110580,0,2024,2024-11-18,32,歯口外,4
0110580,0,2024,2024-11-25,32,歯口外,1
0110580,0,2024,2024-12-02,32,歯口外,2
0110580,0,2024,2024-12-16,32,歯口外,1
0110580,0,2024,2025-01-06,32,歯口外,1
0110580,0,2024,2025-01-27,32,歯口外,1
0110580,0,2024,2025-02-03,32,歯口外,2
0110580,0,2024,2025-02-12,32,歯口外,1
0110580,0,2024,2025-02-17,32,歯口外,1
0110580,0,2024,2025-03-10,32,歯口外,1
0110626,0,2024,2025-01-24,12,心療科,1
0110626,0,2024,2024-05-21,34,救急科,1
0110626,0,2024,2024-06-25,18,整形外,1
0110626,0,2024,2025-02-04,22,泌尿器,1
0110626,0,2024,2024-07-25,50,消化内,1
0110626,0,2024,2025-01-24,50,消化内,1
0110626,0,2024,2024-05-02,21,皮膚科,1
0110626,0,2024,2024-06-17,21,皮膚科,1
0110626,0,2024,2025-03-03,25,耳鼻科,1
0110626,0,2024,2025-03-19,25,耳鼻科,1
0110626,0,2024,2024-05-22,2,脳神内,1
0110626,0,2024,2024-06-17,2,脳神内,1
0110626,0,2024,2024-11-11,2,脳神内,1
0110626,0,2024,2025-01-27,2,脳神内,1
0110626,0,2024,2025-02-06,2,脳神内,1
0110626,0,2024,2025-03-27,2,脳神内,1
0110663,0,2024,2025-03-28,32,歯口外,1
0110663,0,2024,2025-03-29,32,歯口外,1
0110689,0,2024,2024-06-10,19,形成外,1
0110689,0,2024,2024-07-29,19,形成外,1
0110689,0,2024,2024-11-11,19,形成外,1
0110689,0,2024,2024-05-08,32,歯口外,1
0110689,0,2024,2024-12-09,32,歯口外,1
0110816,0,2024,2024-12-24,36,総合診,1
0110899,0,2024,2024-11-27,31,リハ,1
0111053,0,2024,2024-05-16,5,呼吸内,1
0111061,0,2024,2024-06-06,18,整形外,1
0111091,0,2024,2025-02-19,32,歯口外,1
0111091,0,2024,2025-03-26,32,歯口外,1
0111152,0,2024,2024-07-05,48,リウ膠,1
0111152,0,2024,2025-01-30,48,リウ膠,1
0111152,0,2024,2024-05-02,16,乳甲外,1
0111152,0,2024,2024-07-31,16,乳甲外,1
0111152,0,2024,2024-11-08,16,乳甲外,1
0111152,0,2024,2024-06-24,5,呼吸内,1
0111152,0,2024,2024-07-02,5,呼吸内,1
0111152,0,2024,2024-12-10,5,呼吸内,1
0111152,0,2024,2024-05-15,13,呼吸外,1
0111152,0,2024,2024-06-07,13,呼吸外,1
0111152,0,2024,2024-05-29,10,小児科,1
0111152,0,2024,2024-07-29,10,小児科,1
0111152,0,2024,2024-06-18,19,形成外,1
0111152,0,2024,2024-08-06,19,形成外,1
0111152,0,2024,2024-08-27,19,形成外,1
0111152,0,2024,2024-10-08,19,形成外,1
0111152,0,2024,2024-10-29,19,形成外,1
0111152,0,2024,2024-12-27,19,形成外,1
0111152,0,2024,2025-01-24,19,形成外,1
0111152,0,2024,2024-06-03,7,循環内,1
0111152,0,2024,2024-06-27,7,循環内,1
0111152,0,2024,2024-08-08,7,循環内,1
0111152,0,2024,2024-10-08,7,循環内,1
0111152,0,2024,2024-10-23,7,循環内,1
0111152,0,2024,2024-10-24,7,循環内,1
0111152,0,2024,2024-11-02,7,循環内,1
0111152,0,2024,2024-12-17,7,循環内,1
0111152,0,2024,2025-02-04,7,循環内,1
0111152,0,2024,2025-02-07,7,循環内,1
0111152,0,2024,2025-03-10,7,循環内,1
0111152,0,2024,2024-07-17,12,心療科,1
0111152,0,2024,2025-02-26,12,心療科,1
0111152,0,2024,2025-03-26,12,心療科,1
0111152,0,2024,2024-06-17,15,心血外,1
0111152,0,2024,2024-07-05,15,心血外,1
0111152,0,2024,2024-08-06,15,心血外,1
0111152,0,2024,2024-11-01,15,心血外,1
0111152,0,2024,2024-11-08,15,心血外,1
0111152,0,2024,2024-12-11,15,心血外,1
0111152,0,2024,2024-12-13,15,心血外,1
0111152,0,2024,2025-02-21,15,心血外,1
0111152,0,2024,2024-11-16,34,救急科,1
0111152,0,2024,2025-02-19,34,救急科,1
0111152,0,2024,2024-05-01,18,整形外,1
0111152,0,2024,2024-05-21,18,整形外,1
0111152,0,2024,2024-05-28,18,整形外,1
0111152,0,2024,2024-05-31,18,整形外,1
0111152,0,2024,2024-07-31,18,整形外,1
0111152,0,2024,2024-08-01,18,整形外,1
0111152,0,2024,2024-08-02,18,整形外,1
0111152,0,2024,2024-08-21,18,整形外,1
0111152,0,2024,2024-11-07,18,整形外,1
0111152,0,2024,2024-11-28,18,整形外,1
0111152,0,2024,2024-12-13,18,整形外,1
0111152,0,2024,2024-12-24,18,整形外,1
0111152,0,2024,2025-01-04,18,整形外,1
0111152,0,2024,2025-01-09,18,整形外,1
0111152,0,2024,2025-01-22,18,整形外,1
0111152,0,2024,2025-01-27,18,整形外,1
0111152,0,2024,2025-03-26,18,整形外,1
0111152,0,2024,2025-03-28,18,整形外,1
0111152,0,2024,2024-07-03,22,泌尿器,1
0111152,0,2024,2024-08-15,22,泌尿器,1
0111152,0,2024,2024-11-08,22,泌尿器,1
0111152,0,2024,2024-12-09,22,泌尿器,1
0111152,0,2024,2024-12-18,22,泌尿器,1
0111152,0,2024,2025-01-07,22,泌尿器,1
0111152,0,2024,2025-01-28,22,泌尿器,1
0111152,0,2024,2024-05-08,50,消化内,1
0111152,0,2024,2024-06-14,50,消化内,1
0111152,0,2024,2024-07-29,50,消化内,1
0111152,0,2024,2024-10-23,50,消化内,1
0111152,0,2024,2024-10-28,50,消化内,1
0111152,0,2024,2024-10-29,50,消化内,1
0111152,0,2024,2024-11-11,50,消化内,1
0111152,0,2024,2025-01-30,50,消化内,2
0111152,0,2024,2025-02-26,50,消化内,1
0111152,0,2024,2025-03-08,50,消化内,1
0111152,0,2024,2024-07-01,14,消化外,1
0111152,0,2024,2025-03-07,14,消化外,1
0111152,0,2024,2024-11-18,21,皮膚科,1
0111152,0,2024,2025-02-12,21,皮膚科,1
0111152,0,2024,2025-02-28,21,皮膚科,1
0111152,0,2024,2024-08-01,26,眼科,1
0111152,0,2024,2025-02-25,26,眼科,1
0111152,0,2024,2024-06-05,6,糖尿内,1
0111152,0,2024,2024-06-26,6,糖尿内,1
0111152,0,2024,2024-12-18,6,糖尿内,1
0111152,0,2024,2025-01-15,6,糖尿内,1
0111152,0,2024,2024-05-10,25,耳鼻科,1
0111152,0,2024,2024-06-19,25,耳鼻科,1
0111152,0,2024,2024-10-23,25,耳鼻科,1
0111152,0,2024,2024-11-20,25,耳鼻科,1
0111152,0,2024,2025-02-05,25,耳鼻科,1
0111152,0,2024,2024-08-05,9,脳卒中,1
0111152,0,2024,2024-05-02,2,脳神内,1
0111152,0,2024,2024-05-08,2,脳神内,1
0111152,0,2024,2024-06-12,2,脳神内,1
0111152,0,2024,2024-07-01,2,脳神内,1
0111152,0,2024,2024-07-31,2,脳神内,1
0111152,0,2024,2025-01-15,2,脳神内,1
0111152,0,2024,2025-01-28,2,脳神内,1
0111152,0,2024,2024-05-20,20,脳神外,1
0111152,0,2024,2024-07-27,20,脳神外,1
0111152,0,2024,2024-12-17,20,脳神外,1
0111152,0,2024,2024-12-18,8,腎臓内,1
0111152,0,2024,2024-05-21,1,血液内,1
0111152,0,2024,2024-12-17,1,血液内,1
0111152,0,2024,2025-03-04,1,血液内,1
0111240,0,2024,2024-08-19,32,歯口外,1
0111240,0,2024,2024-12-02,32,歯口外,1
0111240,0,2024,2025-01-06,32,歯口外,1
0111257,0,2024,2024-11-06,32,歯口外,1
0111299,0,2024,2024-11-06,32,歯口外,1
0111299,0,2024,2025-02-01,32,歯口外,1
0111319,0,2024,2025-03-03,16,乳甲外,1
0111319,0,2024,2024-12-18,7,循環内,1
0111319,0,2024,2024-11-29,34,救急科,1
0111319,0,2024,2024-12-29,34,救急科,1
0111319,0,2024,2024-07-08,18,整形外,1
0111319,0,2024,2024-07-29,18,整形外,1
0111319,0,2024,2024-08-08,18,整形外,1
0111319,0,2024,2024-10-28,18,整形外,1
0111319,0,2024,2025-01-17,18,整形外,1
0111319,0,2024,2025-01-20,18,整形外,1
0111319,0,2024,2025-01-23,18,整形外,1
0111319,0,2024,2025-02-03,18,整形外,1
0111319,0,2024,2025-02-18,18,整形外,1
0111319,0,2024,2025-02-26,18,整形外,1
0111319,0,2024,2025-01-17,22,泌尿器,1
0111319,0,2024,2024-12-26,50,消化内,1
0111319,0,2024,2024-05-15,6,糖尿内,1
0111319,0,2024,2024-05-28,6,糖尿内,1
0111319,0,2024,2025-03-25,6,糖尿内,2
0111319,0,2024,2024-05-17,9,脳卒中,1
0111319,0,2024,2024-05-10,2,脳神内,1
0111319,0,2024,2024-05-21,2,脳神内,1
0111319,0,2024,2024-06-06,2,脳神内,1
0111319,0,2024,2024-07-04,2,脳神内,1
0111319,0,2024,2024-07-16,2,脳神内,2
0111319,0,2024,2024-08-09,2,脳神内,1
0111319,0,2024,2024-11-21,2,脳神内,1
0111319,0,2024,2024-12-25,2,脳神内,1
0111319,0,2024,2025-03-03,2,脳神内,1
0111319,0,2024,2025-03-24,2,脳神内,1
0111319,0,2024,2025-03-27,2,脳神内,1
0111319,0,2024,2024-07-19,20,脳神外,1
0111319,0,2024,2024-11-11,20,脳神外,1
0111319,0,2024,2024-11-26,20,脳神外,1
0111327,0,2024,2025-01-22,16,乳甲外,1
0111327,0,2024,2024-08-20,50,消化内,1
0111327,0,2024,2024-12-24,50,消化内,1
0111327,0,2024,2024-10-07,21,皮膚科,1
0111327,0,2024,2025-03-05,6,糖尿内,1
0111327,0,2024,2024-07-22,8,腎臓内,1
0111372,0,2024,2025-03-10,32,歯口外,1
0111392,0,2024,2024-08-29,48,リウ膠,1
0111392,0,2024,2024-07-20,34,救急科,1
0111392,0,2024,2025-03-31,6,糖尿内,1
0111392,0,2024,2024-05-17,25,耳鼻科,1
0111392,0,2024,2024-07-24,25,耳鼻科,1
0111392,0,2024,2024-06-03,9,脳卒中,1
0111392,0,2024,2024-12-04,2,脳神内,1
0111392,0,2024,2024-10-17,8,腎臓内,1
0111400,0,2024,2024-07-26,16,乳甲外,1
0111400,0,2024,2025-03-11,16,乳甲外,1
0111400,0,2024,2024-10-25,50,消化内,1
0111400,0,2024,2025-03-05,2,脳神内,1
0111400,0,2024,2025-03-10,2,脳神内,1
0111400,0,2024,2025-03-24,2,脳神内,1
0111400,0,2024,2024-10-02,8,腎臓内,1
0111442,0,2024,2024-06-03,16,乳甲外,1
0111442,0,2024,2024-10-07,16,乳甲外,1
0111442,0,2024,2024-10-11,16,乳甲外,1
0111442,0,2024,2025-03-04,16,乳甲外,2
0111442,0,2024,2025-03-06,16,乳甲外,1
0111442,0,2024,2024-05-02,19,形成外,1
0111442,0,2024,2024-05-09,19,形成外,4
0111442,0,2024,2024-06-06,19,形成外,1
0111442,0,2024,2024-07-04,19,形成外,1
0111442,0,2024,2024-07-18,19,形成外,1
0111442,0,2024,2024-10-24,19,形成外,1
0111442,0,2024,2024-12-05,19,形成外,1
0111442,0,2024,2024-12-12,19,形成外,1
0111442,0,2024,2025-01-16,19,形成外,1
0111442,0,2024,2025-01-14,29,放治療,1
0111475,0,2024,2024-08-29,19,形成外,1
0111489,0,2024,2024-05-10,32,歯口外,1
0111489,0,2024,2024-05-28,32,歯口外,1
0111489,0,2024,2024-06-07,32,歯口外,1
0111489,0,2024,2024-07-18,32,歯口外,1
0111489,0,2024,2024-07-25,32,歯口外,1
0111489,0,2024,2024-08-05,32,歯口外,1
0111489,0,2024,2024-08-23,32,歯口外,1
0111489,0,2024,2024-08-28,32,歯口外,1
0111489,0,2024,2024-10-15,32,歯口外,1
0111489,0,2024,2024-10-16,32,歯口外,1
0111489,0,2024,2024-10-23,32,歯口外,2
0111489,0,2024,2024-10-31,32,歯口外,1
0111489,0,2024,2024-12-03,32,歯口外,1
0111489,0,2024,2024-12-25,32,歯口外,1
0111489,0,2024,2025-02-14,32,歯口外,1
0111489,0,2024,2025-03-10,32,歯口外,1
0111489,0,2024,2025-03-24,32,歯口外,1
0111491,0,2024,2024-08-27,18,整形外,1
0111491,0,2024,2024-11-08,18,整形外,1
0111491,0,2024,2024-11-20,50,消化内,1
0111491,0,2024,2024-12-13,9,脳卒中,1
0111539,0,2024,2024-05-24,32,歯口外,1
0111539,0,2024,2024-06-14,32,歯口外,1
0111539,0,2024,2024-07-10,32,歯口外,1
0111539,0,2024,2024-08-20,32,歯口外,1
0111539,0,2024,2024-10-23,32,歯口外,1
0111539,0,2024,2024-12-11,32,歯口外,1
0111539,0,2024,2025-01-14,32,歯口外,1
0111539,0,2024,2025-01-24,32,歯口外,1
0111539,0,2024,2025-01-27,32,歯口外,1
0111541,0,2024,2024-08-07,21,皮膚科,1
0111541,0,2024,2024-12-04,21,皮膚科,1
0111541,0,2024,2024-12-11,21,皮膚科,1
0111541,0,2024,2024-12-18,21,皮膚科,1
0111541,0,2024,2025-01-15,21,皮膚科,1
0111541,0,2024,2025-02-05,21,皮膚科,1
0111541,0,2024,2025-02-12,21,皮膚科,1
0111541,0,2024,2025-02-19,21,皮膚科,1
0111604,0,2024,2024-05-14,32,歯口外,1
0111604,0,2024,2024-08-13,32,歯口外,1
0111608,0,2024,2024-10-29,10,小児科,1
0111608,0,2024,2025-01-28,7,循環内,1
0111608,0,2024,2024-05-22,15,心血外,1
0111608,0,2024,2025-03-21,15,心血外,1
0111608,0,2024,2024-06-27,28,放診断,1
0111608,0,2024,2024-12-19,28,放診断,1
0111608,0,2024,2025-01-06,28,放診断,1
0111608,0,2024,2025-02-19,28,放診断,1
0111608,0,2024,2025-02-22,28,放診断,1
0111608,0,2024,2025-03-08,28,放診断,1
0111608,0,2024,2025-03-19,28,放診断,1
0111608,0,2024,2024-07-17,18,整形外,1
0111608,0,2024,2024-11-25,18,整形外,1
0111608,0,2024,2025-03-06,18,整形外,1
0111608,0,2024,2025-03-11,18,整形外,1
0111608,0,2024,2025-03-24,18,整形外,1
0111608,0,2024,2025-01-10,50,消化内,1
0111608,0,2024,2025-01-16,50,消化内,1
0111608,0,2024,2025-01-17,50,消化内,1
0111608,0,2024,2025-02-12,50,消化内,1
0111608,0,2024,2024-06-26,2,脳神内,1
0111608,0,2024,2024-11-14,2,脳神内,1
0111624,0,2024,2025-01-10,15,心血外,1
0111624,0,2024,2025-01-22,15,心血外,1
0111624,0,2024,2024-07-29,36,総合診,1
0111632,0,2024,2025-01-27,21,皮膚科,1
0111822,0,2024,2025-03-13,20,脳神外,1
0111855,0,2024,2024-05-17,15,心血外,1
0111863,0,2024,2024-06-05,26,眼科,1
0111863,0,2024,2024-07-12,26,眼科,1
0111871,0,2024,2024-12-19,18,整形外,1
0111954,0,2024,2024-07-09,48,リウ膠,1
0111954,0,2024,2024-08-14,19,形成外,1
0111954,0,2024,2024-10-29,19,形成外,1
0111954,0,2024,2024-06-22,28,放診断,1
0111954,0,2024,2024-07-09,28,放診断,1
0111954,0,2024,2024-08-07,28,放診断,1
0111954,0,2024,2025-01-20,28,放診断,1
0111954,0,2024,2025-02-10,28,放診断,1
0111954,0,2024,2025-03-08,28,放診断,1
0111954,0,2024,2024-05-08,34,救急科,1
0111954,0,2024,2024-05-13,18,整形外,1
0111954,0,2024,2024-05-14,18,整形外,1
0111954,0,2024,2024-05-16,18,整形外,1
0111954,0,2024,2024-06-20,18,整形外,1
0111954,0,2024,2024-06-26,18,整形外,1
0111954,0,2024,2024-07-25,18,整形外,1
0111954,0,2024,2024-10-08,18,整形外,1
0111954,0,2024,2024-10-21,18,整形外,1
0111954,0,2024,2024-10-28,18,整形外,1
0111954,0,2024,2024-11-11,18,整形外,1
0111954,0,2024,2024-12-23,18,整形外,1
0111954,0,2024,2025-01-09,18,整形外,1
0111954,0,2024,2025-03-06,18,整形外,1
0111954,0,2024,2025-03-28,20,脳神外,1
0111970,0,2024,2024-07-26,22,泌尿器,1
0111988,0,2024,2024-11-11,18,整形外,1
0112028,0,2024,2025-03-13,5,呼吸内,1
0112028,0,2024,2024-08-02,28,放診断,1
0112028,0,2024,2024-05-29,18,整形外,1
0112028,0,2024,2024-07-04,18,整形外,1
0112028,0,2024,2024-10-28,18,整形外,1
0112028,0,2024,2025-02-14,18,整形外,1
0112028,0,2024,2025-03-11,18,整形外,1
0112028,0,2024,2024-06-24,20,脳神外,1
0112044,0,2024,2024-11-26,26,眼科,1
0112069,0,2024,2025-03-07,16,乳甲外,1
0112069,0,2024,2025-03-14,16,乳甲外,1
0112069,0,2024,2024-06-06,8,腎臓内,1
0112077,0,2024,2024-06-06,18,整形外,1
0112119,0,2024,2024-10-04,16,乳甲外,1
0112127,0,2024,2024-10-21,13,呼吸外,1
0112127,0,2024,2025-02-26,13,呼吸外,1
0112127,0,2024,2024-10-09,22,泌尿器,1
0112127,0,2024,2024-06-07,50,消化内,1
0112127,0,2024,2024-11-14,50,消化内,1
0112127,0,2024,2025-01-22,50,消化内,1
0112127,0,2024,2024-07-31,6,糖尿内,1
0112184,0,2024,2024-08-22,5,呼吸内,1
0112184,0,2024,2025-03-31,7,循環内,1
0112184,0,2024,2024-06-13,28,放診断,1
0112184,0,2024,2024-10-08,28,放診断,1
0112184,0,2024,2024-11-27,28,放診断,1
0112184,0,2024,2025-03-14,28,放診断,1
0112184,0,2024,2024-05-17,34,救急科,1
0112184,0,2024,2024-06-11,34,救急科,1
0112184,0,2024,2024-07-02,50,消化内,1
0112184,0,2024,2024-10-23,50,消化内,1
0112184,0,2024,2024-11-07,50,消化内,1
0112184,0,2024,2024-11-20,50,消化内,1
0112184,0,2024,2024-05-31,36,総合診,1
0112192,0,2024,2024-08-23,50,消化内,1
0112192,0,2024,2024-07-24,25,耳鼻科,1
0112218,0,2024,2025-03-10,26,眼科,1
0112242,0,2024,2024-05-02,26,眼科,1
0112259,0,2024,2024-07-11,26,眼科,1
0112259,0,2024,2025-01-24,6,糖尿内,1
0112283,0,2024,2024-12-11,22,泌尿器,1
0112283,0,2024,2024-08-05,14,消化外,1
0112291,0,2024,2024-10-08,8,腎臓内,1
0112309,0,2024,2024-05-27,12,心療科,1
0112309,0,2024,2024-11-29,12,心療科,1
0112309,0,2024,2024-05-16,43,産婦人,1
0112309,0,2024,2024-05-22,43,産婦人,1
0112309,0,2024,2024-05-28,43,産婦人,1
0112309,0,2024,2024-10-01,43,産婦人,1
0112309,0,2024,2024-10-08,43,産婦人,1
0112309,0,2024,2024-12-03,43,産婦人,1
0112309,0,2024,2024-12-10,43,産婦人,1
0112309,0,2024,2024-12-17,43,産婦人,1
0112309,0,2024,2025-01-30,43,産婦人,1
0112309,0,2024,2024-10-29,6,糖尿内,1
0112309,0,2024,2024-11-20,6,糖尿内,1
0112309,0,2024,2024-12-04,6,糖尿内,1
0112309,0,2024,2024-12-11,6,糖尿内,1
0112309,0,2024,2025-03-05,6,糖尿内,1
0112325,0,2024,2024-07-10,10,小児科,1
0112325,0,2024,2024-05-09,50,消化内,1
0112325,0,2024,2025-03-17,50,消化内,1
0112325,0,2024,2024-05-09,6,糖尿内,1
0112325,0,2024,2025-02-10,6,糖尿内,1
0112325,0,2024,2024-06-03,25,耳鼻科,1
0112325,0,2024,2024-08-20,2,脳神内,1
0112325,0,2024,2024-08-21,8,腎臓内,1
0112341,0,2024,2025-01-17,6,糖尿内,1
0112382,0,2024,2024-10-30,25,耳鼻科,1
0112465,0,2024,2024-07-10,15,心血外,1
0112465,0,2024,2025-01-08,15,心血外,1
0112465,0,2024,2024-07-10,50,消化内,1
0112465,0,2024,2025-01-08,50,消化内,1
0112465,0,2024,2024-05-16,20,脳神外,1
0112465,0,2024,2024-05-16,8,腎臓内,1
0112481,0,2024,2025-03-05,21,皮膚科,1
0112515,0,2024,2024-08-05,22,泌尿器,1
0112515,0,2024,2024-12-17,6,糖尿内,1
0112515,0,2024,2025-02-19,6,糖尿内,1
0112564,0,2024,2024-07-09,48,リウ膠,1
0112564,0,2024,2025-02-25,5,呼吸内,1
0112564,0,2024,2025-03-10,5,呼吸内,1
0112564,0,2024,2024-12-01,13,呼吸外,1
0112564,0,2024,2024-05-20,15,心血外,1
0112564,0,2024,2024-06-21,15,心血外,1
0112564,0,2024,2024-11-27,15,心血外,1
0112564,0,2024,2024-07-26,28,放診断,1
0112564,0,2024,2024-06-01,34,救急科,1
0112564,0,2024,2024-07-22,50,消化内,1
0112564,0,2024,2024-08-10,50,消化内,1
0112564,0,2024,2024-08-21,50,消化内,1
0112564,0,2024,2024-11-08,50,消化内,1
0112564,0,2024,2025-03-17,50,消化内,1
0112564,0,2024,2024-08-06,9,脳卒中,1
0112564,0,2024,2024-08-28,2,脳神内,1
0112564,0,2024,2024-11-19,2,脳神内,1
0112598,0,2024,2024-06-12,25,耳鼻科,1
0112630,0,2024,2024-08-30,22,泌尿器,1
0112630,0,2024,2025-02-21,27,臨腫瘍,1
0112630,0,2024,2024-05-20,1,血液内,1
0112671,0,2024,2025-03-17,1,血液内,1
0112739,0,2024,2024-12-18,32,歯口外,1
0112754,0,2024,2024-08-21,25,耳鼻科,1
0112754,0,2024,2024-10-12,25,耳鼻科,1
0112754,0,2024,2024-11-27,25,耳鼻科,1
0112754,0,2024,2025-01-22,25,耳鼻科,1
0112754,0,2024,2024-10-07,9,脳卒中,1
0112796,0,2024,2024-05-20,16,乳甲外,1
0112796,0,2024,2024-05-01,25,耳鼻科,1
0112796,0,2024,2024-10-23,25,耳鼻科,1
0112812,0,2024,2024-05-29,25,耳鼻科,1
0112812,0,2024,2024-06-19,25,耳鼻科,1
0112812,0,2024,2024-10-28,25,耳鼻科,1
0112820,0,2024,2024-12-16,48,リウ膠,1
0112820,0,2024,2024-06-11,5,呼吸内,1
0112820,0,2024,2024-11-22,10,小児科,1
0112820,0,2024,2024-11-15,15,心血外,1
0112820,0,2024,2025-01-11,34,救急科,1
0112820,0,2024,2024-06-10,18,整形外,1
0112820,0,2024,2024-10-01,18,整形外,1
0112820,0,2024,2024-07-10,22,泌尿器,1
0112820,0,2024,2024-12-20,22,泌尿器,1
0112820,0,2024,2024-08-05,50,消化内,1
0112820,0,2024,2024-10-05,50,消化内,1
0112820,0,2024,2024-05-13,21,皮膚科,1
0112820,0,2024,2024-07-08,9,脳卒中,1
0112820,0,2024,2024-12-05,2,脳神内,1
0112838,0,2024,2025-01-27,18,整形外,1
0112846,0,2024,2024-07-12,18,整形外,1
0112846,0,2024,2024-07-31,18,整形外,1
0112846,0,2024,2024-11-28,2,脳神内,1
0112887,0,2024,2024-06-21,26,眼科,1
0112887,0,2024,2024-11-15,26,眼科,1
0112911,0,2024,2024-05-27,16,乳甲外,1
0112937,0,2024,2024-12-16,14,消化外,1
0112960,0,2024,2024-11-14,16,乳甲外,1
0112960,0,2024,2024-11-22,16,乳甲外,1
0112960,0,2024,2024-08-19,6,糖尿内,1
0112960,0,2024,2024-11-27,36,総合診,1
0112960,0,2024,2024-08-02,25,耳鼻科,1
0112978,0,2024,2025-03-25,18,整形外,1
0112986,0,2024,2024-07-01,25,耳鼻科,1
0112986,0,2024,2024-10-30,25,耳鼻科,1
0112994,0,2024,2024-10-25,7,循環内,1
0112994,0,2024,2024-10-09,26,眼科,1
0113000,0,2024,2024-06-21,15,心血外,1
0113000,0,2024,2025-02-14,50,消化内,1
0113000,0,2024,2025-02-21,50,消化内,1
0113026,0,2024,2025-03-21,16,乳甲外,1
0113026,0,2024,2024-05-17,18,整形外,1
0113026,0,2024,2024-06-21,18,整形外,1
0113026,0,2024,2025-01-20,2,脳神内,1
0113034,0,2024,2024-12-23,25,耳鼻科,1
0113034,0,2024,2025-01-06,25,耳鼻科,1
0113067,0,2024,2025-03-14,5,呼吸内,1
0113075,0,2024,2024-08-28,12,心療科,1
0113083,0,2024,2025-03-06,2,脳神内,1
0113208,0,2024,2024-11-20,16,乳甲外,1
0113208,0,2024,2024-11-30,34,救急科,1
0113223,0,2024,2024-08-05,25,耳鼻科,1
0113223,0,2024,2024-11-18,25,耳鼻科,1
0113224,0,2024,2024-08-28,25,耳鼻科,1
0113240,0,2024,2024-06-05,25,耳鼻科,1
0113257,0,2024,2024-11-13,50,消化内,2
0113281,0,2024,2024-08-08,5,呼吸内,1
0113281,0,2024,2024-08-28,10,小児科,1
0113281,0,2024,2025-02-10,26,眼科,1
0113281,0,2024,2024-12-18,36,総合診,1
0113281,0,2024,2024-11-20,2,脳神内,1
0113349,0,2024,2025-03-25,31,リハ,1
0113349,0,2024,2024-05-17,18,整形外,1
0113349,0,2024,2024-06-06,18,整形外,1
0113349,0,2024,2024-07-03,18,整形外,1
0113349,0,2024,2024-07-24,18,整形外,1
0113349,0,2024,2024-08-20,18,整形外,1
0113349,0,2024,2024-11-13,18,整形外,1
0113349,0,2024,2024-11-15,18,整形外,1
0113349,0,2024,2024-12-23,18,整形外,1
0113349,0,2024,2025-01-15,18,整形外,1
0113349,0,2024,2025-01-21,18,整形外,1
0113349,0,2024,2025-02-26,18,整形外,3
0113349,0,2024,2025-03-14,18,整形外,1
0113349,0,2024,2024-05-08,32,歯口外,1
0113349,0,2024,2024-07-16,36,総合診,1
0113349,0,2024,2024-08-29,20,脳神外,1
0113349,0,2024,2024-11-05,20,脳神外,1
0113349,0,2024,2024-05-07,8,腎臓内,1
0113372,0,2024,2024-12-11,21,皮膚科,1
0113422,0,2024,2024-10-02,18,整形外,1
0113448,0,2024,2024-11-14,5,呼吸内,1
0113463,0,2024,2024-10-28,18,整形外,1
0113463,0,2024,2025-02-10,18,整形外,1
0113489,0,2024,2024-12-13,5,呼吸内,1
0113489,0,2024,2024-12-13,15,心血外,1
0113489,0,2024,2024-07-11,18,整形外,1
0113489,0,2024,2024-08-14,18,整形外,1
0113489,0,2024,2024-08-21,18,整形外,1
0113489,0,2024,2024-08-27,18,整形外,1
0113489,0,2024,2024-11-11,18,整形外,1
0113489,0,2024,2025-03-29,18,整形外,1
0113489,0,2024,2024-07-09,50,消化内,1
0113489,0,2024,2024-12-13,50,消化内,1
0113539,0,2024,2024-07-08,18,整形外,1
0113539,0,2024,2025-03-17,18,整形外,1
0113547,0,2024,2025-03-12,50,消化内,1
0113596,0,2024,2024-05-07,34,救急科,1
0113638,0,2024,2024-05-27,22,泌尿器,1
0113638,0,2024,2024-10-07,22,泌尿器,1
0113638,0,2024,2024-11-11,22,泌尿器,1
0113638,0,2024,2024-12-02,22,泌尿器,1
0113638,0,2024,2024-05-16,43,産婦人,1
0113638,0,2024,2024-06-05,43,産婦人,1
0113638,0,2024,2024-06-25,43,産婦人,1
0113638,0,2024,2024-07-16,43,産婦人,1
0113638,0,2024,2024-08-28,43,産婦人,1
0113638,0,2024,2024-08-29,43,産婦人,2
0113638,0,2024,2024-10-03,43,産婦人,1
0113638,0,2024,2024-10-10,43,産婦人,1
0113638,0,2024,2024-10-24,43,産婦人,1
0113638,0,2024,2024-11-07,43,産婦人,1
0113638,0,2024,2024-11-21,43,産婦人,1
0113638,0,2024,2024-11-27,43,産婦人,1
0113638,0,2024,2024-12-05,43,産婦人,1
0113638,0,2024,2024-12-12,43,産婦人,1
0113638,0,2024,2024-12-14,43,産婦人,1
0113638,0,2024,2024-12-16,43,産婦人,1
0113638,0,2024,2024-12-19,43,産婦人,1
0113638,0,2024,2024-12-30,43,産婦人,1
0113638,0,2024,2025-01-08,43,産婦人,1
0113638,0,2024,2025-01-27,43,産婦人,1
0113638,0,2024,2025-01-30,43,産婦人,2
0113638,0,2024,2025-02-04,43,産婦人,1
0113638,0,2024,2025-02-06,43,産婦人,1
0113638,0,2024,2025-02-12,43,産婦人,1
0113638,0,2024,2025-02-13,43,産婦人,1
0113638,0,2024,2025-02-21,43,産婦人,1
0113638,0,2024,2025-02-27,43,産婦人,4
0113638,0,2024,2025-03-03,43,産婦人,2
0113638,0,2024,2025-03-13,43,産婦人,1
0113638,0,2024,2025-03-21,43,産婦人,1
0113638,0,2024,2025-03-27,43,産婦人,2
0113638,0,2024,2024-12-27,1,血液内,1
0113646,0,2024,2024-08-28,25,耳鼻科,1
0113695,0,2024,2024-11-20,16,乳甲外,1
0113711,0,2024,2024-07-31,18,整形外,1
0113711,0,2024,2024-10-22,18,整形外,1
0113711,0,2024,2025-01-22,18,整形外,1
0113737,0,2024,2024-07-12,22,泌尿器,1
0113760,0,2024,2024-06-03,25,耳鼻科,1
0113794,0,2024,2024-11-11,17,小児外,1
0113794,0,2024,2024-05-08,7,循環内,1
0113794,0,2024,2024-07-11,18,整形外,1
0113794,0,2024,2024-05-23,43,産婦人,1
0113794,0,2024,2024-06-19,43,産婦人,1
0113794,0,2024,2024-07-31,43,産婦人,1
0113794,0,2024,2024-10-22,43,産婦人,1
0113794,0,2024,2025-01-22,43,産婦人,1
0113794,0,2024,2025-03-19,43,産婦人,1
0113794,0,2024,2025-02-06,1,血液内,1
0113794,0,2024,2025-02-14,1,血液内,1
0113802,0,2024,2024-05-21,48,リウ膠,1
0113810,0,2024,2024-11-19,12,心療科,1
0113810,0,2024,2025-01-17,12,心療科,1
0113828,0,2024,2024-07-19,18,整形外,1
0113828,0,2024,2024-08-22,18,整形外,1
0113828,0,2024,2024-08-30,18,整形外,1
0113828,0,2024,2024-10-02,18,整形外,1
0113828,0,2024,2024-10-18,18,整形外,1
0113828,0,2024,2025-03-24,18,整形外,1
0113877,0,2024,2024-07-01,21,皮膚科,1
0113877,0,2024,2024-07-23,21,皮膚科,1
0113877,0,2024,2024-07-26,21,皮膚科,1
0113877,0,2024,2024-07-29,21,皮膚科,1
0113877,0,2024,2024-08-08,21,皮膚科,1
0113877,0,2024,2024-08-16,21,皮膚科,1
0113877,0,2024,2024-11-11,21,皮膚科,1
0113877,0,2024,2024-11-29,21,皮膚科,1
0113877,0,2024,2025-02-12,21,皮膚科,1
0113877,0,2024,2025-02-14,21,皮膚科,1
0113877,0,2024,2025-03-10,21,皮膚科,1
0113877,0,2024,2025-03-13,21,皮膚科,1
0113885,0,2024,2024-12-20,18,整形外,1
0113885,0,2024,2024-12-11,8,腎臓内,1
0113893,0,2024,2024-12-26,34,救急科,1
0113893,0,2024,2024-06-21,18,整形外,1
0113893,0,2024,2025-01-24,18,整形外,1
0114032,0,2024,2024-08-20,10,小児科,1
0114032,0,2024,2025-03-27,19,形成外,1
0114032,0,2024,2025-02-10,7,循環内,1
0114032,0,2024,2024-07-05,34,救急科,1
0114032,0,2024,2024-06-11,18,整形外,1
0114032,0,2024,2024-08-01,18,整形外,1
0114032,0,2024,2024-11-26,18,整形外,1
0114032,0,2024,2024-08-13,22,泌尿器,1
0114032,0,2024,2024-06-18,50,消化内,1
0114032,0,2024,2024-07-23,50,消化内,1
0114032,0,2024,2024-07-26,50,消化内,1
0114032,0,2024,2024-08-06,50,消化内,1
0114032,0,2024,2024-10-29,50,消化内,1
0114032,0,2024,2024-11-07,50,消化内,1
0114032,0,2024,2024-05-17,14,消化外,1
0114032,0,2024,2024-06-21,14,消化外,1
0114032,0,2024,2024-08-19,14,消化外,1
0114032,0,2024,2024-10-09,14,消化外,1
0114032,0,2024,2024-11-21,14,消化外,1
0114032,0,2024,2024-12-05,14,消化外,1
0114032,0,2024,2024-12-26,14,消化外,1
0114032,0,2024,2024-08-20,43,産婦人,1
0114032,0,2024,2024-08-23,43,産婦人,1
0114032,0,2024,2024-10-01,43,産婦人,1
0114032,0,2024,2024-10-11,43,産婦人,1
0114032,0,2024,2024-10-17,43,産婦人,1
0114032,0,2024,2024-10-22,43,産婦人,1
0114032,0,2024,2024-11-01,43,産婦人,1
0114032,0,2024,2024-11-13,43,産婦人,1
0114032,0,2024,2024-11-15,43,産婦人,1
0114032,0,2024,2024-11-20,43,産婦人,3
0114032,0,2024,2024-11-27,43,産婦人,1
0114032,0,2024,2024-12-03,43,産婦人,1
0114032,0,2024,2024-12-06,43,産婦人,1
0114032,0,2024,2024-12-11,43,産婦人,2
0114032,0,2024,2024-12-18,43,産婦人,1
0114032,0,2024,2024-12-20,43,産婦人,2
0114032,0,2024,2025-01-08,43,産婦人,2
0114032,0,2024,2025-01-10,43,産婦人,3
0114032,0,2024,2025-01-15,43,産婦人,1
0114032,0,2024,2025-01-22,43,産婦人,1
0114032,0,2024,2025-01-24,43,産婦人,1
0114032,0,2024,2025-02-05,43,産婦人,2
0114032,0,2024,2025-02-26,43,産婦人,1
0114032,0,2024,2025-03-07,43,産婦人,2
0114032,0,2024,2025-03-19,43,産婦人,1
0114032,0,2024,2024-10-16,6,糖尿内,1
0114032,0,2024,2024-11-20,25,耳鼻科,1
0114032,0,2024,2025-01-15,25,耳鼻科,1
0114032,0,2024,2025-03-26,25,耳鼻科,1
0114032,0,2024,2024-10-03,9,脳卒中,1
0114032,0,2024,2024-07-01,20,脳神外,1
0114032,0,2024,2024-08-19,20,脳神外,1
0114032,0,2024,2024-08-22,20,脳神外,1
0114032,0,2024,2025-01-12,20,脳神外,1
0114032,0,2024,2025-02-10,20,脳神外,1
0114032,0,2024,2024-06-08,8,腎臓内,1
0114032,0,2024,2024-08-02,8,腎臓内,1
0114032,0,2024,2025-03-07,8,腎臓内,1
0114032,0,2024,2024-07-16,27,臨腫瘍,1
0114032,0,2024,2024-11-07,27,臨腫瘍,1
0114032,0,2024,2024-11-13,27,臨腫瘍,1
0114032,0,2024,2024-12-12,27,臨腫瘍,1
0114032,0,2024,2024-06-18,37,麻酔科,1
0114032,0,2024,2024-12-04,37,麻酔科,1
0114057,0,2024,2024-06-08,15,心血外,1
0114057,0,2024,2024-07-20,15,心血外,1
0114065,0,2024,2024-05-07,16,乳甲外,1
0114073,0,2024,2025-03-26,43,産婦人,1
0114115,0,2024,2024-05-02,1,血液内,1
0114180,0,2024,2024-07-10,16,乳甲外,1
0114180,0,2024,2024-11-06,18,整形外,1
0114198,0,2024,2024-10-10,48,リウ膠,1
0114198,0,2024,2024-10-02,5,呼吸内,1
0114198,0,2024,2024-08-07,12,心療科,1
0114198,0,2024,2024-10-09,12,心療科,1
0114198,0,2024,2024-05-16,28,放診断,1
0114198,0,2024,2024-08-08,28,放診断,1
0114198,0,2024,2024-08-31,28,放診断,1
0114198,0,2024,2024-11-01,28,放診断,1
0114198,0,2024,2025-01-25,28,放診断,1
0114198,0,2024,2025-03-22,28,放診断,1
0114198,0,2024,2024-05-02,18,整形外,1
0114198,0,2024,2024-05-22,18,整形外,1
0114198,0,2024,2024-05-28,18,整形外,1
0114198,0,2024,2024-06-18,18,整形外,1
0114198,0,2024,2024-06-21,18,整形外,1
0114198,0,2024,2024-06-24,18,整形外,1
0114198,0,2024,2024-06-27,18,整形外,1
0114198,0,2024,2024-07-29,18,整形外,1
0114198,0,2024,2024-08-15,18,整形外,2
0114198,0,2024,2024-10-18,18,整形外,1
0114198,0,2024,2024-10-30,18,整形外,1
0114198,0,2024,2024-11-28,18,整形外,1
0114198,0,2024,2024-12-18,18,整形外,1
0114198,0,2024,2025-01-17,18,整形外,1
0114198,0,2024,2025-01-30,18,整形外,1
0114198,0,2024,2025-02-03,18,整形外,1
0114198,0,2024,2025-02-17,18,整形外,1
0114198,0,2024,2025-02-19,18,整形外,1
0114198,0,2024,2025-02-21,18,整形外,1
0114198,0,2024,2025-03-27,18,整形外,1
0114198,0,2024,2025-01-15,22,泌尿器,1
0114198,0,2024,2024-10-28,14,消化外,1
0114198,0,2024,2024-12-02,9,脳卒中,1
0114198,0,2024,2024-06-12,2,脳神内,1
0114198,0,2024,2024-06-13,2,脳神内,1
0114206,0,2024,2024-05-05,34,救急科,1
0114206,0,2024,2024-06-20,50,消化内,1
0114222,0,2024,2024-05-27,48,リウ膠,1
0114222,0,2024,2024-07-08,48,リウ膠,1
0114222,0,2024,2025-03-24,48,リウ膠,1
0114222,0,2024,2024-08-20,16,乳甲外,1
0114222,0,2024,2024-11-26,16,乳甲外,1
0114222,0,2024,2025-02-25,16,乳甲外,1
0114222,0,2024,2024-05-01,5,呼吸内,1
0114222,0,2024,2024-10-25,5,呼吸内,1
0114222,0,2024,2024-10-07,13,呼吸外,1
0114222,0,2024,2025-01-06,13,呼吸外,1
0114222,0,2024,2025-01-23,10,小児科,1
0114222,0,2024,2025-01-10,7,循環内,1
0114222,0,2024,2024-08-16,15,心血外,2
0114222,0,2024,2024-11-29,15,心血外,1
0114222,0,2024,2025-01-10,15,心血外,1
0114222,0,2024,2025-02-14,15,心血外,1
0114222,0,2024,2024-11-13,28,放診断,1
0114222,0,2024,2024-06-13,18,整形外,1
0114222,0,2024,2024-12-19,18,整形外,1
0114222,0,2024,2025-02-27,18,整形外,1
0114222,0,2024,2024-07-10,22,泌尿器,1
0114222,0,2024,2024-10-04,50,消化内,1
0114222,0,2024,2024-10-29,50,消化内,1
0114222,0,2024,2024-11-14,14,消化外,1
0114222,0,2024,2024-12-19,14,消化外,1
0114222,0,2024,2024-08-29,21,皮膚科,1
0114222,0,2024,2024-11-15,21,皮膚科,1
0114222,0,2024,2025-01-06,21,皮膚科,1
0114222,0,2024,2024-06-21,6,糖尿内,1
0114222,0,2024,2024-08-16,6,糖尿内,1
0114222,0,2024,2024-12-20,6,糖尿内,1
0114222,0,2024,2025-02-21,6,糖尿内,1
0114222,0,2024,2024-08-14,25,耳鼻科,1
0114222,0,2024,2024-12-11,25,耳鼻科,1
0114222,0,2024,2025-02-03,25,耳鼻科,1
0114222,0,2024,2024-07-01,2,脳神内,1
0114222,0,2024,2025-03-07,20,脳神外,1
0114222,0,2024,2024-08-07,8,腎臓内,1
0114222,0,2024,2024-08-16,8,腎臓内,1
0114222,0,2024,2025-02-14,8,腎臓内,1
0114230,0,2024,2024-06-04,9,脳卒中,1
0114271,0,2024,2024-06-03,16,乳甲外,1
0114271,0,2024,2024-06-10,16,乳甲外,1
0114271,0,2024,2024-06-13,16,乳甲外,1
0114271,0,2024,2024-06-24,16,乳甲外,1
0114271,0,2024,2024-07-02,16,乳甲外,1
0114271,0,2024,2024-07-22,16,乳甲外,1
0114271,0,2024,2024-07-24,16,乳甲外,1
0114271,0,2024,2024-08-26,16,乳甲外,1
0114271,0,2024,2024-10-10,16,乳甲外,1
0114271,0,2024,2024-10-24,16,乳甲外,1
0114271,0,2024,2024-11-28,16,乳甲外,1
0114271,0,2024,2024-12-16,16,乳甲外,1
0114271,0,2024,2025-01-07,16,乳甲外,1
0114271,0,2024,2025-02-10,16,乳甲外,1
0114271,0,2024,2025-03-03,16,乳甲外,1
0114271,0,2024,2025-03-24,16,乳甲外,1
0114271,0,2024,2025-03-27,16,乳甲外,1
0114271,0,2024,2024-05-10,5,呼吸内,1
0114271,0,2024,2025-01-14,29,放治療,1
0114271,0,2024,2024-05-13,28,放診断,1
0114271,0,2024,2024-05-15,28,放診断,1
0114271,0,2024,2024-06-18,28,放診断,1
0114271,0,2024,2024-07-23,28,放診断,1
0114271,0,2024,2024-08-16,28,放診断,1
0114271,0,2024,2024-10-22,28,放診断,1
0114271,0,2024,2024-10-28,28,放診断,1
0114271,0,2024,2024-11-26,28,放診断,1
0114271,0,2024,2025-03-14,28,放診断,1
0114271,0,2024,2024-08-31,34,救急科,1
0114271,0,2024,2024-10-17,34,救急科,1
0114271,0,2024,2025-03-06,34,救急科,1
0114271,0,2024,2024-10-29,18,整形外,1
0114271,0,2024,2025-01-14,22,泌尿器,1
0114271,0,2024,2024-06-12,50,消化内,1
0114271,0,2024,2025-01-09,50,消化内,1
0114271,0,2024,2024-06-13,43,産婦人,1
0114271,0,2024,2024-06-19,43,産婦人,1
0114271,0,2024,2024-06-26,43,産婦人,1
0114271,0,2024,2024-10-09,43,産婦人,1
0114271,0,2024,2024-10-28,43,産婦人,1
0114271,0,2024,2024-10-30,43,産婦人,1
0114271,0,2024,2024-11-06,43,産婦人,1
0114271,0,2024,2024-11-13,43,産婦人,1
0114271,0,2024,2024-11-20,43,産婦人,1
0114271,0,2024,2024-11-21,43,産婦人,1
0114271,0,2024,2024-12-19,43,産婦人,1
0114271,0,2024,2024-12-25,43,産婦人,1
0114271,0,2024,2025-01-06,43,産婦人,1
0114271,0,2024,2025-01-29,43,産婦人,1
0114271,0,2024,2025-02-12,43,産婦人,1
0114271,0,2024,2024-08-26,21,皮膚科,1
0114271,0,2024,2024-10-21,21,皮膚科,1
0114271,0,2024,2024-12-26,21,皮膚科,1
0114271,0,2024,2024-08-08,6,糖尿内,1
0114271,0,2024,2025-01-31,25,耳鼻科,1
0114271,0,2024,2025-02-17,2,脳神内,1
0114271,0,2024,2025-03-11,2,脳神内,1
0114271,0,2024,2024-12-23,1,血液内,1
0114297,0,2024,2024-06-14,16,乳甲外,2
0114297,0,2024,2024-05-20,22,泌尿器,1
0114297,0,2024,2024-07-03,50,消化内,1
0114297,0,2024,2024-12-17,14,消化外,1
0114388,0,2024,2024-05-27,18,整形外,1
0114388,0,2024,2025-01-08,18,整形外,1
0114396,0,2024,2024-05-16,16,乳甲外,1
0114396,0,2024,2024-06-26,16,乳甲外,1
0114396,0,2024,2024-11-11,16,乳甲外,1
0114396,0,2024,2024-12-02,16,乳甲外,1
0114396,0,2024,2024-06-06,19,形成外,1
0114396,0,2024,2024-05-08,50,消化内,1
0114396,0,2024,2024-05-08,43,産婦人,1
0114396,0,2024,2025-01-09,43,産婦人,1
0114396,0,2024,2025-01-31,43,産婦人,1
0114396,0,2024,2024-06-19,6,糖尿内,1
0114396,0,2024,2024-10-01,6,糖尿内,1
0114479,0,2024,2025-03-31,50,消化内,1
0114529,0,2024,2025-03-13,7,循環内,1
0114537,0,2024,2024-08-01,48,リウ膠,1
0114537,0,2024,2024-05-17,16,乳甲外,1
0114537,0,2024,2024-07-12,16,乳甲外,1
0114537,0,2024,2024-07-26,16,乳甲外,1
0114537,0,2024,2024-11-15,16,乳甲外,1
0114537,0,2024,2024-12-02,16,乳甲外,1
0114537,0,2024,2024-12-04,16,乳甲外,1
0114537,0,2024,2024-12-18,16,乳甲外,1
0114537,0,2024,2024-12-27,16,乳甲外,1
0114537,0,2024,2025-01-10,16,乳甲外,1
0114537,0,2024,2025-01-24,16,乳甲外,2
0114537,0,2024,2024-07-02,5,呼吸内,1
0114537,0,2024,2024-08-20,5,呼吸内,1
0114537,0,2024,2024-10-05,5,呼吸内,1
0114537,0,2024,2024-12-03,5,呼吸内,1
0114537,0,2024,2024-05-24,13,呼吸外,1
0114537,0,2024,2024-06-05,13,呼吸外,1
0114537,0,2024,2024-11-20,13,呼吸外,1
0114537,0,2024,2024-12-25,13,呼吸外,1
0114537,0,2024,2025-01-15,13,呼吸外,1
0114537,0,2024,2025-01-31,13,呼吸外,1
0114537,0,2024,2024-12-02,10,小児科,1
0114537,0,2024,2025-01-06,10,小児科,1
0114537,0,2024,2025-01-17,10,小児科,1
0114537,0,2024,2024-06-24,19,形成外,1
0114537,0,2024,2024-07-24,19,形成外,1
0114537,0,2024,2024-05-02,7,循環内,2
0114537,0,2024,2024-05-10,7,循環内,1
0114537,0,2024,2024-05-13,7,循環内,1
0114537,0,2024,2024-05-21,7,循環内,1
0114537,0,2024,2024-05-29,7,循環内,1
0114537,0,2024,2024-06-13,7,循環内,1
0114537,0,2024,2024-06-20,7,循環内,2
0114537,0,2024,2024-07-03,7,循環内,1
0114537,0,2024,2024-07-04,7,循環内,3
0114537,0,2024,2024-07-09,7,循環内,1
0114537,0,2024,2024-07-11,7,循環内,2
0114537,0,2024,2024-07-17,7,循環内,1
0114537,0,2024,2024-07-18,7,循環内,4
0114537,0,2024,2024-08-01,7,循環内,1
0114537,0,2024,2024-08-22,7,循環内,1
0114537,0,2024,2024-10-02,7,循環内,1
0114537,0,2024,2024-10-03,7,循環内,1
0114537,0,2024,2024-10-10,7,循環内,1
0114537,0,2024,2024-10-11,7,循環内,1
0114537,0,2024,2024-10-19,7,循環内,1
0114537,0,2024,2024-10-24,7,循環内,1
0114537,0,2024,2024-11-20,7,循環内,1
0114537,0,2024,2024-11-27,7,循環内,1
0114537,0,2024,2024-12-23,7,循環内,1
0114537,0,2024,2024-12-26,7,循環内,1
0114537,0,2024,2025-01-06,7,循環内,1
0114537,0,2024,2025-01-09,7,循環内,1
0114537,0,2024,2025-01-16,7,循環内,1
0114537,0,2024,2025-01-20,7,循環内,1
0114537,0,2024,2025-02-17,7,循環内,1
0114537,0,2024,2025-03-05,7,循環内,1
0114537,0,2024,2025-03-13,7,循環内,1
0114537,0,2024,2025-03-24,7,循環内,1
0114537,0,2024,2024-05-10,15,心血外,1
0114537,0,2024,2024-06-05,15,心血外,1
0114537,0,2024,2024-06-10,15,心血外,2
0114537,0,2024,2024-08-14,15,心血外,1
0114537,0,2024,2024-10-21,15,心血外,1
0114537,0,2024,2024-12-04,15,心血外,1
0114537,0,2024,2024-12-25,15,心血外,1
0114537,0,2024,2024-06-02,34,救急科,1
0114537,0,2024,2024-11-01,34,救急科,1
0114537,0,2024,2024-06-13,18,整形外,1
0114537,0,2024,2024-08-26,18,整形外,1
0114537,0,2024,2024-10-09,18,整形外,1
0114537,0,2024,2025-02-05,18,整形外,1
0114537,0,2024,2024-10-04,32,歯口外,1
0114537,0,2024,2024-05-10,22,泌尿器,1
0114537,0,2024,2024-06-19,22,泌尿器,1
0114537,0,2024,2024-10-23,22,泌尿器,1
0114537,0,2024,2024-05-21,50,消化内,1
0114537,0,2024,2024-05-22,50,消化内,1
0114537,0,2024,2024-05-24,50,消化内,1
0114537,0,2024,2024-06-11,50,消化内,1
0114537,0,2024,2024-06-19,50,消化内,1
0114537,0,2024,2024-06-25,50,消化内,1
0114537,0,2024,2024-07-02,50,消化内,1
0114537,0,2024,2024-07-05,50,消化内,1
0114537,0,2024,2024-07-08,50,消化内,1
0114537,0,2024,2024-07-12,50,消化内,1
0114537,0,2024,2024-07-20,50,消化内,1
0114537,0,2024,2024-07-23,50,消化内,1
0114537,0,2024,2024-08-15,50,消化内,1
0114537,0,2024,2024-08-30,50,消化内,1
0114537,0,2024,2024-10-18,50,消化内,2
0114537,0,2024,2024-10-21,50,消化内,1
0114537,0,2024,2024-10-23,50,消化内,1
0114537,0,2024,2024-10-30,50,消化内,1
0114537,0,2024,2024-11-13,50,消化内,1
0114537,0,2024,2024-12-11,50,消化内,1
0114537,0,2024,2024-12-16,50,消化内,1
0114537,0,2024,2025-01-31,50,消化内,1
0114537,0,2024,2025-02-10,50,消化内,1
0114537,0,2024,2025-03-07,50,消化内,1
0114537,0,2024,2025-03-08,50,消化内,1
0114537,0,2024,2024-12-23,14,消化外,1
0114537,0,2024,2024-07-29,43,産婦人,1
0114537,0,2024,2024-05-08,21,皮膚科,1
0114537,0,2024,2024-05-24,6,糖尿内,1
0114537,0,2024,2024-11-05,36,総合診,1
0114537,0,2024,2024-12-26,36,総合診,1
0114537,0,2024,2024-05-08,25,耳鼻科,1
0114537,0,2024,2024-06-06,25,耳鼻科,1
0114537,0,2024,2024-06-14,25,耳鼻科,1
0114537,0,2024,2024-11-15,25,耳鼻科,1
0114537,0,2024,2024-12-09,25,耳鼻科,1
0114537,0,2024,2025-02-03,25,耳鼻科,1
0114537,0,2024,2024-05-08,9,脳卒中,1
0114537,0,2024,2024-05-27,9,脳卒中,1
0114537,0,2024,2024-08-05,9,脳卒中,1
0114537,0,2024,2025-01-28,2,脳神内,1
0114537,0,2024,2024-05-02,20,脳神外,1
0114537,0,2024,2024-12-17,20,脳神外,1
0114537,0,2024,2024-06-29,8,腎臓内,1
0114537,0,2024,2024-07-17,8,腎臓内,1
0114537,0,2024,2024-07-26,8,腎臓内,1
0114537,0,2024,2024-08-16,8,腎臓内,1
0114537,0,2024,2024-08-29,8,腎臓内,1
0114537,0,2024,2025-01-15,8,腎臓内,1
0114537,0,2024,2025-01-17,8,腎臓内,1
0114537,0,2024,2025-01-20,8,腎臓内,1
0114537,0,2024,2025-02-14,8,腎臓内,1
0114537,0,2024,2025-03-27,8,腎臓内,1
0114537,0,2024,2024-06-13,1,血液内,1
0114537,0,2024,2024-07-01,1,血液内,1
0114537,0,2024,2024-07-11,1,血液内,1
0114537,0,2024,2024-08-29,1,血液内,1
0114537,0,2024,2024-10-07,1,血液内,1
0114537,0,2024,2025-02-13,1,血液内,1
0114552,0,2024,2024-06-11,18,整形外,1
0114560,0,2024,2024-12-16,48,リウ膠,1
0114560,0,2024,2024-11-22,31,リハ,1
0114560,0,2024,2024-06-13,16,乳甲外,1
0114560,0,2024,2024-05-17,5,呼吸内,1
0114560,0,2024,2024-11-15,5,呼吸内,1
0114560,0,2024,2024-11-19,5,呼吸内,1
0114560,0,2024,2025-01-29,5,呼吸内,1
0114560,0,2024,2024-05-10,10,小児科,1
0114560,0,2024,2024-06-06,10,小児科,1
0114560,0,2024,2024-07-18,10,小児科,1
0114560,0,2024,2024-10-09,10,小児科,1
0114560,0,2024,2024-10-18,10,小児科,1
0114560,0,2024,2024-06-13,7,循環内,1
0114560,0,2024,2024-07-16,7,循環内,1
0114560,0,2024,2024-10-11,7,循環内,1
0114560,0,2024,2024-10-30,7,循環内,1
0114560,0,2024,2024-11-14,7,循環内,1
0114560,0,2024,2024-12-11,7,循環内,1
0114560,0,2024,2024-12-12,7,循環内,1
0114560,0,2024,2025-01-09,7,循環内,1
0114560,0,2024,2025-02-18,7,循環内,1
0114560,0,2024,2024-06-05,15,心血外,1
0114560,0,2024,2024-06-19,15,心血外,1
0114560,0,2024,2024-06-28,15,心血外,1
0114560,0,2024,2024-08-02,15,心血外,1
0114560,0,2024,2024-08-16,15,心血外,1
0114560,0,2024,2024-12-04,15,心血外,1
0114560,0,2024,2025-03-01,15,心血外,1
0114560,0,2024,2024-05-15,34,救急科,1
0114560,0,2024,2024-05-20,34,救急科,1
0114560,0,2024,2024-11-09,34,救急科,1
0114560,0,2024,2025-01-14,34,救急科,1
0114560,0,2024,2024-05-08,18,整形外,1
0114560,0,2024,2024-06-06,18,整形外,1
0114560,0,2024,2024-08-08,18,整形外,1
0114560,0,2024,2024-08-27,18,整形外,1
0114560,0,2024,2025-02-08,18,整形外,1
0114560,0,2024,2024-05-02,22,泌尿器,1
0114560,0,2024,2024-10-28,22,泌尿器,1
0114560,0,2024,2025-01-23,22,泌尿器,1
0114560,0,2024,2024-06-03,50,消化内,1
0114560,0,2024,2024-08-15,50,消化内,1
0114560,0,2024,2024-12-13,50,消化内,1
0114560,0,2024,2024-12-20,50,消化内,1
0114560,0,2024,2025-02-19,50,消化内,1
0114560,0,2024,2024-08-07,43,産婦人,1
0114560,0,2024,2024-11-01,43,産婦人,1
0114560,0,2024,2024-06-18,21,皮膚科,1
0114560,0,2024,2024-10-09,21,皮膚科,1
0114560,0,2024,2024-10-17,26,眼科,1
0114560,0,2024,2024-10-02,6,糖尿内,1
0114560,0,2024,2024-05-09,36,総合診,1
0114560,0,2024,2024-10-18,36,総合診,1
0114560,0,2024,2024-10-29,36,総合診,1
0114560,0,2024,2024-11-15,36,総合診,1
0114560,0,2024,2024-06-10,9,脳卒中,1
0114560,0,2024,2024-11-06,9,脳卒中,1
0114560,0,2024,2024-12-10,9,脳卒中,1
0114560,0,2024,2025-03-18,9,脳卒中,1
0114560,0,2024,2025-03-24,9,脳卒中,1
0114560,0,2024,2024-05-02,2,脳神内,1
0114560,0,2024,2024-07-29,2,脳神内,1
0114560,0,2024,2024-08-02,2,脳神内,1
0114560,0,2024,2024-08-23,2,脳神内,1
0114560,0,2024,2024-10-22,2,脳神内,1
0114560,0,2024,2024-10-28,2,脳神内,1
0114560,0,2024,2024-10-30,2,脳神内,1
0114560,0,2024,2024-12-18,2,脳神内,1
0114560,0,2024,2025-01-29,2,脳神内,1
0114560,0,2024,2025-03-26,2,脳神内,1
0114560,0,2024,2024-10-25,20,脳神外,1
0114560,0,2024,2024-12-23,20,脳神外,1
0114560,0,2024,2025-03-24,8,腎臓内,1
0114560,0,2024,2025-01-10,27,臨腫瘍,1
0114560,0,2024,2025-02-18,1,血液内,1
0114560,0,2024,2025-02-21,1,血液内,1
0114586,0,2024,2024-12-12,18,整形外,1
0114602,0,2024,2025-02-20,50,消化内,1
0114602,0,2024,2024-10-21,21,皮膚科,1
0114602,0,2024,2024-05-28,26,眼科,1
0114602,0,2024,2025-03-04,6,糖尿内,1
0114602,0,2024,2025-02-05,9,脳卒中,1
0114602,0,2024,2024-05-21,2,脳神内,1
0114602,0,2024,2024-08-01,2,脳神内,1
0114602,0,2024,2024-08-27,2,脳神内,1
0114602,0,2024,2025-02-19,2,脳神内,1
0114610,0,2024,2024-07-29,22,泌尿器,1
0114610,0,2024,2024-10-10,22,泌尿器,1
0114610,0,2024,2024-05-16,1,血液内,1
0114677,0,2024,2024-10-16,18,整形外,1
0114743,0,2024,2024-12-25,25,耳鼻科,1
0114768,0,2024,2025-02-12,25,耳鼻科,1
0114776,0,2024,2024-06-17,48,リウ膠,1
0114776,0,2024,2024-07-17,16,乳甲外,1
0114776,0,2024,2024-08-22,5,呼吸内,1
0114776,0,2024,2024-10-21,5,呼吸内,1
0114776,0,2024,2024-10-28,10,小児科,1
0114776,0,2024,2024-11-01,7,循環内,1
0114776,0,2024,2024-11-11,7,循環内,1
0114776,0,2024,2024-11-18,7,循環内,1
0114776,0,2024,2025-01-14,7,循環内,1
0114776,0,2024,2024-11-20,12,心療科,1
0114776,0,2024,2024-07-01,15,心血外,1
0114776,0,2024,2024-05-23,28,放診断,1
0114776,0,2024,2024-05-27,28,放診断,1
0114776,0,2024,2024-10-18,28,放診断,1
0114776,0,2024,2024-11-19,28,放診断,1
0114776,0,2024,2024-05-10,34,救急科,1
0114776,0,2024,2024-05-02,18,整形外,1
0114776,0,2024,2024-05-23,18,整形外,1
0114776,0,2024,2024-05-28,18,整形外,1
0114776,0,2024,2024-06-06,18,整形外,1
0114776,0,2024,2024-06-19,18,整形外,1
0114776,0,2024,2024-06-27,18,整形外,1
0114776,0,2024,2024-07-18,18,整形外,1
0114776,0,2024,2024-08-01,18,整形外,1
0114776,0,2024,2024-10-22,18,整形外,1
0114776,0,2024,2024-10-28,18,整形外,1
0114776,0,2024,2024-11-13,18,整形外,1
0114776,0,2024,2025-02-13,18,整形外,1
0114776,0,2024,2025-02-19,18,整形外,1
0114776,0,2024,2025-02-25,18,整形外,1
0114776,0,2024,2025-03-08,18,整形外,1
0114776,0,2024,2025-03-10,18,整形外,1
0114776,0,2024,2024-05-29,22,泌尿器,1
0114776,0,2024,2024-06-10,22,泌尿器,1
0114776,0,2024,2024-06-19,22,泌尿器,1
0114776,0,2024,2024-08-23,22,泌尿器,1
0114776,0,2024,2024-10-23,22,泌尿器,1
0114776,0,2024,2025-02-12,22,泌尿器,1
0114776,0,2024,2024-06-05,50,消化内,1
0114776,0,2024,2024-06-18,50,消化内,1
0114776,0,2024,2024-11-26,50,消化内,1
0114776,0,2024,2024-05-08,21,皮膚科,1
0114776,0,2024,2025-01-08,21,皮膚科,1
0114776,0,2024,2024-06-05,6,糖尿内,1
0114776,0,2024,2025-02-21,36,総合診,1
0114776,0,2024,2024-10-04,25,耳鼻科,1
0114776,0,2024,2024-11-13,25,耳鼻科,1
0114776,0,2024,2024-07-01,9,脳卒中,1
0114776,0,2024,2024-05-27,2,脳神内,1
0114776,0,2024,2024-11-22,2,脳神内,1
0114776,0,2024,2025-01-15,2,脳神内,1
0114776,0,2024,2024-08-23,8,腎臓内,1
0114776,0,2024,2024-11-25,8,腎臓内,1
0114776,0,2024,2025-03-26,8,腎臓内,1
0114776,0,2024,2024-07-02,1,血液内,1
0114776,0,2024,2024-10-23,1,血液内,1
0114784,0,2024,2024-05-09,48,リウ膠,1
0114784,0,2024,2024-10-17,19,形成外,1
0114784,0,2024,2025-02-27,34,救急科,1
0114800,0,2024,2025-02-13,19,形成外,1
0114826,0,2024,2024-12-06,5,呼吸内,1
0114826,0,2024,2024-05-24,7,循環内,1
0114826,0,2024,2024-11-06,18,整形外,1
0114826,0,2024,2024-07-05,50,消化内,1
0114826,0,2024,2024-07-08,6,糖尿内,1
0114826,0,2024,2024-06-21,25,耳鼻科,1
0114859,0,2024,2024-07-19,10,小児科,1
0114859,0,2024,2024-08-06,10,小児科,1
0114867,0,2024,2025-01-20,25,耳鼻科,1
0114867,0,2024,2024-05-27,2,脳神内,1
0114875,0,2024,2024-11-01,18,整形外,1
0114883,0,2024,2024-05-16,18,整形外,1
0114891,0,2024,2024-10-29,50,消化内,1
0114974,0,2024,2024-11-06,21,皮膚科,1
0114982,0,2024,2024-08-13,48,リウ膠,1
0114982,0,2024,2024-06-28,16,乳甲外,1
0114982,0,2024,2025-01-10,16,乳甲外,1
0114982,0,2024,2024-06-04,5,呼吸内,1
0114982,0,2024,2024-10-25,19,形成外,1
0114982,0,2024,2024-05-15,15,心血外,1
0114982,0,2024,2024-06-19,15,心血外,1
0114982,0,2024,2024-12-16,34,救急科,1
0114982,0,2024,2025-03-11,18,整形外,1
0114982,0,2024,2024-10-18,32,歯口外,1
0114982,0,2024,2024-10-18,50,消化内,1
0114982,0,2024,2024-10-25,50,消化内,1
0114982,0,2024,2024-10-30,50,消化内,1
0114982,0,2024,2024-11-29,50,消化内,1
0114982,0,2024,2025-01-30,50,消化内,1
0114982,0,2024,2025-02-05,50,消化内,1
0114982,0,2024,2024-05-20,14,消化外,1
0114982,0,2024,2024-10-25,2,脳神内,1
0114982,0,2024,2025-03-18,2,脳神内,1
0114982,0,2024,2024-12-26,20,脳神外,1
0114990,0,2024,2024-08-09,12,心療科,1
0115013,0,2024,2024-05-07,7,循環内,1
0115013,0,2024,2024-05-01,18,整形外,1
0115013,0,2024,2024-10-09,18,整形外,1
0115013,0,2024,2024-08-24,2,脳神内,1
0115013,0,2024,2024-05-01,8,腎臓内,1
0115021,0,2024,2025-01-06,50,消化内,1
0115088,0,2024,2025-03-19,2,脳神内,1
0115096,0,2024,2025-03-05,7,循環内,1
0115096,0,2024,2024-06-27,50,消化内,1
0115112,0,2024,2024-05-01,43,産婦人,1
0115112,0,2024,2025-01-08,43,産婦人,1
0115138,0,2024,2025-01-16,5,呼吸内,1
0115138,0,2024,2024-07-23,18,整形外,1
0115138,0,2024,2024-11-08,18,整形外,1
0115146,0,2024,2025-03-28,31,リハ,1
0115146,0,2024,2024-05-09,20,脳神外,1
0115146,0,2024,2024-12-19,20,脳神外,1
0115179,0,2024,2024-12-18,25,耳鼻科,1
0115179,0,2024,2025-01-08,25,耳鼻科,1
0115203,0,2024,2025-03-19,7,循環内,1
0115203,0,2024,2024-11-27,18,整形外,1
0115203,0,2024,2024-10-29,21,皮膚科,1
0115203,0,2024,2024-10-30,8,腎臓内,1
0115211,0,2024,2024-10-15,2,脳神内,1
0115229,0,2024,2024-10-02,7,循環内,1
0115229,0,2024,2024-10-15,12,心療科,1
0115229,0,2024,2024-11-20,12,心療科,1
0115229,0,2024,2025-02-05,12,心療科,1
0115229,0,2024,2024-10-30,50,消化内,1
0115229,0,2024,2025-03-17,50,消化内,1
0115229,0,2024,2024-10-07,25,耳鼻科,1
0115229,0,2024,2024-12-02,25,耳鼻科,1
0115229,0,2024,2024-08-22,2,脳神内,1
0115245,0,2024,2024-12-11,48,リウ膠,1
0115245,0,2024,2025-01-23,34,救急科,1
0115245,0,2024,2024-05-13,18,整形外,1
0115245,0,2024,2024-12-20,18,整形外,1
0115252,0,2024,2024-06-03,10,小児科,1
0115252,0,2024,2024-07-09,10,小児科,1
0115252,0,2024,2024-08-28,18,整形外,1
0115252,0,2024,2024-07-12,50,消化内,1
0115286,0,2024,2024-06-27,16,乳甲外,1
0115286,0,2024,2024-08-29,16,乳甲外,1
0115286,0,2024,2024-12-27,5,呼吸内,1
0115286,0,2024,2024-05-16,17,小児外,1
0115286,0,2024,2024-10-01,17,小児外,1
0115286,0,2024,2024-11-14,10,小児科,1
0115286,0,2024,2024-12-16,10,小児科,1
0115286,0,2024,2024-12-23,10,小児科,1
0115286,0,2024,2024-05-27,19,形成外,1
0115286,0,2024,2024-05-28,19,形成外,1
0115286,0,2024,2024-07-29,19,形成外,1
0115286,0,2024,2024-11-25,19,形成外,1
0115286,0,2024,2025-02-17,19,形成外,1
0115286,0,2024,2024-10-04,18,整形外,1
0115286,0,2024,2024-05-16,43,産婦人,1
0115286,0,2024,2024-05-23,43,産婦人,1
0115286,0,2024,2024-06-04,43,産婦人,1
0115286,0,2024,2024-07-24,43,産婦人,1
0115286,0,2024,2024-08-15,43,産婦人,1
0115286,0,2024,2024-08-26,43,産婦人,1
0115286,0,2024,2024-10-01,43,産婦人,1
0115286,0,2024,2024-10-09,43,産婦人,1
0115286,0,2024,2024-11-05,43,産婦人,1
0115286,0,2024,2024-11-13,43,産婦人,1
0115286,0,2024,2024-11-29,43,産婦人,1
0115286,0,2024,2024-12-22,43,産婦人,1
0115286,0,2024,2024-12-25,43,産婦人,1
0115286,0,2024,2025-01-22,43,産婦人,1
0115286,0,2024,2025-01-29,43,産婦人,1
0115286,0,2024,2025-03-17,43,産婦人,1
0115286,0,2024,2025-03-24,43,産婦人,1
0115286,0,2024,2024-06-10,25,耳鼻科,1
0115310,0,2024,2024-11-01,26,眼科,1
0115328,0,2024,2024-07-09,5,呼吸内,1
0115328,0,2024,2024-08-20,5,呼吸内,1
0115328,0,2024,2024-12-02,5,呼吸内,1
0115328,0,2024,2024-07-31,13,呼吸外,1
0115328,0,2024,2024-11-13,13,呼吸外,1
0115328,0,2024,2024-12-03,17,小児外,1
0115328,0,2024,2024-05-27,10,小児科,1
0115328,0,2024,2024-06-20,10,小児科,1
0115328,0,2024,2024-07-02,10,小児科,1
0115328,0,2024,2024-07-23,10,小児科,1
0115328,0,2024,2024-08-08,10,小児科,1
0115328,0,2024,2024-12-12,10,小児科,1
0115328,0,2024,2024-12-19,10,小児科,1
0115328,0,2024,2024-06-20,7,循環内,1
0115328,0,2024,2024-06-28,7,循環内,1
0115328,0,2024,2024-07-03,7,循環内,1
0115328,0,2024,2024-11-07,7,循環内,1
0115328,0,2024,2024-12-02,7,循環内,1
0115328,0,2024,2024-12-06,7,循環内,1
0115328,0,2024,2024-12-25,7,循環内,1
0115328,0,2024,2024-12-11,15,心血外,1
0115328,0,2024,2024-07-01,32,歯口外,1
0115328,0,2024,2024-07-26,50,消化内,1
0115328,0,2024,2024-10-08,50,消化内,1
0115328,0,2024,2024-10-09,50,消化内,1
0115328,0,2024,2024-11-12,50,消化内,1
0115328,0,2024,2024-12-18,50,消化内,1
0115328,0,2024,2025-01-07,50,消化内,1
0115328,0,2024,2025-03-05,50,消化内,1
0115328,0,2024,2025-03-24,50,消化内,1
0115328,0,2024,2024-06-13,14,消化外,1
0115328,0,2024,2024-07-04,43,産婦人,1
0115328,0,2024,2024-10-02,43,産婦人,1
0115328,0,2024,2025-03-31,43,産婦人,1
0115328,0,2024,2024-05-29,6,糖尿内,1
0115328,0,2024,2024-07-27,6,糖尿内,1
0115328,0,2024,2024-07-16,2,脳神内,1
0115328,0,2024,2024-07-23,2,脳神内,2
0115328,0,2024,2025-01-08,2,脳神内,1
0115328,0,2024,2025-01-20,2,脳神内,1
0115328,0,2024,2025-03-10,2,脳神内,1
0115328,0,2024,2024-07-02,8,腎臓内,1
0115328,0,2024,2024-08-14,1,血液内,1
0115328,0,2024,2024-10-24,1,血液内,1
0115351,0,2024,2025-01-28,18,整形外,1
0115377,0,2024,2024-12-06,10,小児科,1
0115377,0,2024,2025-02-19,10,小児科,1
0115384,0,2024,2024-11-06,27,臨腫瘍,1
0115419,0,2024,2024-06-25,21,皮膚科,1
0115419,0,2024,2025-02-20,21,皮膚科,1
0115419,0,2024,2025-02-27,21,皮膚科,1
0115419,0,2024,2025-03-06,21,皮膚科,1
0115419,0,2024,2025-03-19,21,皮膚科,1
0115435,0,2024,2024-08-14,34,救急科,1
0115435,0,2024,2024-11-05,22,泌尿器,1
0115435,0,2024,2025-02-06,22,泌尿器,1
0115435,0,2024,2024-06-12,50,消化内,1
0115435,0,2024,2024-07-19,21,皮膚科,1
0115435,0,2024,2025-01-17,21,皮膚科,1
0115450,0,2024,2025-03-11,50,消化内,1
0115468,0,2024,2024-07-10,18,整形外,1
0115468,0,2024,2024-11-25,18,整形外,1
0115468,0,2024,2024-12-09,18,整形外,1
0115476,0,2024,2024-10-07,5,呼吸内,1
0115476,0,2024,2025-03-24,13,呼吸外,1
0115476,0,2024,2024-07-05,7,循環内,1
0115476,0,2024,2024-07-22,7,循環内,1
0115476,0,2024,2024-11-21,7,循環内,1
0115476,0,2024,2024-05-17,15,心血外,1
0115476,0,2024,2024-05-31,15,心血外,1
0115476,0,2024,2024-06-26,15,心血外,1
0115476,0,2024,2024-07-03,15,心血外,1
0115476,0,2024,2024-07-22,15,心血外,1
0115476,0,2024,2024-07-29,15,心血外,1
0115476,0,2024,2024-08-05,15,心血外,1
0115476,0,2024,2025-01-31,15,心血外,2
0115476,0,2024,2025-03-31,15,心血外,1
0115476,0,2024,2024-08-21,34,救急科,1
0115476,0,2024,2024-12-19,50,消化内,1
0115476,0,2024,2025-01-21,36,総合診,1
0115575,0,2024,2024-06-04,17,小児外,1
0115575,0,2024,2025-03-31,17,小児外,1
0115575,0,2024,2024-07-09,10,小児科,1
0115575,0,2024,2025-02-27,10,小児科,1
0115609,0,2024,2024-10-30,16,乳甲外,1
0115633,0,2024,2024-11-19,19,形成外,1
0115641,0,2024,2024-05-17,18,整形外,1
0115641,0,2024,2024-08-14,18,整形外,1
0115658,0,2024,2024-11-01,16,乳甲外,1
0115658,0,2024,2024-11-05,5,呼吸内,1
0115658,0,2024,2025-03-18,7,循環内,1
0115658,0,2024,2024-06-07,15,心血外,1
0115658,0,2024,2024-10-18,15,心血外,1
0115658,0,2024,2024-05-01,18,整形外,1
0115658,0,2024,2024-06-06,18,整形外,1
0115658,0,2024,2024-06-26,18,整形外,1
0115658,0,2024,2024-07-31,18,整形外,1
0115658,0,2024,2025-02-12,18,整形外,1
0115658,0,2024,2025-02-20,18,整形外,1
0115658,0,2024,2025-02-26,18,整形外,2
0115658,0,2024,2025-03-11,18,整形外,1
0115658,0,2024,2025-03-19,32,歯口外,1
0115658,0,2024,2024-12-12,2,脳神内,1
0115658,0,2024,2024-12-19,2,脳神内,1
0115674,0,2024,2025-02-19,7,循環内,1
0115674,0,2024,2025-02-27,34,救急科,1
0115674,0,2024,2024-05-28,18,整形外,1
0115674,0,2024,2025-03-19,18,整形外,1
0115690,0,2024,2025-01-21,10,小児科,1
0115690,0,2024,2025-03-04,10,小児科,1
0115690,0,2024,2024-05-21,18,整形外,1
0115690,0,2024,2025-01-31,18,整形外,1
0115690,0,2024,2024-07-25,26,眼科,1
0115708,0,2024,2024-05-08,26,眼科,1
0115708,0,2024,2025-01-30,26,眼科,1
0115716,0,2024,2024-07-04,5,呼吸内,1
0115716,0,2024,2024-10-30,7,循環内,1
0115716,0,2024,2025-01-22,50,消化内,1
0115732,0,2024,2024-10-28,21,皮膚科,1
0115740,0,2024,2024-10-25,16,乳甲外,1
0115740,0,2024,2024-11-12,16,乳甲外,1
0115740,0,2024,2024-11-29,5,呼吸内,1
0115740,0,2024,2024-12-25,5,呼吸内,1
0115740,0,2024,2024-05-08,7,循環内,1
0115740,0,2024,2024-07-02,7,循環内,1
0115740,0,2024,2024-11-12,7,循環内,1
0115740,0,2024,2024-05-10,15,心血外,1
0115740,0,2024,2024-06-07,15,心血外,1
0115740,0,2024,2024-06-28,15,心血外,1
0115740,0,2024,2024-10-11,15,心血外,1
0115740,0,2024,2024-11-01,15,心血外,1
0115740,0,2024,2025-02-08,34,救急科,1
0115740,0,2024,2024-11-27,22,泌尿器,1
0115740,0,2024,2024-05-17,50,消化内,1
0115740,0,2024,2024-10-02,50,消化内,1
0115740,0,2024,2024-10-09,50,消化内,1
0115740,0,2024,2024-11-29,50,消化内,1
0115740,0,2024,2024-12-06,50,消化内,1
0115740,0,2024,2024-08-15,6,糖尿内,1
0115740,0,2024,2024-11-13,6,糖尿内,1
0115740,0,2024,2024-11-20,6,糖尿内,1
0115740,0,2024,2024-08-14,1,血液内,1
0115765,0,2024,2024-06-28,26,眼科,1
0115765,0,2024,2025-03-10,26,眼科,2
0115765,0,2024,2025-03-25,26,眼科,1
0115773,0,2024,2024-08-26,12,心療科,1
0115773,0,2024,2024-07-29,18,整形外,1
0115773,0,2024,2024-10-28,18,整形外,1
0115773,0,2024,2025-03-31,18,整形外,1
0115799,0,2024,2024-05-27,9,脳卒中,1
0115815,0,2024,2025-02-10,15,心血外,1
0115815,0,2024,2024-11-15,6,糖尿内,1
0115815,0,2024,2025-02-07,25,耳鼻科,1
0115823,0,2024,2024-10-15,5,呼吸内,1
0115823,0,2024,2024-11-14,22,泌尿器,1
0115823,0,2024,2025-01-16,22,泌尿器,1
0115823,0,2024,2025-01-23,14,消化外,1
0115823,0,2024,2024-06-07,21,皮膚科,1
0115831,0,2024,2024-07-23,17,小児外,1
0115831,0,2024,2024-07-19,18,整形外,1
0115849,0,2024,2024-12-03,21,皮膚科,1
0115849,0,2024,2024-12-17,21,皮膚科,1
0115849,0,2024,2025-01-22,21,皮膚科,1
0115856,0,2024,2025-03-01,18,整形外,1
0115856,0,2024,2024-06-05,25,耳鼻科,1
0115864,0,2024,2024-07-04,10,小児科,1
0115880,0,2024,2025-02-20,10,小児科,1
0115898,0,2024,2025-03-11,12,心療科,1
0115906,0,2024,2024-08-24,10,小児科,1
0115922,0,2024,2024-10-17,16,乳甲外,1
0115922,0,2024,2024-11-29,15,心血外,1
0115922,0,2024,2024-07-23,34,救急科,1
0115922,0,2024,2024-07-26,18,整形外,1
0115922,0,2024,2025-03-28,18,整形外,1
0115922,0,2024,2024-06-06,14,消化外,1
0115922,0,2024,2024-05-15,25,耳鼻科,1
0115922,0,2024,2024-06-11,2,脳神内,1
0115955,0,2024,2024-08-16,16,乳甲外,1
0115955,0,2024,2024-06-06,10,小児科,1
0115955,0,2024,2025-02-04,10,小児科,1
0115955,0,2024,2024-06-04,34,救急科,1
0115955,0,2024,2024-08-28,36,総合診,1
0115955,0,2024,2024-05-07,25,耳鼻科,2
0115955,0,2024,2024-05-22,25,耳鼻科,1
0115955,0,2024,2024-05-23,25,耳鼻科,1
0115955,0,2024,2024-06-03,25,耳鼻科,1
0115955,0,2024,2024-06-13,25,耳鼻科,1
0115955,0,2024,2024-07-03,25,耳鼻科,1
0115955,0,2024,2024-08-05,25,耳鼻科,1
0115955,0,2024,2024-08-14,25,耳鼻科,1
0115955,0,2024,2024-08-21,25,耳鼻科,2
0115955,0,2024,2024-10-11,25,耳鼻科,1
0115955,0,2024,2024-10-16,25,耳鼻科,1
0115955,0,2024,2024-10-18,25,耳鼻科,1
0115955,0,2024,2024-10-21,25,耳鼻科,1
0115955,0,2024,2024-11-06,25,耳鼻科,1
0115955,0,2024,2024-11-08,25,耳鼻科,1
0115955,0,2024,2024-11-20,25,耳鼻科,2
0115955,0,2024,2024-12-10,25,耳鼻科,1
0115955,0,2024,2024-12-16,25,耳鼻科,1
0115955,0,2024,2024-12-27,25,耳鼻科,1
0115955,0,2024,2025-01-06,25,耳鼻科,1
0115955,0,2024,2025-01-20,25,耳鼻科,1
0115955,0,2024,2025-02-03,25,耳鼻科,2
0115955,0,2024,2025-02-05,25,耳鼻科,1
0115955,0,2024,2025-02-13,25,耳鼻科,1
0115955,0,2024,2025-02-17,25,耳鼻科,1
0115955,0,2024,2025-03-05,25,耳鼻科,1
0115955,0,2024,2025-03-14,25,耳鼻科,1
0115955,0,2024,2025-03-31,25,耳鼻科,2
0115955,0,2024,2024-11-15,2,脳神内,1
0115963,0,2024,2025-01-18,28,放診断,1
0115963,0,2024,2024-12-09,18,整形外,1
0115963,0,2024,2025-01-22,18,整形外,1
0115963,0,2024,2025-03-25,18,整形外,1
0116037,0,2024,2025-01-16,10,小児科,1
0116060,0,2024,2024-05-13,25,耳鼻科,1
0116060,0,2024,2024-05-29,25,耳鼻科,1
0116060,0,2024,2024-06-19,25,耳鼻科,2
0116060,0,2024,2024-07-01,25,耳鼻科,1
0116060,0,2024,2024-07-03,25,耳鼻科,1
0116060,0,2024,2024-08-07,25,耳鼻科,2
0116060,0,2024,2024-08-16,25,耳鼻科,1
0116060,0,2024,2024-08-19,25,耳鼻科,1
0116060,0,2024,2024-08-21,25,耳鼻科,1
0116060,0,2024,2024-10-02,25,耳鼻科,2
0116060,0,2024,2024-10-23,25,耳鼻科,1
0116060,0,2024,2024-10-29,25,耳鼻科,1
0116060,0,2024,2024-10-30,25,耳鼻科,1
0116060,0,2024,2024-11-06,25,耳鼻科,1
0116060,0,2024,2024-11-18,25,耳鼻科,2
0116060,0,2024,2024-12-16,25,耳鼻科,1
0116060,0,2024,2025-01-04,25,耳鼻科,1
0116060,0,2024,2025-02-05,25,耳鼻科,3
0116060,0,2024,2025-02-14,25,耳鼻科,1
0116060,0,2024,2025-02-19,25,耳鼻科,1
0116094,0,2024,2025-03-17,18,整形外,1
0116110,0,2024,2024-07-25,7,循環内,1
0116110,0,2024,2024-07-11,18,整形外,1
0116110,0,2024,2024-05-20,2,脳神内,1
0116110,0,2024,2024-05-24,2,脳神内,1
0116110,0,2024,2024-06-03,2,脳神内,1
0116110,0,2024,2024-06-21,2,脳神内,1
0116110,0,2024,2024-07-01,2,脳神内,1
0116110,0,2024,2024-07-23,2,脳神内,1
0116110,0,2024,2024-08-23,2,脳神内,2
0116110,0,2024,2024-11-01,2,脳神内,1
0116110,0,2024,2024-11-15,2,脳神内,1
0116110,0,2024,2025-01-06,2,脳神内,1
0116110,0,2024,2025-01-17,2,脳神内,1
0116110,0,2024,2025-02-14,2,脳神内,1
0116110,0,2024,2025-02-21,2,脳神内,1
0116110,0,2024,2024-12-31,20,脳神外,1
0116169,0,2024,2024-05-08,48,リウ膠,1
0116169,0,2024,2024-06-25,48,リウ膠,1
0116169,0,2024,2024-08-07,48,リウ膠,1
0116169,0,2024,2024-05-24,12,心療科,1
0116169,0,2024,2025-03-14,15,心血外,1
0116169,0,2024,2024-06-04,34,救急科,1
0116169,0,2024,2024-07-03,18,整形外,1
0116169,0,2024,2024-07-28,18,整形外,1
0116169,0,2024,2024-08-06,18,整形外,2
0116169,0,2024,2024-08-30,18,整形外,1
0116169,0,2024,2024-10-23,18,整形外,1
0116169,0,2024,2024-11-26,18,整形外,1
0116169,0,2024,2024-06-10,20,脳神外,1
0116169,0,2024,2024-10-07,20,脳神外,1
0116169,0,2024,2024-12-12,20,脳神外,1
0116169,0,2024,2024-07-25,8,腎臓内,1
0116169,0,2024,2024-10-24,8,腎臓内,1
0116169,0,2024,2024-11-21,8,腎臓内,1
0116169,0,2024,2024-12-26,8,腎臓内,1
0116169,0,2024,2025-02-06,8,腎臓内,1
0116169,0,2024,2025-02-12,1,血液内,1
0116185,0,2024,2024-05-30,19,形成外,1
0116185,0,2024,2024-06-18,34,救急科,1
0116185,0,2024,2024-05-21,26,眼科,1
0116185,0,2024,2024-06-06,26,眼科,1
0116185,0,2024,2024-06-11,26,眼科,1
0116185,0,2024,2024-06-18,26,眼科,1
0116185,0,2024,2024-06-20,26,眼科,1
0116185,0,2024,2024-07-18,26,眼科,1
0116185,0,2024,2024-07-26,26,眼科,2
0116185,0,2024,2024-07-27,26,眼科,1
0116185,0,2024,2024-08-05,26,眼科,1
0116185,0,2024,2024-08-07,26,眼科,1
0116185,0,2024,2024-08-20,26,眼科,1
0116185,0,2024,2024-08-23,26,眼科,1
0116185,0,2024,2024-08-27,26,眼科,1
0116185,0,2024,2024-10-03,26,眼科,1
0116185,0,2024,2024-10-25,26,眼科,1
0116185,0,2024,2024-10-30,26,眼科,1
0116185,0,2024,2024-11-14,26,眼科,1
0116185,0,2024,2024-11-17,26,眼科,1
0116185,0,2024,2024-11-25,26,眼科,1
0116185,0,2024,2024-11-27,26,眼科,1
0116185,0,2024,2024-11-28,26,眼科,1
0116185,0,2024,2024-12-03,26,眼科,1
0116185,0,2024,2024-12-09,26,眼科,1
0116185,0,2024,2024-12-14,26,眼科,1
0116185,0,2024,2025-01-09,26,眼科,1
0116185,0,2024,2025-01-17,26,眼科,1
0116185,0,2024,2025-01-23,26,眼科,1
0116185,0,2024,2025-01-27,26,眼科,1
0116185,0,2024,2025-02-06,26,眼科,1
0116185,0,2024,2025-02-07,26,眼科,1
0116185,0,2024,2025-02-18,26,眼科,1
0116185,0,2024,2025-02-19,26,眼科,1
0116185,0,2024,2025-02-26,26,眼科,1
0116185,0,2024,2025-03-10,26,眼科,2
0116185,0,2024,2024-07-04,2,脳神内,1
0116185,0,2024,2024-07-18,1,血液内,1
0116193,0,2024,2024-05-07,5,呼吸内,1
0116193,0,2024,2024-12-11,18,整形外,1
0116201,0,2024,2024-07-18,18,整形外,1
0116201,0,2024,2025-03-04,18,整形外,1
0116227,0,2024,2025-02-12,1,血液内,1
0116235,0,2024,2024-08-23,50,消化内,1
0116243,0,2024,2025-02-07,48,リウ膠,1
0116243,0,2024,2024-08-20,31,リハ,1
0116243,0,2024,2025-02-17,31,リハ,1
0116243,0,2024,2024-08-22,16,乳甲外,1
0116243,0,2024,2024-10-30,16,乳甲外,1
0116243,0,2024,2024-08-06,5,呼吸内,1
0116243,0,2024,2025-02-03,5,呼吸内,1
0116243,0,2024,2025-03-19,5,呼吸内,1
0116243,0,2024,2024-08-09,13,呼吸外,1
0116243,0,2024,2024-11-06,13,呼吸外,1
0116243,0,2024,2024-05-14,10,小児科,1
0116243,0,2024,2024-07-30,10,小児科,1
0116243,0,2024,2024-12-05,10,小児科,1
0116243,0,2024,2025-01-07,10,小児科,1
0116243,0,2024,2025-01-20,10,小児科,1
0116243,0,2024,2024-06-14,19,形成外,1
0116243,0,2024,2024-06-21,19,形成外,1
0116243,0,2024,2024-07-05,19,形成外,1
0116243,0,2024,2024-07-13,19,形成外,1
0116243,0,2024,2024-08-01,19,形成外,2
0116243,0,2024,2024-08-02,19,形成外,1
0116243,0,2024,2024-12-13,19,形成外,1
0116243,0,2024,2025-01-11,7,循環内,1
0116243,0,2024,2024-05-02,12,心療科,1
0116243,0,2024,2024-05-09,12,心療科,1
0116243,0,2024,2024-05-22,12,心療科,1
0116243,0,2024,2024-06-13,12,心療科,1
0116243,0,2024,2024-11-01,12,心療科,2
0116243,0,2024,2024-11-27,12,心療科,1
0116243,0,2024,2025-02-08,12,心療科,1
0116243,0,2024,2025-03-28,15,心血外,1
0116243,0,2024,2024-11-06,29,放治療,1
0116243,0,2024,2024-11-20,28,放診断,1
0116243,0,2024,2024-12-18,28,放診断,1
0116243,0,2024,2024-05-15,34,救急科,1
0116243,0,2024,2024-06-25,18,整形外,1
0116243,0,2024,2024-07-05,18,整形外,1
0116243,0,2024,2024-07-09,18,整形外,1
0116243,0,2024,2024-07-29,18,整形外,1
0116243,0,2024,2024-08-07,18,整形外,1
0116243,0,2024,2024-10-10,18,整形外,1
0116243,0,2024,2024-10-17,18,整形外,1
0116243,0,2024,2024-12-11,18,整形外,1
0116243,0,2024,2024-12-19,18,整形外,1
0116243,0,2024,2025-02-18,18,整形外,1
0116243,0,2024,2025-03-04,18,整形外,1
0116243,0,2024,2025-03-10,18,整形外,1
0116243,0,2024,2024-08-05,32,歯口外,1
0116243,0,2024,2024-05-20,22,泌尿器,1
0116243,0,2024,2024-06-14,22,泌尿器,1
0116243,0,2024,2024-07-09,22,泌尿器,1
0116243,0,2024,2024-07-19,22,泌尿器,1
0116243,0,2024,2024-10-21,22,泌尿器,1
0116243,0,2024,2024-11-06,22,泌尿器,1
0116243,0,2024,2025-01-22,22,泌尿器,1
0116243,0,2024,2025-02-03,22,泌尿器,1
0116243,0,2024,2025-02-17,22,泌尿器,1
0116243,0,2024,2024-05-02,50,消化内,1
0116243,0,2024,2024-07-02,50,消化内,1
0116243,0,2024,2024-08-06,50,消化内,1
0116243,0,2024,2024-08-28,50,消化内,1
0116243,0,2024,2024-12-05,50,消化内,1
0116243,0,2024,2025-02-03,50,消化内,1
0116243,0,2024,2025-03-25,50,消化内,1
0116243,0,2024,2025-03-26,50,消化内,1
0116243,0,2024,2025-01-20,14,消化外,1
0116243,0,2024,2025-02-15,14,消化外,1
0116243,0,2024,2024-05-08,43,産婦人,1
0116243,0,2024,2024-05-27,43,産婦人,1
0116243,0,2024,2024-06-10,43,産婦人,1
0116243,0,2024,2024-12-26,43,産婦人,1
0116243,0,2024,2025-02-27,43,産婦人,1
0116243,0,2024,2024-07-05,21,皮膚科,1
0116243,0,2024,2024-11-06,21,皮膚科,1
0116243,0,2024,2025-02-12,21,皮膚科,1
0116243,0,2024,2024-05-20,26,眼科,1
0116243,0,2024,2024-10-24,26,眼科,1
0116243,0,2024,2024-12-10,26,眼科,1
0116243,0,2024,2025-01-31,26,眼科,2
0116243,0,2024,2025-02-18,26,眼科,1
0116243,0,2024,2025-03-06,26,眼科,1
0116243,0,2024,2024-05-08,6,糖尿内,1
0116243,0,2024,2024-06-17,6,糖尿内,1
0116243,0,2024,2024-08-06,6,糖尿内,1
0116243,0,2024,2024-10-18,6,糖尿内,1
0116243,0,2024,2024-10-31,6,糖尿内,1
0116243,0,2024,2024-11-25,6,糖尿内,1
0116243,0,2024,2024-05-24,25,耳鼻科,1
0116243,0,2024,2024-05-30,25,耳鼻科,1
0116243,0,2024,2024-06-28,25,耳鼻科,1
0116243,0,2024,2024-07-08,25,耳鼻科,1
0116243,0,2024,2024-07-12,25,耳鼻科,1
0116243,0,2024,2024-07-22,25,耳鼻科,1
0116243,0,2024,2024-08-03,25,耳鼻科,2
0116243,0,2024,2024-08-21,25,耳鼻科,2
0116243,0,2024,2024-10-07,25,耳鼻科,1
0116243,0,2024,2024-10-18,25,耳鼻科,1
0116243,0,2024,2024-11-13,25,耳鼻科,1
0116243,0,2024,2024-11-25,25,耳鼻科,1
0116243,0,2024,2024-12-18,25,耳鼻科,1
0116243,0,2024,2025-01-20,25,耳鼻科,1
0116243,0,2024,2025-02-08,25,耳鼻科,1
0116243,0,2024,2025-02-19,25,耳鼻科,1
0116243,0,2024,2024-07-31,9,脳卒中,1
0116243,0,2024,2025-01-03,9,脳卒中,1
0116243,0,2024,2024-11-16,2,脳神内,1
0116243,0,2024,2025-02-22,2,脳神内,1
0116243,0,2024,2024-05-10,20,脳神外,1
0116243,0,2024,2024-05-16,8,腎臓内,1
0116243,0,2024,2024-05-29,8,腎臓内,1
0116243,0,2024,2024-08-29,8,腎臓内,1
0116243,0,2024,2024-11-25,8,腎臓内,1
0116243,0,2024,2024-12-23,8,腎臓内,1
0116243,0,2024,2025-03-19,8,腎臓内,1
0116243,0,2024,2024-05-17,27,臨腫瘍,1
0116243,0,2024,2024-06-07,27,臨腫瘍,1
0116243,0,2024,2024-07-11,27,臨腫瘍,1
0116243,0,2024,2024-07-16,27,臨腫瘍,1
0116243,0,2024,2024-10-31,27,臨腫瘍,1
0116243,0,2024,2024-11-19,27,臨腫瘍,1
0116243,0,2024,2024-07-31,1,血液内,1
0116243,0,2024,2024-10-04,1,血液内,1
0116243,0,2024,2024-11-20,1,血液内,1
0116243,0,2024,2024-11-25,1,血液内,1
0116243,0,2024,2024-12-27,1,血液内,1
0116243,0,2024,2025-01-29,1,血液内,1
0116243,0,2024,2025-02-14,1,血液内,1
0116268,0,2024,2024-07-03,43,産婦人,1
0116268,0,2024,2025-01-10,43,産婦人,1
0116268,0,2024,2025-02-19,43,産婦人,1
0116276,0,2024,2024-07-23,17,小児外,1
0116276,0,2024,2024-12-19,14,消化外,1
0116292,0,2024,2024-05-14,26,眼科,1
0116300,0,2024,2024-06-06,19,形成外,1
0116300,0,2024,2025-03-06,19,形成外,1
0116300,0,2024,2024-05-01,26,眼科,1
0116300,0,2024,2024-05-15,26,眼科,1
0116300,0,2024,2024-06-18,26,眼科,1
0116300,0,2024,2024-06-21,26,眼科,1
0116300,0,2024,2024-07-11,26,眼科,1
0116300,0,2024,2024-08-23,26,眼科,1
0116300,0,2024,2024-08-27,26,眼科,2
0116300,0,2024,2024-08-29,26,眼科,1
0116300,0,2024,2024-10-18,26,眼科,1
0116300,0,2024,2024-11-08,26,眼科,1
0116300,0,2024,2024-11-12,26,眼科,1
0116300,0,2024,2024-12-05,26,眼科,1
0116300,0,2024,2024-12-10,26,眼科,1
0116300,0,2024,2024-12-20,26,眼科,1
0116300,0,2024,2025-03-04,26,眼科,2
0116300,0,2024,2025-03-19,26,眼科,1
0116300,0,2024,2025-03-28,26,眼科,1
0116300,0,2024,2024-11-29,20,脳神外,1
0116334,0,2024,2025-03-17,17,小児外,1
0116334,0,2024,2024-06-14,10,小児科,1
0116334,0,2024,2024-06-24,10,小児科,1
0116334,0,2024,2024-07-12,10,小児科,1
0116334,0,2024,2025-01-23,19,形成外,1
0116334,0,2024,2025-01-06,25,耳鼻科,1
0116342,0,2024,2024-05-14,18,整形外,1
0116383,0,2024,2025-02-03,14,消化外,1
0116409,0,2024,2024-12-26,5,呼吸内,1
0116409,0,2024,2025-02-06,5,呼吸内,1
0116409,0,2024,2025-03-13,5,呼吸内,1
0116409,0,2024,2024-08-09,7,循環内,1
0116409,0,2024,2024-06-05,22,泌尿器,1
0116409,0,2024,2024-06-06,22,泌尿器,1
0116409,0,2024,2024-06-07,22,泌尿器,1
0116409,0,2024,2024-11-06,22,泌尿器,1
0116409,0,2024,2025-02-12,22,泌尿器,1
0116425,0,2024,2024-08-20,5,呼吸内,1
0116425,0,2024,2024-10-22,5,呼吸内,1
0116425,0,2024,2024-12-03,5,呼吸内,1
0116425,0,2024,2024-06-17,19,形成外,1
0116425,0,2024,2024-11-15,7,循環内,1
0116425,0,2024,2025-01-31,7,循環内,1
0116425,0,2024,2025-01-17,15,心血外,1
0116425,0,2024,2024-07-02,28,放診断,1
0116425,0,2024,2024-08-28,28,放診断,1
0116425,0,2024,2024-05-24,22,泌尿器,1
0116425,0,2024,2024-11-28,50,消化内,1
0116425,0,2024,2025-01-07,50,消化内,1
0116425,0,2024,2025-01-29,50,消化内,1
0116425,0,2024,2025-02-04,50,消化内,1
0116425,0,2024,2025-03-03,50,消化内,1
0116425,0,2024,2025-03-19,50,消化内,1
0116425,0,2024,2024-05-22,25,耳鼻科,1
0116425,0,2024,2024-10-09,25,耳鼻科,1
0116425,0,2024,2024-07-03,9,脳卒中,1
0116425,0,2024,2024-07-10,2,脳神内,1
0116425,0,2024,2024-08-27,2,脳神内,1
0116425,0,2024,2024-08-30,8,腎臓内,2
0116425,0,2024,2024-06-12,37,麻酔科,1
0116441,0,2024,2024-06-11,18,整形外,1
0116441,0,2024,2024-07-08,18,整形外,1
0116441,0,2024,2024-07-24,18,整形外,1
0116466,0,2024,2024-07-04,10,小児科,1
0116490,0,2024,2025-02-25,31,リハ,1
0116490,0,2024,2024-11-28,16,乳甲外,1
0116490,0,2024,2024-05-13,7,循環内,1
0116490,0,2024,2024-07-19,7,循環内,1
0116490,0,2024,2024-08-02,7,循環内,1
0116490,0,2024,2024-08-13,7,循環内,1
0116490,0,2024,2024-08-15,7,循環内,1
0116490,0,2024,2024-11-14,7,循環内,1
0116490,0,2024,2025-01-30,7,循環内,1
0116490,0,2024,2025-02-04,7,循環内,1
0116490,0,2024,2024-08-26,12,心療科,1
0116490,0,2024,2024-07-12,15,心血外,1
0116490,0,2024,2024-11-29,15,心血外,1
0116490,0,2024,2025-01-10,15,心血外,1
0116490,0,2024,2025-02-28,15,心血外,1
0116490,0,2024,2025-03-18,15,心血外,1
0116490,0,2024,2025-02-06,18,整形外,1
0116490,0,2024,2025-03-11,18,整形外,1
0116490,0,2024,2024-10-24,22,泌尿器,1
0116490,0,2024,2024-12-09,22,泌尿器,1
0116490,0,2024,2025-01-21,22,泌尿器,1
0116490,0,2024,2025-02-28,22,泌尿器,1
0116490,0,2024,2025-03-27,22,泌尿器,1
0116490,0,2024,2024-06-13,50,消化内,1
0116490,0,2024,2024-06-27,50,消化内,1
0116490,0,2024,2024-06-28,50,消化内,1
0116490,0,2024,2024-07-03,50,消化内,1
0116490,0,2024,2024-07-26,50,消化内,1
0116490,0,2024,2024-07-30,50,消化内,1
0116490,0,2024,2024-10-02,50,消化内,1
0116490,0,2024,2024-10-17,50,消化内,1
0116490,0,2024,2024-10-21,50,消化内,1
0116490,0,2024,2024-10-22,50,消化内,1
0116490,0,2024,2024-11-06,50,消化内,1
0116490,0,2024,2024-11-08,50,消化内,1
0116490,0,2024,2024-11-22,50,消化内,1
0116490,0,2024,2024-11-29,50,消化内,1
0116490,0,2024,2024-12-04,50,消化内,1
0116490,0,2024,2025-01-21,50,消化内,1
0116490,0,2024,2025-01-30,50,消化内,1
0116490,0,2024,2025-02-28,50,消化内,1
0116490,0,2024,2025-03-11,50,消化内,1
0116490,0,2024,2025-01-08,21,皮膚科,1
0116490,0,2024,2025-01-30,21,皮膚科,1
0116490,0,2024,2025-02-21,21,皮膚科,1
0116490,0,2024,2025-01-08,25,耳鼻科,1
0116490,0,2024,2025-02-04,9,脳卒中,1
0116490,0,2024,2024-05-30,2,脳神内,1
0116490,0,2024,2024-08-29,2,脳神内,1
0116490,0,2024,2024-10-07,2,脳神内,1
0116490,0,2024,2024-05-10,8,腎臓内,1
0116490,0,2024,2024-05-17,8,腎臓内,1
0116490,0,2024,2024-05-24,8,腎臓内,3
0116490,0,2024,2024-05-31,8,腎臓内,2
0116490,0,2024,2024-06-14,8,腎臓内,1
0116490,0,2024,2024-07-19,8,腎臓内,2
0116490,0,2024,2024-07-26,8,腎臓内,3
0116490,0,2024,2024-08-02,8,腎臓内,2
0116490,0,2024,2024-08-09,8,腎臓内,1
0116490,0,2024,2024-08-16,8,腎臓内,1
0116490,0,2024,2024-08-23,8,腎臓内,1
0116490,0,2024,2024-08-30,8,腎臓内,1
0116490,0,2024,2024-10-04,8,腎臓内,1
0116490,0,2024,2024-11-08,8,腎臓内,1
0116490,0,2024,2024-11-15,8,腎臓内,2
0116490,0,2024,2024-11-29,8,腎臓内,1
0116490,0,2024,2024-12-06,8,腎臓内,1
0116490,0,2024,2024-12-13,8,腎臓内,2
0116490,0,2024,2025-01-10,8,腎臓内,2
0116490,0,2024,2025-01-17,8,腎臓内,2
0116490,0,2024,2025-01-24,8,腎臓内,2
0116490,0,2024,2025-01-30,8,腎臓内,1
0116490,0,2024,2025-02-28,8,腎臓内,1
0116490,0,2024,2025-03-07,8,腎臓内,3
0116490,0,2024,2025-03-14,8,腎臓内,1
0116490,0,2024,2024-08-30,1,血液内,1
0116524,0,2024,2024-11-14,21,皮膚科,1
0116565,0,2024,2024-05-23,16,乳甲外,1
0116565,0,2024,2024-08-05,16,乳甲外,1
0116565,0,2024,2024-12-16,16,乳甲外,1
0116565,0,2024,2024-12-23,16,乳甲外,1
0116565,0,2024,2025-02-27,16,乳甲外,1
0116573,0,2024,2025-03-03,26,眼科,1
0116615,0,2024,2024-12-23,16,乳甲外,1
0116615,0,2024,2024-12-05,5,呼吸内,1
0116615,0,2024,2024-08-01,17,小児外,1
0116615,0,2024,2024-06-12,10,小児科,1
0116615,0,2024,2024-07-30,10,小児科,1
0116615,0,2024,2024-12-12,10,小児科,1
0116615,0,2024,2024-12-03,7,循環内,1
0116615,0,2024,2024-12-05,7,循環内,1
0116615,0,2024,2024-11-25,28,放診断,1
0116615,0,2024,2024-12-13,28,放診断,1
0116615,0,2024,2025-02-04,28,放診断,1
0116615,0,2024,2024-11-15,18,整形外,1
0116615,0,2024,2024-05-21,50,消化内,1
0116615,0,2024,2024-12-25,50,消化内,1
0116615,0,2024,2024-05-26,14,消化外,1
0116615,0,2024,2024-10-16,21,皮膚科,1
0116615,0,2024,2025-02-19,21,皮膚科,1
0116615,0,2024,2025-03-04,21,皮膚科,1
0116664,0,2024,2024-06-14,21,皮膚科,1
0116664,0,2024,2024-10-09,21,皮膚科,1
0116664,0,2024,2024-12-16,21,皮膚科,1
0116698,0,2024,2025-01-09,43,産婦人,1
0116714,0,2024,2024-10-23,37,麻酔科,1
0116763,0,2024,2025-03-26,18,整形外,1
0116763,0,2024,2024-05-08,25,耳鼻科,1
0116805,0,2024,2024-08-27,48,リウ膠,1
0116805,0,2024,2025-02-10,48,リウ膠,1
0116805,0,2024,2024-10-15,7,循環内,1
0116805,0,2024,2024-07-11,18,整形外,1
0116805,0,2024,2024-07-18,18,整形外,1
0116805,0,2024,2025-01-31,18,整形外,1
0116805,0,2024,2025-03-19,18,整形外,1
0116805,0,2024,2024-10-15,22,泌尿器,1
0116805,0,2024,2024-07-11,50,消化内,1
0116805,0,2024,2024-11-08,14,消化外,1
0116805,0,2024,2024-11-18,21,皮膚科,1
0116805,0,2024,2024-06-21,6,糖尿内,1
0116805,0,2024,2024-10-15,6,糖尿内,1
0116805,0,2024,2024-11-08,25,耳鼻科,1
0116805,0,2024,2024-07-29,2,脳神内,1
0116805,0,2024,2024-12-07,2,脳神内,1
0116805,0,2024,2024-12-27,2,脳神内,1
0116805,0,2024,2025-01-21,8,腎臓内,1
0116805,0,2024,2024-05-23,1,血液内,1
0116805,0,2024,2024-10-15,1,血液内,1
0116805,0,2024,2025-02-17,37,麻酔科,1
0116821,0,2024,2024-10-11,48,リウ膠,1
0116821,0,2024,2024-05-13,16,乳甲外,1
0116821,0,2024,2024-05-21,16,乳甲外,1
0116821,0,2024,2024-06-17,16,乳甲外,1
0116821,0,2024,2024-06-18,16,乳甲外,1
0116821,0,2024,2024-07-05,16,乳甲外,1
0116821,0,2024,2024-08-05,16,乳甲外,1
0116821,0,2024,2024-08-26,16,乳甲外,1
0116821,0,2024,2024-10-04,16,乳甲外,1
0116821,0,2024,2024-10-08,16,乳甲外,1
0116821,0,2024,2024-11-05,16,乳甲外,2
0116821,0,2024,2024-11-13,16,乳甲外,1
0116821,0,2024,2024-11-18,16,乳甲外,1
0116821,0,2024,2024-11-19,16,乳甲外,1
0116821,0,2024,2024-12-06,16,乳甲外,1
0116821,0,2024,2025-01-06,16,乳甲外,1
0116821,0,2024,2025-01-07,16,乳甲外,1
0116821,0,2024,2025-01-14,16,乳甲外,1
0116821,0,2024,2025-01-17,16,乳甲外,1
0116821,0,2024,2025-01-27,16,乳甲外,2
0116821,0,2024,2025-02-04,16,乳甲外,1
0116821,0,2024,2025-02-10,16,乳甲外,1
0116821,0,2024,2025-02-25,16,乳甲外,1
0116821,0,2024,2024-11-19,10,小児科,1
0116821,0,2024,2025-03-05,19,形成外,1
0116821,0,2024,2024-05-07,28,放診断,1
0116821,0,2024,2024-05-08,28,放診断,2
0116821,0,2024,2024-05-09,28,放診断,1
0116821,0,2024,2024-05-13,28,放診断,2
0116821,0,2024,2024-05-14,28,放診断,1
0116821,0,2024,2024-05-20,28,放診断,1
0116821,0,2024,2024-05-23,28,放診断,1
0116821,0,2024,2024-05-27,28,放診断,1
0116821,0,2024,2024-05-29,28,放診断,1
0116821,0,2024,2024-05-30,28,放診断,1
0116821,0,2024,2024-05-31,28,放診断,1
0116821,0,2024,2024-06-03,28,放診断,1
0116821,0,2024,2024-06-06,28,放診断,2
0116821,0,2024,2024-06-19,28,放診断,1
0116821,0,2024,2024-06-27,28,放診断,1
0116821,0,2024,2024-07-02,28,放診断,1
0116821,0,2024,2024-07-03,28,放診断,2
0116821,0,2024,2024-07-09,28,放診断,1
0116821,0,2024,2024-07-22,28,放診断,2
0116821,0,2024,2024-07-29,28,放診断,1
0116821,0,2024,2024-08-01,28,放診断,2
0116821,0,2024,2024-08-02,28,放診断,1
0116821,0,2024,2024-08-05,28,放診断,1
0116821,0,2024,2024-08-08,28,放診断,1
0116821,0,2024,2024-08-09,28,放診断,1
0116821,0,2024,2024-08-16,28,放診断,1
0116821,0,2024,2024-08-19,28,放診断,1
0116821,0,2024,2024-08-21,28,放診断,1
0116821,0,2024,2024-08-26,28,放診断,1
0116821,0,2024,2024-08-27,28,放診断,2
0116821,0,2024,2024-08-28,28,放診断,1
0116821,0,2024,2024-08-29,28,放診断,1
0116821,0,2024,2024-08-30,28,放診断,1
0116821,0,2024,2024-10-02,28,放診断,2
0116821,0,2024,2024-10-11,28,放診断,1
0116821,0,2024,2024-10-21,28,放診断,1
0116821,0,2024,2024-10-23,28,放診断,1
0116821,0,2024,2024-10-30,28,放診断,1
0116821,0,2024,2024-11-05,28,放診断,2
0116821,0,2024,2024-11-06,28,放診断,1
0116821,0,2024,2024-11-16,28,放診断,1
0116821,0,2024,2024-11-25,28,放診断,1
0116821,0,2024,2024-11-27,28,放診断,1
0116821,0,2024,2024-11-28,28,放診断,1
0116821,0,2024,2024-12-03,28,放診断,1
0116821,0,2024,2024-12-04,28,放診断,1
0116821,0,2024,2024-12-09,28,放診断,1
0116821,0,2024,2024-12-12,28,放診断,1
0116821,0,2024,2024-12-16,28,放診断,2
0116821,0,2024,2024-12-18,28,放診断,2
0116821,0,2024,2024-12-19,28,放診断,1
0116821,0,2024,2025-01-07,28,放診断,1
0116821,0,2024,2025-01-08,28,放診断,1
0116821,0,2024,2025-01-09,28,放診断,2
0116821,0,2024,2025-01-27,28,放診断,1
0116821,0,2024,2025-01-30,28,放診断,1
0116821,0,2024,2025-01-31,28,放診断,2
0116821,0,2024,2025-02-01,28,放診断,1
0116821,0,2024,2025-02-04,28,放診断,1
0116821,0,2024,2025-02-07,28,放診断,1
0116821,0,2024,2025-02-14,28,放診断,1
0116821,0,2024,2025-02-28,28,放診断,1
0116821,0,2024,2025-03-04,28,放診断,1
0116821,0,2024,2025-03-24,28,放診断,1
0116821,0,2024,2025-03-25,28,放診断,1
0116821,0,2024,2024-06-10,43,産婦人,1
0116821,0,2024,2024-11-12,21,皮膚科,1
0116821,0,2024,2024-08-08,6,糖尿内,1
0116821,0,2024,2024-10-08,27,臨腫瘍,1
0116821,0,2024,2024-10-15,27,臨腫瘍,1
0116821,0,2024,2024-11-05,27,臨腫瘍,1
0116862,0,2024,2025-01-21,17,小児外,1
0116862,0,2024,2025-03-06,20,脳神外,1
0120039,0,2024,2025-01-09,5,呼吸内,1
0120050,0,2024,2024-05-30,32,歯口外,1
0120134,0,2024,2024-07-08,32,歯口外,1
0120134,0,2024,2024-11-12,32,歯口外,1
0120142,0,2024,2024-06-03,48,リウ膠,1
0120274,0,2024,2025-03-26,32,歯口外,1
0120294,0,2024,2024-10-23,34,救急科,1
0120294,0,2024,2024-12-19,34,救急科,1
0120294,0,2024,2025-03-24,22,泌尿器,1
0120294,0,2024,2024-06-10,14,消化外,1
0120294,0,2024,2024-12-19,2,脳神内,1
0120294,0,2024,2025-01-22,1,血液内,1
0120435,0,2024,2024-08-26,25,耳鼻科,1
0120435,0,2024,2024-11-18,25,耳鼻科,1
0120476,0,2024,2024-07-01,18,整形外,1
0120476,0,2024,2024-12-12,18,整形外,1
0120518,0,2024,2025-02-03,50,消化内,1
0120518,0,2024,2024-06-04,20,脳神外,1
0120609,0,2024,2024-05-22,12,心療科,1
0120732,0,2024,2025-02-06,21,皮膚科,1
0120815,0,2024,2024-08-24,25,耳鼻科,1
0120815,0,2024,2024-12-11,25,耳鼻科,1
0120815,0,2024,2024-12-25,25,耳鼻科,1
0120815,0,2024,2025-02-26,25,耳鼻科,1
0120815,0,2024,2025-03-12,25,耳鼻科,1
0120849,0,2024,2025-02-26,8,腎臓内,1
0120880,0,2024,2025-03-03,18,整形外,1
0121052,0,2024,2024-08-07,6,糖尿内,1
0121185,0,2024,2024-07-31,16,乳甲外,1
0121235,0,2024,2024-07-09,21,皮膚科,1
0121235,0,2024,2024-06-28,25,耳鼻科,1
0121235,0,2024,2024-08-26,25,耳鼻科,1
0121243,0,2024,2025-01-17,21,皮膚科,1
0121359,0,2024,2024-06-03,17,小児外,1
0121359,0,2024,2024-06-20,17,小児外,1
0121359,0,2024,2024-07-30,17,小児外,1
0121359,0,2024,2024-11-19,17,小児外,1
0121359,0,2024,2025-03-24,17,小児外,1
0121359,0,2024,2024-05-28,10,小児科,1
0121359,0,2024,2024-06-18,10,小児科,1
0121359,0,2024,2024-10-03,10,小児科,1
0121359,0,2024,2025-01-11,10,小児科,1
0121359,0,2024,2025-03-03,10,小児科,1
0121359,0,2024,2025-02-05,2,脳神内,1
0121375,0,2024,2025-01-06,26,眼科,1
0121458,0,2024,2024-08-29,26,眼科,1
0121524,0,2024,2025-01-24,2,脳神内,1
0121532,0,2024,2025-01-31,12,心療科,1
0121532,0,2024,2025-01-17,43,産婦人,1
0121540,0,2024,2025-01-09,19,形成外,1
0121540,0,2024,2024-11-15,28,放診断,1
0121540,0,2024,2024-06-21,26,眼科,1
0121540,0,2024,2024-08-13,26,眼科,1
0121540,0,2024,2024-08-23,26,眼科,1
0121540,0,2024,2025-02-20,2,脳神内,1
0121573,0,2024,2025-01-09,2,脳神内,1
0121599,0,2024,2024-11-05,48,リウ膠,1
0121599,0,2024,2024-07-17,6,糖尿内,1
0121607,0,2024,2025-01-07,5,呼吸内,1
0121607,0,2024,2024-05-25,7,循環内,1
0121607,0,2024,2024-05-31,7,循環内,1
0121607,0,2024,2024-07-12,50,消化内,1
0121607,0,2024,2025-02-25,50,消化内,1
0121607,0,2024,2024-07-19,21,皮膚科,1
0121607,0,2024,2024-07-26,25,耳鼻科,1
0121714,0,2024,2024-05-01,25,耳鼻科,1
0121714,0,2024,2024-05-10,25,耳鼻科,2
0121714,0,2024,2024-05-17,25,耳鼻科,1
0121714,0,2024,2024-05-20,25,耳鼻科,1
0121714,0,2024,2024-05-31,25,耳鼻科,1
0121714,0,2024,2024-06-07,25,耳鼻科,1
0121714,0,2024,2024-06-21,25,耳鼻科,1
0121714,0,2024,2024-07-29,25,耳鼻科,1
0121714,0,2024,2024-07-31,25,耳鼻科,1
0121714,0,2024,2024-08-02,25,耳鼻科,1
0121714,0,2024,2024-08-21,25,耳鼻科,1
0121714,0,2024,2024-08-26,25,耳鼻科,1
0121714,0,2024,2024-08-31,25,耳鼻科,1
0121714,0,2024,2024-10-16,25,耳鼻科,1
0121714,0,2024,2024-10-25,25,耳鼻科,1
0121714,0,2024,2024-10-28,25,耳鼻科,1
0121714,0,2024,2024-11-22,25,耳鼻科,1
0121714,0,2024,2024-12-07,25,耳鼻科,1
0121714,0,2024,2024-12-09,25,耳鼻科,1
0121714,0,2024,2024-12-16,25,耳鼻科,1
0121714,0,2024,2025-01-20,25,耳鼻科,1
0121714,0,2024,2025-02-17,25,耳鼻科,1
0121714,0,2024,2025-02-19,25,耳鼻科,1
0121714,0,2024,2025-02-28,25,耳鼻科,1
0121714,0,2024,2025-03-04,25,耳鼻科,1
0121714,0,2024,2025-03-17,25,耳鼻科,1
0121714,0,2024,2025-03-26,25,耳鼻科,1
0121714,0,2024,2025-03-28,25,耳鼻科,1
0121847,0,2024,2024-11-11,6,糖尿内,1
0121847,0,2024,2024-11-27,6,糖尿内,1
0121862,0,2024,2024-12-24,36,総合診,1
0121862,0,2024,2024-07-03,25,耳鼻科,1
0121862,0,2024,2024-10-16,25,耳鼻科,1
0121862,0,2024,2024-11-06,25,耳鼻科,1
0121862,0,2024,2024-12-04,25,耳鼻科,1
0121862,0,2024,2025-03-19,25,耳鼻科,1
0121888,0,2024,2024-10-22,48,リウ膠,1
0121896,0,2024,2024-10-02,12,心療科,1
0121896,0,2024,2025-02-10,12,心療科,1
0122027,0,2024,2025-02-06,16,乳甲外,1
0122027,0,2024,2024-05-17,19,形成外,1
0122027,0,2024,2024-07-29,19,形成外,1
0122027,0,2024,2024-08-05,19,形成外,1
0122027,0,2024,2024-10-02,19,形成外,1
0122027,0,2024,2024-10-07,19,形成外,1
0122027,0,2024,2024-10-30,19,形成外,1
0122027,0,2024,2024-12-16,19,形成外,1
0122027,0,2024,2024-12-17,19,形成外,1
0122027,0,2024,2024-12-20,19,形成外,1
0122027,0,2024,2025-03-12,19,形成外,1
0122027,0,2024,2025-03-26,19,形成外,1
0122027,0,2024,2024-07-13,34,救急科,1
0122027,0,2024,2025-02-04,18,整形外,1
0122027,0,2024,2025-03-05,18,整形外,1
0122027,0,2024,2024-05-17,21,皮膚科,1
0122027,0,2024,2024-05-28,21,皮膚科,1
0122027,0,2024,2024-12-09,21,皮膚科,1
0122027,0,2024,2024-12-16,21,皮膚科,1
0122035,0,2024,2024-12-23,18,整形外,1
0122159,0,2024,2024-11-13,25,耳鼻科,1
0122159,0,2024,2024-12-02,25,耳鼻科,1
0122159,0,2024,2025-01-15,25,耳鼻科,1
0122159,0,2024,2025-02-05,25,耳鼻科,1
0122159,0,2024,2025-03-31,25,耳鼻科,1
0122183,0,2024,2024-08-07,21,皮膚科,1
0122183,0,2024,2024-12-06,21,皮膚科,1
0122183,0,2024,2024-06-13,2,脳神内,1
0122266,0,2024,2024-05-29,19,形成外,1
0122266,0,2024,2024-08-21,21,皮膚科,1
0122266,0,2024,2024-10-25,21,皮膚科,1
0122266,0,2024,2024-12-05,21,皮膚科,1
0122316,0,2024,2025-03-06,17,小児外,1
0122316,0,2024,2024-06-19,10,小児科,1
0122316,0,2024,2024-06-20,10,小児科,1
0122316,0,2024,2024-08-22,10,小児科,1
0122316,0,2024,2025-01-06,10,小児科,1
0122316,0,2024,2025-03-03,10,小児科,1
0122316,0,2024,2024-08-07,19,形成外,1
0122316,0,2024,2024-06-26,15,心血外,1
0122316,0,2024,2024-10-31,15,心血外,1
0122316,0,2024,2024-10-15,43,産婦人,1
0122324,0,2024,2024-11-21,5,呼吸内,1
0122324,0,2024,2025-03-15,34,救急科,1
0122324,0,2024,2025-03-05,25,耳鼻科,1
0122324,0,2024,2025-01-17,20,脳神外,1
0122381,0,2024,2024-10-15,43,産婦人,1
0122381,0,2024,2024-10-23,43,産婦人,1
0122381,0,2024,2024-10-29,43,産婦人,1
0122381,0,2024,2024-08-07,6,糖尿内,1
0122381,0,2024,2024-11-07,6,糖尿内,1
0122381,0,2024,2025-03-12,6,糖尿内,1
0122456,0,2024,2024-10-23,19,形成外,1
0122456,0,2024,2024-06-12,21,皮膚科,1
0122522,0,2024,2024-10-25,16,乳甲外,1
0122522,0,2024,2025-02-06,7,循環内,1
0122548,0,2024,2024-08-01,2,脳神内,1
0122670,0,2024,2024-07-30,7,循環内,1
0122670,0,2024,2024-08-22,7,循環内,1
0122670,0,2024,2024-08-27,7,循環内,1
0122670,0,2024,2025-01-11,34,救急科,1
0122670,0,2024,2024-12-04,18,整形外,1
0122670,0,2024,2025-02-19,50,消化内,1
0122670,0,2024,2024-06-17,14,消化外,1
0122688,0,2024,2024-10-28,19,形成外,1
0122688,0,2024,2025-02-28,15,心血外,1
0122688,0,2024,2024-06-24,21,皮膚科,1
0122688,0,2024,2024-07-10,21,皮膚科,1
0122746,0,2024,2024-10-18,12,心療科,1
0122829,0,2024,2025-03-25,48,リウ膠,1
0122829,0,2024,2024-11-15,16,乳甲外,1
0122829,0,2024,2024-12-09,16,乳甲外,1
0122829,0,2024,2025-01-22,16,乳甲外,1
0122829,0,2024,2025-01-31,16,乳甲外,1
0122829,0,2024,2025-02-26,16,乳甲外,1
0122829,0,2024,2025-03-14,16,乳甲外,1
0122829,0,2024,2024-11-14,5,呼吸内,1
0122829,0,2024,2025-01-17,13,呼吸外,1
0122829,0,2024,2024-07-05,19,形成外,1
0122829,0,2024,2025-01-30,19,形成外,1
0122829,0,2024,2025-03-13,19,形成外,1
0122829,0,2024,2024-05-31,7,循環内,1
0122829,0,2024,2025-03-31,7,循環内,1
0122829,0,2024,2024-05-08,12,心療科,1
0122829,0,2024,2025-01-31,12,心療科,1
0122829,0,2024,2024-06-12,28,放診断,1
0122829,0,2024,2024-06-13,28,放診断,1
0122829,0,2024,2024-06-26,28,放診断,1
0122829,0,2024,2024-07-27,28,放診断,1
0122829,0,2024,2024-11-18,28,放診断,1
0122829,0,2024,2024-12-06,28,放診断,1
0122829,0,2024,2025-01-15,28,放診断,1
0122829,0,2024,2025-01-16,28,放診断,1
0122829,0,2024,2025-01-30,28,放診断,1
0122829,0,2024,2025-03-21,28,放診断,1
0122829,0,2024,2024-07-12,34,救急科,1
0122829,0,2024,2024-05-21,18,整形外,1
0122829,0,2024,2024-10-30,22,泌尿器,1
0122829,0,2024,2024-05-07,50,消化内,1
0122829,0,2024,2024-08-06,50,消化内,1
0122829,0,2024,2024-10-10,50,消化内,1
0122829,0,2024,2024-11-19,50,消化内,1
0122829,0,2024,2024-11-26,50,消化内,1
0122829,0,2024,2025-03-11,50,消化内,1
0122829,0,2024,2025-03-31,50,消化内,1
0122829,0,2024,2024-05-07,14,消化外,1
0122829,0,2024,2024-08-06,21,皮膚科,1
0122829,0,2024,2024-10-09,21,皮膚科,1
0122829,0,2024,2024-12-24,21,皮膚科,1
0122829,0,2024,2025-02-17,36,総合診,1
0122829,0,2024,2024-05-13,25,耳鼻科,1
0122829,0,2024,2025-02-10,2,脳神内,1
0122829,0,2024,2025-02-12,2,脳神内,1
0122829,0,2024,2024-06-03,8,腎臓内,1
0122829,0,2024,2024-07-26,8,腎臓内,1
0122860,0,2024,2025-02-03,25,耳鼻科,1
0122885,0,2024,2025-03-10,16,乳甲外,1
0122993,0,2024,2024-07-01,25,耳鼻科,1
0123165,0,2024,2025-03-13,50,消化内,1
0123207,0,2024,2024-07-10,25,耳鼻科,1
0123231,0,2024,2024-05-15,12,心療科,1
0123231,0,2024,2025-03-11,12,心療科,1
0123264,0,2024,2024-11-21,16,乳甲外,1
0123264,0,2024,2024-06-21,25,耳鼻科,1
0123264,0,2024,2024-12-13,25,耳鼻科,1
0123264,0,2024,2025-03-10,25,耳鼻科,1
0123264,0,2024,2025-03-26,2,脳神内,1
0123330,0,2024,2024-11-13,8,腎臓内,1
0123348,0,2024,2024-06-25,22,泌尿器,1
0123355,0,2024,2024-08-24,34,救急科,1
0123355,0,2024,2024-08-19,21,皮膚科,1
0123363,0,2024,2024-06-24,26,眼科,1
0123363,0,2024,2024-07-10,26,眼科,1
0123363,0,2024,2024-07-22,26,眼科,1
0123363,0,2024,2024-08-07,26,眼科,1
0123363,0,2024,2024-08-08,26,眼科,1
0123363,0,2024,2024-12-19,26,眼科,1
0123363,0,2024,2025-01-06,26,眼科,1
0123363,0,2024,2025-02-19,26,眼科,1
0123363,0,2024,2025-02-27,26,眼科,1
0123363,0,2024,2025-03-13,26,眼科,1
0123405,0,2024,2025-01-15,31,リハ,1
0123405,0,2024,2024-12-05,5,呼吸内,1
0123405,0,2024,2024-05-09,10,小児科,1
0123405,0,2024,2024-05-13,10,小児科,2
0123405,0,2024,2024-05-22,10,小児科,1
0123405,0,2024,2024-05-27,10,小児科,1
0123405,0,2024,2024-07-01,10,小児科,1
0123405,0,2024,2024-07-08,10,小児科,1
0123405,0,2024,2024-07-17,10,小児科,1
0123405,0,2024,2024-07-24,10,小児科,1
0123405,0,2024,2024-07-25,10,小児科,1
0123405,0,2024,2024-08-01,10,小児科,1
0123405,0,2024,2024-08-22,10,小児科,1
0123405,0,2024,2024-10-10,10,小児科,1
0123405,0,2024,2024-10-17,10,小児科,2
0123405,0,2024,2024-10-19,10,小児科,1
0123405,0,2024,2024-10-31,10,小児科,1
0123405,0,2024,2024-11-06,10,小児科,1
0123405,0,2024,2024-11-27,10,小児科,1
0123405,0,2024,2024-12-16,10,小児科,1
0123405,0,2024,2025-02-27,10,小児科,1
0123405,0,2024,2025-02-28,10,小児科,1
0123405,0,2024,2024-07-26,28,放診断,1
0123405,0,2024,2024-12-29,34,救急科,1
0123405,0,2024,2024-08-02,18,整形外,1
0123405,0,2024,2024-10-19,18,整形外,1
0123405,0,2024,2024-12-06,18,整形外,1
0123405,0,2024,2024-05-23,43,産婦人,1
0123405,0,2024,2024-05-27,43,産婦人,1
0123405,0,2024,2024-06-03,43,産婦人,1
0123405,0,2024,2024-06-10,43,産婦人,1
0123405,0,2024,2024-06-12,43,産婦人,1
0123405,0,2024,2024-06-13,43,産婦人,1
0123405,0,2024,2024-06-14,43,産婦人,1
0123405,0,2024,2024-06-24,43,産婦人,2
0123405,0,2024,2024-07-02,43,産婦人,1
0123405,0,2024,2024-07-19,43,産婦人,1
0123405,0,2024,2024-07-22,43,産婦人,1
0123405,0,2024,2024-07-25,43,産婦人,1
0123405,0,2024,2024-07-31,43,産婦人,1
0123405,0,2024,2024-08-01,43,産婦人,1
0123405,0,2024,2024-08-04,43,産婦人,1
0123405,0,2024,2024-08-08,43,産婦人,1
0123405,0,2024,2024-08-15,43,産婦人,1
0123405,0,2024,2024-08-29,43,産婦人,1
0123405,0,2024,2024-08-30,43,産婦人,1
0123405,0,2024,2024-10-17,43,産婦人,1
0123405,0,2024,2024-11-08,43,産婦人,1
0123405,0,2024,2024-11-19,43,産婦人,1
0123405,0,2024,2024-11-26,43,産婦人,1
0123405,0,2024,2024-11-28,43,産婦人,3
0123405,0,2024,2024-12-05,43,産婦人,1
0123405,0,2024,2024-12-19,43,産婦人,1
0123405,0,2024,2025-01-10,43,産婦人,1
0123405,0,2024,2025-01-17,43,産婦人,1
0123405,0,2024,2025-01-23,43,産婦人,1
0123405,0,2024,2025-02-25,43,産婦人,1
0123405,0,2024,2025-03-27,43,産婦人,1
0123405,0,2024,2025-03-31,43,産婦人,1
0123405,0,2024,2024-08-20,21,皮膚科,1
0123405,0,2024,2025-02-26,25,耳鼻科,1
0123405,0,2024,2024-10-22,20,脳神外,1
0123421,0,2024,2024-12-04,25,耳鼻科,1
0123447,0,2024,2024-10-02,21,皮膚科,1
0123462,0,2024,2024-05-20,18,整形外,1
0123470,0,2024,2024-06-26,10,小児科,1
0123470,0,2024,2025-03-07,10,小児科,1
0123470,0,2024,2024-06-26,34,救急科,1
0123496,0,2024,2024-07-22,18,整形外,1
0123504,0,2024,2024-05-20,17,小児外,1
0123504,0,2024,2024-12-09,18,整形外,1
0123538,0,2024,2024-05-10,2,脳神内,1
0123611,0,2024,2025-02-25,36,総合診,1
0123611,0,2024,2024-06-17,2,脳神内,1
0123629,0,2024,2024-08-14,12,心療科,1
0123629,0,2024,2024-12-02,25,耳鼻科,1
0123652,0,2024,2025-01-29,25,耳鼻科,1
0123652,0,2024,2025-02-03,25,耳鼻科,1
0123660,0,2024,2025-02-07,19,形成外,1
0123701,0,2024,2024-05-24,22,泌尿器,1
0123701,0,2024,2024-08-23,2,脳神内,1
0123728,0,2024,2025-01-21,12,心療科,1
0123751,0,2024,2024-10-31,26,眼科,1
0123777,0,2024,2024-05-14,18,整形外,1
0123777,0,2024,2024-06-04,21,皮膚科,1
0123777,0,2024,2024-07-03,21,皮膚科,1
0123777,0,2024,2024-07-08,21,皮膚科,1
0123777,0,2024,2024-07-10,21,皮膚科,1
0123777,0,2024,2024-11-13,21,皮膚科,1
0123777,0,2024,2025-03-05,21,皮膚科,1
0123777,0,2024,2024-05-22,25,耳鼻科,1
0123785,0,2024,2024-10-16,21,皮膚科,1
0123801,0,2024,2024-05-09,5,呼吸内,1
0123801,0,2024,2024-07-25,5,呼吸内,2
0123801,0,2024,2024-08-22,5,呼吸内,2
0123801,0,2024,2025-02-17,50,消化内,1
0123850,0,2024,2024-05-29,48,リウ膠,1
0123868,0,2024,2024-05-02,18,整形外,1
0123876,0,2024,2024-08-06,48,リウ膠,1
0123876,0,2024,2024-11-06,5,呼吸内,1
0123876,0,2024,2024-12-05,19,形成外,1
0123876,0,2024,2025-02-18,7,循環内,1
0123876,0,2024,2024-12-07,18,整形外,1
0123876,0,2024,2024-05-17,50,消化内,1
0123884,0,2024,2024-12-16,15,心血外,1
0123884,0,2024,2024-12-16,50,消化内,1
0123975,0,2024,2024-06-07,48,リウ膠,1
0123975,0,2024,2024-10-10,48,リウ膠,1
0123975,0,2024,2024-12-09,48,リウ膠,1
0123975,0,2024,2024-10-10,5,呼吸内,1
0123975,0,2024,2025-03-28,5,呼吸内,1
0123975,0,2024,2024-11-11,10,小児科,1
0123975,0,2024,2024-08-07,7,循環内,1
0123975,0,2024,2025-02-14,15,心血外,1
0123975,0,2024,2024-07-30,28,放診断,1
0123975,0,2024,2024-11-06,28,放診断,1
0123975,0,2024,2024-11-28,28,放診断,1
0123975,0,2024,2025-01-10,28,放診断,1
0123975,0,2024,2024-12-27,22,泌尿器,1
0123975,0,2024,2024-05-16,50,消化内,1
0123975,0,2024,2024-05-17,50,消化内,1
0123975,0,2024,2024-05-24,50,消化内,1
0123975,0,2024,2024-06-27,50,消化内,1
0123975,0,2024,2024-07-02,50,消化内,1
0123975,0,2024,2024-07-29,50,消化内,1
0123975,0,2024,2024-08-07,50,消化内,1
0123975,0,2024,2024-10-03,50,消化内,1
0123975,0,2024,2024-10-16,50,消化内,1
0123975,0,2024,2024-11-22,50,消化内,1
0123975,0,2024,2024-12-04,50,消化内,1
0123975,0,2024,2024-12-16,50,消化内,1
0123975,0,2024,2024-12-26,50,消化内,1
0123975,0,2024,2025-02-03,50,消化内,1
0123975,0,2024,2025-02-10,50,消化内,1
0123975,0,2024,2025-02-15,50,消化内,1
0123975,0,2024,2025-02-17,50,消化内,1
0123975,0,2024,2024-08-20,14,消化外,1
0123975,0,2024,2025-02-19,25,耳鼻科,1
0123975,0,2024,2024-12-12,8,腎臓内,1
0123983,0,2024,2024-07-29,10,小児科,1
0123991,0,2024,2025-02-18,5,呼吸内,1
0123991,0,2024,2025-03-10,17,小児外,1
0124023,0,2024,2024-12-18,5,呼吸内,1
0124098,0,2024,2024-11-12,5,呼吸内,1
0124501,0,2024,2024-10-08,18,整形外,1
0124568,0,2024,2024-06-07,10,小児科,1
0124584,0,2024,2024-07-05,18,整形外,1
0201736,0,2024,2024-05-29,32,歯口外,1
0201736,0,2024,2025-02-28,32,歯口外,1
0201736,0,2024,2025-03-05,32,歯口外,1
0201983,0,2024,2024-05-15,32,歯口外,1
0201983,0,2024,2024-08-08,32,歯口外,1
0201983,0,2024,2024-10-09,32,歯口外,1
0201983,0,2024,2024-11-07,32,歯口外,1
0201983,0,2024,2024-11-20,32,歯口外,1
0201983,0,2024,2024-12-16,32,歯口外,1
0202072,0,2024,2024-05-22,32,歯口外,1
0202072,0,2024,2024-07-09,32,歯口外,1
0202213,0,2024,2025-03-03,32,歯口外,1
0202296,0,2024,2024-08-06,32,歯口外,1
0202296,0,2024,2024-12-23,32,歯口外,1
0202320,0,2024,2024-05-27,32,歯口外,1
0202320,0,2024,2024-06-24,32,歯口外,1
0202320,0,2024,2024-08-27,32,歯口外,1
0202320,0,2024,2024-10-18,32,歯口外,1
0202320,0,2024,2024-11-06,32,歯口外,1
0202320,0,2024,2025-01-29,32,歯口外,2
0202320,0,2024,2025-03-07,32,歯口外,1
0202320,0,2024,2025-03-17,32,歯口外,1
0202429,0,2024,2025-01-27,32,歯口外,1
0202429,0,2024,2025-03-10,32,歯口外,1
0202452,0,2024,2024-05-11,32,歯口外,1
0202452,0,2024,2024-07-08,32,歯口外,1
0202502,0,2024,2024-10-28,18,整形外,1
0202585,0,2024,2024-07-22,32,歯口外,1
0202585,0,2024,2024-10-23,32,歯口外,1
0202585,0,2024,2024-10-30,32,歯口外,1
0202585,0,2024,2025-01-27,32,歯口外,1
0202585,0,2024,2025-03-24,32,歯口外,1
0202619,0,2024,2024-11-20,32,歯口外,1
0202619,0,2024,2025-01-06,32,歯口外,1
0202619,0,2024,2025-02-05,32,歯口外,1
0202619,0,2024,2025-03-05,32,歯口外,1
0202734,0,2024,2024-05-13,32,歯口外,1
0202734,0,2024,2024-05-22,32,歯口外,1
0202734,0,2024,2024-07-05,32,歯口外,1
0202734,0,2024,2024-07-31,32,歯口外,1
0202734,0,2024,2024-10-16,32,歯口外,1
0202734,0,2024,2024-12-11,32,歯口外,1
0202734,0,2024,2025-02-26,32,歯口外,1
0202759,0,2024,2024-11-13,32,歯口外,1
0202759,0,2024,2025-02-03,32,歯口外,1
0202825,0,2024,2025-03-31,32,歯口外,1
0203013,0,2024,2024-05-28,32,歯口外,1
0203013,0,2024,2024-06-05,32,歯口外,1
0203013,0,2024,2024-06-10,32,歯口外,1
0203013,0,2024,2024-08-28,32,歯口外,1
0203013,0,2024,2024-10-10,32,歯口外,1
0203013,0,2024,2024-10-23,32,歯口外,1
0203013,0,2024,2024-12-02,32,歯口外,1
0203013,0,2024,2024-12-09,32,歯口外,1
0203013,0,2024,2024-12-13,32,歯口外,1
0203013,0,2024,2025-02-07,32,歯口外,1
0203047,0,2024,2024-07-11,32,歯口外,1
0203047,0,2024,2025-03-17,32,歯口外,1
0203179,0,2024,2024-05-27,32,歯口外,1
0203179,0,2024,2024-11-29,32,歯口外,1
0203179,0,2024,2025-03-10,25,耳鼻科,1
0203229,0,2024,2024-06-14,32,歯口外,1
0203229,0,2024,2024-07-10,32,歯口外,1
0203237,0,2024,2024-06-07,32,歯口外,1
0203280,0,2024,2025-02-14,15,心血外,1
0203280,0,2024,2025-03-03,37,麻酔科,1
0203310,0,2024,2024-10-28,32,歯口外,1
0203328,0,2024,2024-05-16,32,歯口外,1
0203328,0,2024,2024-05-23,32,歯口外,1
0203328,0,2024,2024-05-29,32,歯口外,1
0203328,0,2024,2024-07-05,32,歯口外,1
0203328,0,2024,2024-08-14,32,歯口外,1
0203328,0,2024,2024-08-24,32,歯口外,1
0203328,0,2024,2024-10-02,32,歯口外,1
0203328,0,2024,2024-10-11,32,歯口外,1
0203328,0,2024,2024-10-25,32,歯口外,1
0203328,0,2024,2024-10-30,32,歯口外,1
0203328,0,2024,2024-11-18,32,歯口外,1
0203328,0,2024,2024-11-20,32,歯口外,1
0203328,0,2024,2024-12-02,32,歯口外,1
0203328,0,2024,2024-12-07,32,歯口外,1
0203328,0,2024,2024-12-28,32,歯口外,1
0203328,0,2024,2025-01-15,32,歯口外,1
0203328,0,2024,2025-03-18,32,歯口外,1
0203328,0,2024,2025-03-28,32,歯口外,1
0203336,0,2024,2024-12-02,32,歯口外,1
0203377,0,2024,2024-12-09,32,歯口外,1
0203377,0,2024,2025-01-27,32,歯口外,1
0203419,0,2024,2025-03-07,34,救急科,1
0203419,0,2024,2024-06-10,32,歯口外,1
0203419,0,2024,2024-06-11,32,歯口外,1
0203419,0,2024,2024-06-19,32,歯口外,1
0203419,0,2024,2024-07-08,32,歯口外,1
0203419,0,2024,2024-07-24,32,歯口外,1
0203419,0,2024,2024-07-31,32,歯口外,1
0203419,0,2024,2024-08-09,32,歯口外,1
0203419,0,2024,2024-08-21,32,歯口外,1
0203419,0,2024,2024-08-23,32,歯口外,1
0203419,0,2024,2024-08-30,32,歯口外,1
0203419,0,2024,2024-10-18,32,歯口外,1
0203419,0,2024,2024-11-01,32,歯口外,1
0203419,0,2024,2024-11-08,32,歯口外,1
0203419,0,2024,2024-12-06,32,歯口外,1
0203419,0,2024,2024-12-20,32,歯口外,1
0203419,0,2024,2025-01-30,32,歯口外,1
0203419,0,2024,2025-03-05,32,歯口外,1
0203419,0,2024,2024-10-23,9,脳卒中,1
0203421,0,2024,2025-02-17,16,乳甲外,1
0203518,0,2024,2024-05-27,32,歯口外,1
0203518,0,2024,2024-08-02,32,歯口外,1
0203518,0,2024,2025-01-06,32,歯口外,1
0203518,0,2024,2025-02-28,32,歯口外,1
0203518,0,2024,2025-03-26,32,歯口外,1
0203617,0,2024,2024-05-22,32,歯口外,1
0203658,0,2024,2024-08-23,32,歯口外,1
0203658,0,2024,2024-12-02,32,歯口外,1
0203682,0,2024,2024-06-13,32,歯口外,1
0203757,0,2024,2024-06-15,32,歯口外,1
0203757,0,2024,2024-07-05,32,歯口外,1
0203757,0,2024,2024-07-31,32,歯口外,1
0203757,0,2024,2024-08-03,32,歯口外,1
0203757,0,2024,2024-10-09,32,歯口外,1
0203757,0,2024,2024-10-30,32,歯口外,1
0203757,0,2024,2025-01-07,32,歯口外,1
0203757,0,2024,2025-02-17,32,歯口外,1
0203757,0,2024,2025-03-05,32,歯口外,2
0203765,0,2024,2024-06-05,32,歯口外,1
0203765,0,2024,2024-07-24,32,歯口外,1
0203765,0,2024,2024-11-27,32,歯口外,1
0203773,0,2024,2024-06-06,32,歯口外,1
0203773,0,2024,2024-06-14,32,歯口外,1
0203773,0,2024,2024-06-17,32,歯口外,1
0203831,0,2024,2024-08-16,32,歯口外,1
0203864,0,2024,2024-06-24,32,歯口外,1
0203864,0,2024,2024-10-25,32,歯口外,1
0203864,0,2024,2025-03-21,32,歯口外,1
0203872,0,2024,2024-06-10,32,歯口外,1
0203872,0,2024,2024-08-02,32,歯口外,1
0203872,0,2024,2024-08-09,32,歯口外,1
0203872,0,2024,2024-08-30,32,歯口外,1
0203872,0,2024,2024-12-16,32,歯口外,1
0203872,0,2024,2025-01-06,32,歯口外,1
0203880,0,2024,2024-07-18,32,歯口外,1
0203914,0,2024,2024-06-10,32,歯口外,1
0203914,0,2024,2024-12-23,32,歯口外,1
0203930,0,2024,2024-11-25,22,泌尿器,1
0204003,0,2024,2024-07-22,32,歯口外,1
0204003,0,2024,2024-08-07,32,歯口外,1
0204102,0,2024,2024-07-30,10,小児科,1
0204102,0,2024,2024-08-23,32,歯口外,1
0204102,0,2024,2024-11-07,32,歯口外,1
0204102,0,2024,2024-11-15,32,歯口外,1
0204102,0,2024,2025-01-17,32,歯口外,1
0204102,0,2024,2025-03-07,32,歯口外,1
0204110,0,2024,2024-10-12,32,歯口外,1
0204148,0,2024,2024-06-27,26,眼科,1
0204148,0,2024,2024-07-05,26,眼科,1
0204148,0,2024,2024-07-08,26,眼科,1
0204148,0,2024,2024-07-16,26,眼科,1
0204148,0,2024,2024-08-30,26,眼科,1
0204148,0,2024,2024-12-12,26,眼科,1
0204151,0,2024,2024-05-29,32,歯口外,1
0204151,0,2024,2024-06-26,32,歯口外,1
0204151,0,2024,2024-07-24,32,歯口外,3
0204151,0,2024,2024-08-21,32,歯口外,1
0204151,0,2024,2024-10-30,32,歯口外,1
0204151,0,2024,2025-01-08,32,歯口外,1
0204151,0,2024,2025-01-29,32,歯口外,1
0204151,0,2024,2025-02-05,32,歯口外,1
0204151,0,2024,2025-02-12,32,歯口外,1
0204151,0,2024,2025-02-26,32,歯口外,2
0204151,0,2024,2025-03-19,32,歯口外,1
0204169,0,2024,2024-12-23,32,歯口外,1
0204169,0,2024,2025-01-25,32,歯口外,1
0204169,0,2024,2025-03-12,32,歯口外,1
0204169,0,2024,2025-03-19,32,歯口外,1
0204193,0,2024,2025-01-09,32,歯口外,1
0204235,0,2024,2024-11-29,32,歯口外,1
0204268,0,2024,2024-05-09,32,歯口外,1
0204268,0,2024,2024-06-12,32,歯口外,1
0204268,0,2024,2024-07-19,32,歯口外,1
0204268,0,2024,2024-08-31,32,歯口外,1
0204268,0,2024,2025-01-17,32,歯口外,1
0204268,0,2024,2025-02-06,32,歯口外,1
0204268,0,2024,2025-02-15,32,歯口外,1
0204270,0,2024,2024-11-28,43,産婦人,1
0204270,0,2024,2024-12-11,1,血液内,1
0204326,0,2024,2024-05-15,32,歯口外,1
0204326,0,2024,2025-02-19,32,歯口外,1
0204367,0,2024,2024-07-26,32,歯口外,1
0204367,0,2024,2024-10-05,32,歯口外,1
0204367,0,2024,2024-12-06,32,歯口外,1
0204367,0,2024,2024-12-25,32,歯口外,1
0204367,0,2024,2024-11-06,25,耳鼻科,1
0204367,0,2024,2025-03-19,25,耳鼻科,1
0204375,0,2024,2024-08-17,32,歯口外,1
0204375,0,2024,2024-11-15,32,歯口外,1
0204375,0,2024,2025-02-17,32,歯口外,1
0204375,0,2024,2025-02-26,32,歯口外,1
0204375,0,2024,2025-03-14,32,歯口外,1
0204383,0,2024,2025-02-04,21,皮膚科,1
0204391,0,2024,2024-06-15,32,歯口外,1
0204391,0,2024,2024-07-06,32,歯口外,1
0204391,0,2024,2024-07-13,32,歯口外,1
0204391,0,2024,2024-08-24,32,歯口外,1
0204391,0,2024,2024-12-18,32,歯口外,1
0204391,0,2024,2025-02-05,32,歯口外,1
0204433,0,2024,2024-08-19,32,歯口外,1
0204433,0,2024,2024-11-20,32,歯口外,1
0204437,0,2024,2024-07-20,26,眼科,1
0204437,0,2024,2024-07-25,26,眼科,1
0204437,0,2024,2024-08-16,26,眼科,1
0204437,0,2024,2024-10-01,26,眼科,1
0204437,0,2024,2025-01-28,26,眼科,1
0204478,0,2024,2025-02-07,10,小児科,1
0204478,0,2024,2025-02-18,19,形成外,1
0204478,0,2024,2025-03-28,34,救急科,1
0204478,0,2024,2024-11-26,21,皮膚科,1
0204478,0,2024,2024-05-13,25,耳鼻科,1
0204478,0,2024,2024-05-30,25,耳鼻科,1
0204478,0,2024,2024-06-19,25,耳鼻科,1
0204478,0,2024,2024-06-22,25,耳鼻科,1
0204478,0,2024,2024-07-01,25,耳鼻科,1
0204478,0,2024,2024-07-16,25,耳鼻科,1
0204478,0,2024,2024-08-14,25,耳鼻科,1
0204478,0,2024,2024-10-05,25,耳鼻科,1
0204478,0,2024,2024-10-10,25,耳鼻科,1
0204478,0,2024,2024-10-28,25,耳鼻科,1
0204478,0,2024,2024-11-01,25,耳鼻科,1
0204478,0,2024,2024-11-05,25,耳鼻科,1
0204478,0,2024,2024-12-13,25,耳鼻科,1
0204478,0,2024,2025-01-11,25,耳鼻科,1
0204478,0,2024,2025-01-24,25,耳鼻科,1
0204478,0,2024,2025-02-26,25,耳鼻科,1
0204478,0,2024,2025-02-27,25,耳鼻科,1
0204478,0,2024,2025-03-05,25,耳鼻科,1
0204478,0,2024,2025-03-21,25,耳鼻科,1
0204478,0,2024,2024-07-12,2,脳神内,1
0204478,0,2024,2024-10-18,20,脳神外,1
0204502,0,2024,2024-10-18,7,循環内,1
0204502,0,2024,2024-05-28,14,消化外,1
0204502,0,2024,2024-11-07,2,脳神内,1
0204502,0,2024,2024-12-10,2,脳神内,1
0204502,0,2024,2025-03-21,2,脳神内,1
0204502,0,2024,2024-11-01,20,脳神外,1
0204502,0,2024,2025-03-18,20,脳神外,1
0204510,0,2024,2024-08-23,12,心療科,1
0204510,0,2024,2024-05-09,18,整形外,1
0204510,0,2024,2024-06-17,22,泌尿器,1
0204516,0,2024,2024-05-10,32,歯口外,2
0204516,0,2024,2024-05-29,32,歯口外,1
0204516,0,2024,2024-12-27,32,歯口外,1
0204516,0,2024,2025-02-14,32,歯口外,1
0204573,0,2024,2024-06-10,32,歯口外,1
0204573,0,2024,2024-07-29,32,歯口外,1
0204573,0,2024,2024-08-01,32,歯口外,1
0204573,0,2024,2025-02-17,32,歯口外,1
0204581,0,2024,2024-05-29,32,歯口外,1
0204581,0,2024,2024-05-31,32,歯口外,1
0204607,0,2024,2024-06-10,32,歯口外,1
0204607,0,2024,2024-10-21,32,歯口外,1
0204607,0,2024,2025-02-03,32,歯口外,1
0204607,0,2024,2025-03-17,32,歯口外,1
0204607,0,2024,2025-03-24,32,歯口外,1
0204619,0,2024,2024-05-21,20,脳神外,1
0204649,0,2024,2024-06-07,5,呼吸内,1
0204649,0,2024,2024-05-17,32,歯口外,1
0204649,0,2024,2024-08-05,32,歯口外,1
0204649,0,2024,2024-08-16,32,歯口外,1
0204649,0,2024,2024-10-10,32,歯口外,1
0204649,0,2024,2024-10-18,32,歯口外,1
0204649,0,2024,2024-11-18,32,歯口外,1
0204649,0,2024,2024-12-11,32,歯口外,1
0204649,0,2024,2024-12-27,32,歯口外,1
0204672,0,2024,2024-05-17,32,歯口外,1
0204672,0,2024,2024-08-20,32,歯口外,1
0204672,0,2024,2024-12-11,32,歯口外,1
0204680,0,2024,2024-12-05,32,歯口外,1
0204698,0,2024,2024-05-11,32,歯口外,1
0204706,0,2024,2024-08-05,32,歯口外,1
0204797,0,2024,2024-05-17,32,歯口外,1
0204797,0,2024,2024-07-31,32,歯口外,1
0204797,0,2024,2024-08-21,32,歯口外,1
0204805,0,2024,2024-10-04,32,歯口外,1
0204805,0,2024,2025-01-29,32,歯口外,1
0204805,0,2024,2025-02-21,32,歯口外,1
0204813,0,2024,2024-12-16,32,歯口外,1
0204847,0,2024,2024-05-18,32,歯口外,1
0204847,0,2024,2024-06-19,32,歯口外,1
0204847,0,2024,2024-07-17,32,歯口外,1
0204847,0,2024,2024-10-19,32,歯口外,1
0204847,0,2024,2024-12-04,32,歯口外,1
0204847,0,2024,2025-03-14,32,歯口外,1
0204847,0,2024,2025-03-24,32,歯口外,1
0204862,0,2024,2024-05-30,32,歯口外,1
0204862,0,2024,2025-02-19,32,歯口外,1
0204896,0,2024,2024-08-28,32,歯口外,1
0204896,0,2024,2024-11-27,32,歯口外,1
0204916,0,2024,2024-07-03,43,産婦人,1
0204916,0,2024,2024-06-28,26,眼科,1
0204916,0,2024,2024-07-26,26,眼科,1
0204916,0,2024,2025-01-21,26,眼科,1
0204920,0,2024,2024-05-02,32,歯口外,1
0204920,0,2024,2024-05-22,32,歯口外,1
0204920,0,2024,2024-05-25,32,歯口外,1
0204920,0,2024,2024-06-25,32,歯口外,1
0204920,0,2024,2024-06-28,32,歯口外,1
0204920,0,2024,2024-07-30,32,歯口外,1
0204920,0,2024,2024-08-19,32,歯口外,1
0204920,0,2024,2024-08-23,32,歯口外,1
0204920,0,2024,2024-10-25,32,歯口外,1
0204920,0,2024,2024-11-01,32,歯口外,1
0204920,0,2024,2024-11-08,32,歯口外,1
0204920,0,2024,2024-11-13,32,歯口外,1
0204920,0,2024,2024-12-06,32,歯口外,1
0204920,0,2024,2024-12-12,32,歯口外,1
0204920,0,2024,2024-12-24,32,歯口外,1
0204920,0,2024,2024-12-28,32,歯口外,1
0204920,0,2024,2025-01-24,32,歯口外,1
0204920,0,2024,2025-02-04,32,歯口外,1
0204920,0,2024,2025-03-07,32,歯口外,1
0204920,0,2024,2025-03-25,32,歯口外,1
0204920,0,2024,2025-03-29,32,歯口外,1
0204940,0,2024,2025-03-06,26,眼科,1
0204946,0,2024,2024-08-06,32,歯口外,1
0204946,0,2024,2024-11-21,32,歯口外,1
0204953,0,2024,2024-08-05,32,歯口外,1
0204961,0,2024,2024-06-22,32,歯口外,1
0204961,0,2024,2024-07-23,32,歯口外,1
0204961,0,2024,2024-08-08,32,歯口外,1
0204973,0,2024,2025-02-07,18,整形外,1
0204973,0,2024,2024-10-24,6,糖尿内,1
0204981,0,2024,2024-06-05,18,整形外,1
0204981,0,2024,2024-12-13,18,整形外,1
0204981,0,2024,2024-12-24,9,脳卒中,1
0204987,0,2024,2024-06-04,32,歯口外,1
0204987,0,2024,2024-06-19,32,歯口外,1
0204987,0,2024,2024-10-19,32,歯口外,1
0204987,0,2024,2024-10-29,32,歯口外,1
0204987,0,2024,2024-11-16,32,歯口外,1
0204987,0,2024,2025-02-19,32,歯口外,1
0204987,0,2024,2025-02-26,32,歯口外,1
0204987,0,2024,2025-03-12,32,歯口外,1
0204987,0,2024,2025-03-19,32,歯口外,1
0204995,0,2024,2024-07-04,32,歯口外,1
0204995,0,2024,2024-08-17,32,歯口外,1
0204995,0,2024,2024-10-02,32,歯口外,1
0204999,0,2024,2024-05-08,26,眼科,1
0204999,0,2024,2024-05-13,26,眼科,1
0204999,0,2024,2024-07-01,26,眼科,1
0204999,0,2024,2024-08-19,26,眼科,1
0204999,0,2024,2024-11-22,26,眼科,1
0204999,0,2024,2024-12-19,26,眼科,1
0204999,0,2024,2025-02-05,26,眼科,1
0205026,0,2024,2024-06-17,32,歯口外,1
0205026,0,2024,2024-07-03,32,歯口外,1
0205026,0,2024,2024-10-24,32,歯口外,1
0205026,0,2024,2024-12-18,32,歯口外,1
0205026,0,2024,2025-03-14,32,歯口外,1
0205034,0,2024,2024-07-08,32,歯口外,1
0205034,0,2024,2024-07-13,32,歯口外,1
0205034,0,2024,2024-07-26,32,歯口外,1
0205034,0,2024,2024-07-27,32,歯口外,1
0205034,0,2024,2024-08-28,32,歯口外,1
0205034,0,2024,2024-10-03,32,歯口外,1
0205034,0,2024,2024-10-04,32,歯口外,1
0205034,0,2024,2024-10-05,32,歯口外,1
0205034,0,2024,2024-11-02,32,歯口外,1
0205034,0,2024,2024-11-09,32,歯口外,1
0205034,0,2024,2024-12-04,32,歯口外,1
0205034,0,2024,2024-12-07,32,歯口外,1
0205034,0,2024,2025-01-04,32,歯口外,1
0205034,0,2024,2025-01-08,32,歯口外,1
0205034,0,2024,2025-01-10,32,歯口外,1
0205034,0,2024,2025-01-30,32,歯口外,1
0205034,0,2024,2025-01-31,32,歯口外,1
0205034,0,2024,2025-02-13,32,歯口外,1
0205034,0,2024,2025-02-14,32,歯口外,2
0205034,0,2024,2025-02-19,32,歯口外,3
0205034,0,2024,2025-02-20,32,歯口外,1
0205034,0,2024,2025-03-10,32,歯口外,1
0205034,0,2024,2025-03-21,32,歯口外,1
0205059,0,2024,2025-02-28,32,歯口外,1
0205087,0,2024,2024-12-13,7,循環内,1
0205087,0,2024,2024-11-26,34,救急科,1
0205087,0,2024,2025-02-18,50,消化内,1
0205091,0,2024,2024-10-01,16,乳甲外,1
0205091,0,2024,2025-03-26,32,歯口外,1
0205103,0,2024,2025-02-13,5,呼吸内,1
0205103,0,2024,2024-06-07,7,循環内,1
0205103,0,2024,2024-06-24,7,循環内,1
0205103,0,2024,2025-03-07,7,循環内,1
0205103,0,2024,2024-11-01,18,整形外,1
0205103,0,2024,2024-05-08,32,歯口外,1
0205103,0,2024,2024-05-08,8,腎臓内,1
0205103,0,2024,2024-11-22,8,腎臓内,1
0205103,0,2024,2025-03-26,8,腎臓内,1
0205129,0,2024,2024-06-06,16,乳甲外,1
0205129,0,2024,2024-12-12,5,呼吸内,1
0205129,0,2024,2024-08-15,50,消化内,1
0205129,0,2024,2025-02-04,2,脳神内,1
0205145,0,2024,2024-08-24,25,耳鼻科,1
0205145,0,2024,2024-10-28,25,耳鼻科,2
0205145,0,2024,2024-11-27,25,耳鼻科,1
0205145,0,2024,2025-01-15,25,耳鼻科,1
0205145,0,2024,2025-01-27,25,耳鼻科,1
0205145,0,2024,2025-03-10,25,耳鼻科,1
0205194,0,2024,2024-05-09,16,乳甲外,1
0205194,0,2024,2024-08-23,15,心血外,1
0205194,0,2024,2025-01-09,28,放診断,1
0205194,0,2024,2024-05-09,50,消化内,1
0205194,0,2024,2024-11-19,2,脳神内,1
0205236,0,2024,2024-11-28,5,呼吸内,1
0205236,0,2024,2024-12-03,19,形成外,1
0205236,0,2024,2024-05-22,15,心血外,1
0205236,0,2024,2024-05-01,18,整形外,1
0205236,0,2024,2024-05-31,18,整形外,1
0205236,0,2024,2024-06-12,18,整形外,1
0205236,0,2024,2024-07-22,18,整形外,1
0205236,0,2024,2024-08-05,18,整形外,1
0205236,0,2024,2024-08-15,18,整形外,1
0205236,0,2024,2024-08-19,18,整形外,1
0205236,0,2024,2024-11-11,18,整形外,1
0205236,0,2024,2024-11-14,18,整形外,1
0205236,0,2024,2024-11-22,18,整形外,1
0205236,0,2024,2024-12-17,18,整形外,1
0205236,0,2024,2024-12-25,18,整形外,1
0205236,0,2024,2024-12-27,18,整形外,1
0205236,0,2024,2025-01-08,18,整形外,1
0205236,0,2024,2025-01-23,18,整形外,1
0205236,0,2024,2024-07-27,50,消化内,1
0205236,0,2024,2024-06-10,14,消化外,1
0205236,0,2024,2024-06-27,14,消化外,1
0205236,0,2024,2024-06-04,36,総合診,1
0205236,0,2024,2024-08-22,2,脳神内,1
0205236,0,2024,2024-10-07,2,脳神内,1
0205236,0,2024,2024-11-07,20,脳神外,1
0205236,0,2024,2024-06-18,1,血液内,1
0205251,0,2024,2024-07-06,10,小児科,1
0205251,0,2024,2024-11-20,15,心血外,1
0205251,0,2024,2025-03-13,28,放診断,1
0205251,0,2024,2024-08-16,50,消化内,1
0205251,0,2024,2024-12-11,36,総合診,1
0205251,0,2024,2024-11-25,9,脳卒中,1
0205251,0,2024,2024-05-28,2,脳神内,1
0205251,0,2024,2024-10-18,2,脳神内,1
0205251,0,2024,2025-02-21,20,脳神外,1
0205277,0,2024,2025-01-28,21,皮膚科,1
0205327,0,2024,2024-05-28,18,整形外,1
0205327,0,2024,2025-01-15,18,整形外,1
0205327,0,2024,2025-01-17,18,整形外,1
0205327,0,2024,2025-03-10,18,整形外,1
0205350,0,2024,2024-05-22,50,消化内,1
0205392,0,2024,2025-03-12,7,循環内,1
0205392,0,2024,2024-06-17,34,救急科,1
0205392,0,2024,2024-07-04,18,整形外,1
0205392,0,2024,2024-07-09,50,消化内,1
0205392,0,2024,2024-08-06,2,脳神内,1
0205392,0,2024,2025-03-26,1,血液内,1
0205434,0,2024,2024-10-22,5,呼吸内,1
0205434,0,2024,2025-01-14,5,呼吸内,1
0205434,0,2024,2024-12-12,14,消化外,1
0205434,0,2024,2024-10-29,2,脳神内,1
0205434,0,2024,2025-02-17,2,脳神内,1
0205467,0,2024,2024-07-08,26,眼科,1
0205467,0,2024,2024-12-02,26,眼科,1
0205491,0,2024,2024-06-12,10,小児科,1
0205491,0,2024,2024-06-27,10,小児科,1
0205491,0,2024,2024-07-16,10,小児科,1
0205491,0,2024,2024-10-11,10,小児科,1
0205491,0,2024,2024-10-18,10,小児科,1
0205491,0,2024,2024-10-21,10,小児科,1
0205491,0,2024,2024-10-24,10,小児科,1
0205491,0,2024,2024-11-11,10,小児科,1
0205491,0,2024,2025-02-08,10,小児科,1
0205491,0,2024,2025-02-14,10,小児科,1
0205491,0,2024,2025-03-19,10,小児科,1
0205491,0,2024,2024-11-05,12,心療科,1
0205491,0,2024,2024-12-16,1,血液内,1
0205616,0,2024,2024-05-10,26,眼科,1
0205616,0,2024,2024-05-17,26,眼科,1
0205616,0,2024,2024-06-04,26,眼科,1
0205616,0,2024,2024-08-02,26,眼科,1
0205616,0,2024,2024-12-06,26,眼科,1
0205616,0,2024,2024-12-19,26,眼科,1
0205640,0,2024,2024-12-24,5,呼吸内,1
0205640,0,2024,2024-08-02,34,救急科,1
0205640,0,2024,2025-03-14,32,歯口外,1
0205640,0,2024,2024-07-26,50,消化内,1
0205640,0,2024,2024-05-20,6,糖尿内,1
0205640,0,2024,2024-05-24,6,糖尿内,1
0205640,0,2024,2024-05-17,2,脳神内,1
0205640,0,2024,2024-07-03,2,脳神内,1
0205640,0,2024,2024-08-14,1,血液内,1
0205715,0,2024,2024-10-11,26,眼科,1
0205715,0,2024,2024-12-20,26,眼科,1
0205715,0,2024,2025-01-30,26,眼科,1
0205723,0,2024,2025-01-25,10,小児科,1
0205749,0,2024,2024-10-18,12,心療科,1
0205772,0,2024,2025-02-13,18,整形外,1
0205772,0,2024,2024-11-13,21,皮膚科,1
0205772,0,2024,2024-06-10,26,眼科,1
0205772,0,2024,2024-07-22,26,眼科,1
0205772,0,2024,2024-07-29,26,眼科,1
0205772,0,2024,2025-01-21,26,眼科,1
0205780,0,2024,2024-12-06,5,呼吸内,1
0205780,0,2024,2024-12-25,5,呼吸内,1
0205780,0,2024,2024-05-27,10,小児科,1
0205780,0,2024,2024-10-28,19,形成外,1
0205780,0,2024,2024-05-01,34,救急科,1
0205780,0,2024,2024-12-24,34,救急科,1
0205780,0,2024,2024-12-25,34,救急科,1
0205780,0,2024,2024-11-13,32,歯口外,1
0205780,0,2024,2024-06-03,21,皮膚科,1
0205780,0,2024,2024-06-19,21,皮膚科,1
0205780,0,2024,2024-07-16,21,皮膚科,1
0205780,0,2024,2024-07-17,21,皮膚科,1
0205780,0,2024,2024-07-25,21,皮膚科,1
0205780,0,2024,2024-08-20,21,皮膚科,1
0205780,0,2024,2024-08-22,21,皮膚科,1
0205780,0,2024,2024-08-23,21,皮膚科,1
0205780,0,2024,2024-10-07,21,皮膚科,1
0205780,0,2024,2024-10-23,21,皮膚科,1
0205780,0,2024,2024-11-06,21,皮膚科,1
0205780,0,2024,2024-11-08,21,皮膚科,1
0205780,0,2024,2025-02-19,21,皮膚科,1
0205780,0,2024,2025-02-20,21,皮膚科,1
0205780,0,2024,2025-02-28,21,皮膚科,1
0205780,0,2024,2024-07-31,25,耳鼻科,1
0205780,0,2024,2024-06-24,2,脳神内,1
0205806,0,2024,2024-05-24,12,心療科,1
0205855,0,2024,2024-10-18,25,耳鼻科,1
0205855,0,2024,2025-01-24,25,耳鼻科,1
0205855,0,2024,2025-03-07,25,耳鼻科,1
0205939,0,2024,2024-12-09,1,血液内,1
0205988,0,2024,2024-05-04,7,循環内,1
0205988,0,2024,2024-10-21,50,消化内,1
0205996,0,2024,2024-05-15,28,放診断,1
0206010,0,2024,2024-06-06,19,形成外,1
0206010,0,2024,2024-10-10,19,形成外,1
0206010,0,2024,2024-05-17,21,皮膚科,1
0206010,0,2024,2024-05-27,21,皮膚科,1
0206010,0,2024,2024-06-03,21,皮膚科,2
0206010,0,2024,2024-06-07,21,皮膚科,1
0206010,0,2024,2024-06-10,21,皮膚科,1
0206010,0,2024,2024-06-28,21,皮膚科,1
0206010,0,2024,2024-07-08,21,皮膚科,1
0206010,0,2024,2024-07-22,21,皮膚科,1
0206010,0,2024,2024-07-26,21,皮膚科,1
0206010,0,2024,2024-08-09,21,皮膚科,1
0206010,0,2024,2024-08-23,21,皮膚科,1
0206010,0,2024,2024-10-04,21,皮膚科,1
0206010,0,2024,2024-10-11,21,皮膚科,1
0206010,0,2024,2024-10-16,21,皮膚科,1
0206010,0,2024,2024-10-25,21,皮膚科,1
0206010,0,2024,2024-11-11,21,皮膚科,1
0206010,0,2024,2024-12-20,21,皮膚科,1
0206010,0,2024,2024-12-27,21,皮膚科,1
0206010,0,2024,2025-01-17,21,皮膚科,1
0206010,0,2024,2025-01-20,21,皮膚科,1
0206010,0,2024,2025-01-24,21,皮膚科,1
0206010,0,2024,2025-02-13,21,皮膚科,1
0206010,0,2024,2025-02-28,21,皮膚科,1
0206010,0,2024,2025-03-28,21,皮膚科,2
0206010,0,2024,2025-03-31,21,皮膚科,1
0206028,0,2024,2024-06-10,16,乳甲外,1
0206028,0,2024,2024-08-08,19,形成外,1
0206028,0,2024,2024-10-10,19,形成外,1
0206028,0,2024,2024-12-26,19,形成外,1
0206028,0,2024,2024-08-06,26,眼科,1
0206028,0,2024,2024-08-16,26,眼科,1
0206028,0,2024,2024-10-10,26,眼科,1
0206028,0,2024,2024-11-25,26,眼科,1
0206028,0,2024,2024-12-11,26,眼科,1
0206028,0,2024,2025-02-10,26,眼科,1
0206028,0,2024,2025-02-03,9,脳卒中,1
0206028,0,2024,2024-05-08,2,脳神内,1
0206028,0,2024,2024-05-20,2,脳神内,1
0206036,0,2024,2025-01-23,22,泌尿器,1
0206036,0,2024,2025-02-17,22,泌尿器,1
0206044,0,2024,2024-05-03,26,眼科,1
0206044,0,2024,2025-02-23,26,眼科,1
0206069,0,2024,2024-07-22,18,整形外,1
0206101,0,2024,2024-07-10,21,皮膚科,1
0206101,0,2024,2025-02-20,21,皮膚科,1
0206135,0,2024,2024-05-09,26,眼科,1
0206135,0,2024,2024-05-22,26,眼科,1
0206135,0,2024,2024-05-24,26,眼科,1
0206135,0,2024,2024-05-25,26,眼科,1
0206135,0,2024,2024-05-27,26,眼科,1
0206135,0,2024,2024-06-14,26,眼科,1
0206135,0,2024,2024-08-02,26,眼科,1
0206135,0,2024,2024-08-06,26,眼科,1
0206135,0,2024,2024-10-08,26,眼科,1
0206135,0,2024,2024-10-22,26,眼科,1
0206135,0,2024,2024-10-29,26,眼科,1
0206135,0,2024,2024-12-13,26,眼科,1
0206135,0,2024,2025-01-29,26,眼科,1
0206135,0,2024,2025-03-11,26,眼科,1
0206135,0,2024,2025-03-21,26,眼科,1
0206135,0,2024,2025-03-31,26,眼科,1
0206176,0,2024,2025-03-12,19,形成外,1
0206176,0,2024,2024-05-16,21,皮膚科,1
0206176,0,2024,2024-05-22,21,皮膚科,1
0206176,0,2024,2024-06-19,21,皮膚科,1
0206176,0,2024,2024-07-09,21,皮膚科,1
0206176,0,2024,2024-07-17,21,皮膚科,1
0206176,0,2024,2024-08-05,21,皮膚科,1
0206176,0,2024,2024-08-21,21,皮膚科,1
0206176,0,2024,2024-08-26,21,皮膚科,1
0206176,0,2024,2024-08-27,21,皮膚科,1
0206176,0,2024,2024-10-21,21,皮膚科,1
0206176,0,2024,2024-10-29,21,皮膚科,1
0206176,0,2024,2024-12-03,21,皮膚科,1
0206176,0,2024,2024-12-18,21,皮膚科,1
0206176,0,2024,2024-12-26,21,皮膚科,1
0206176,0,2024,2025-01-20,21,皮膚科,1
0206176,0,2024,2025-02-07,21,皮膚科,2
0206176,0,2024,2025-02-18,21,皮膚科,1
0206176,0,2024,2025-03-13,21,皮膚科,1
0206176,0,2024,2025-03-24,21,皮膚科,1
0206192,0,2024,2024-07-09,7,循環内,1
0206192,0,2024,2024-07-26,15,心血外,1
0206192,0,2024,2024-05-02,34,救急科,1
0206192,0,2024,2024-11-21,22,泌尿器,1
0206192,0,2024,2025-03-19,22,泌尿器,1
0206192,0,2024,2024-06-05,43,産婦人,1
0206218,0,2024,2024-06-05,31,リハ,1
0206218,0,2024,2024-05-27,17,小児外,1
0206218,0,2024,2025-03-27,17,小児外,1
0206218,0,2024,2024-06-04,10,小児科,1
0206267,0,2024,2024-06-04,5,呼吸内,1
0206267,0,2024,2024-07-16,5,呼吸内,1
0206267,0,2024,2024-10-17,7,循環内,1
0206267,0,2024,2024-08-16,15,心血外,1
0206267,0,2024,2025-03-14,15,心血外,1
0206267,0,2024,2024-07-16,50,消化内,1
0206267,0,2024,2025-02-05,21,皮膚科,1
0206267,0,2024,2024-10-08,36,総合診,1
0206283,0,2024,2024-05-07,48,リウ膠,1
0206283,0,2024,2024-11-01,48,リウ膠,1
0206283,0,2024,2025-01-21,5,呼吸内,1
0206283,0,2024,2024-05-09,7,循環内,1
0206283,0,2024,2024-05-15,7,循環内,1
0206283,0,2024,2024-05-28,7,循環内,1
0206283,0,2024,2024-06-03,7,循環内,1
0206283,0,2024,2024-07-10,7,循環内,1
0206283,0,2024,2024-08-07,7,循環内,1
0206283,0,2024,2024-08-13,7,循環内,1
0206283,0,2024,2024-10-05,7,循環内,1
0206283,0,2024,2024-10-07,7,循環内,1
0206283,0,2024,2024-10-24,7,循環内,1
0206283,0,2024,2024-11-21,7,循環内,1
0206283,0,2024,2024-11-28,7,循環内,1
0206283,0,2024,2025-01-07,7,循環内,1
0206283,0,2024,2024-08-19,34,救急科,1
0206283,0,2024,2024-11-17,34,救急科,1
0206283,0,2024,2025-03-17,34,救急科,1
0206283,0,2024,2024-05-24,50,消化内,1
0206283,0,2024,2024-06-03,50,消化内,1
0206283,0,2024,2024-08-01,50,消化内,1
0206283,0,2024,2024-08-02,50,消化内,1
0206283,0,2024,2024-10-11,50,消化内,1
0206283,0,2024,2024-10-22,50,消化内,1
0206283,0,2024,2024-11-05,50,消化内,1
0206283,0,2024,2024-06-26,43,産婦人,1
0206283,0,2024,2024-06-14,21,皮膚科,1
0206283,0,2024,2024-12-13,6,糖尿内,1
0206283,0,2024,2025-03-31,6,糖尿内,1
0206283,0,2024,2024-05-15,2,脳神内,1
0206283,0,2024,2024-06-03,2,脳神内,1
0206283,0,2024,2024-08-16,2,脳神内,1
0206283,0,2024,2024-08-19,2,脳神内,1
0206283,0,2024,2024-10-31,2,脳神内,1
0206283,0,2024,2024-11-20,2,脳神内,1
0206283,0,2024,2024-12-24,2,脳神内,1
0206283,0,2024,2025-02-05,2,脳神内,1
0206283,0,2024,2024-07-01,8,腎臓内,1
0206283,0,2024,2024-10-04,8,腎臓内,1
0206325,0,2024,2025-01-28,50,消化内,1
0206416,0,2024,2024-06-24,25,耳鼻科,1
0206473,0,2024,2024-07-11,5,呼吸内,1
0206473,0,2024,2024-10-22,7,循環内,1
0206473,0,2024,2025-02-13,7,循環内,1
0206473,0,2024,2024-08-14,32,歯口外,1
0206473,0,2024,2024-12-16,32,歯口外,1
0206473,0,2024,2024-08-21,50,消化内,1
0206473,0,2024,2025-02-12,6,糖尿内,1
0206473,0,2024,2024-05-29,25,耳鼻科,1
0206473,0,2024,2025-02-13,9,脳卒中,1
0206473,0,2024,2024-05-17,2,脳神内,1
0206473,0,2024,2025-01-06,2,脳神内,1
0206473,0,2024,2025-01-22,2,脳神内,1
0206499,0,2024,2024-07-23,19,形成外,1
0206499,0,2024,2025-01-07,19,形成外,1
0206499,0,2024,2024-06-12,21,皮膚科,1
0206499,0,2024,2024-06-13,21,皮膚科,1
0206499,0,2024,2024-06-21,21,皮膚科,1
0206499,0,2024,2024-07-26,21,皮膚科,1
0206499,0,2024,2024-08-30,21,皮膚科,1
0206499,0,2024,2025-01-31,21,皮膚科,1
0206515,0,2024,2024-07-17,12,心療科,1
0206515,0,2024,2024-12-09,12,心療科,1
0206523,0,2024,2025-02-18,5,呼吸内,1
0206523,0,2024,2024-06-14,50,消化内,1
0206531,0,2024,2024-11-22,13,呼吸外,1
0206531,0,2024,2024-05-14,18,整形外,1
0206531,0,2024,2024-07-24,18,整形外,1
0206531,0,2024,2024-07-25,18,整形外,1
0206531,0,2024,2024-07-29,18,整形外,1
0206531,0,2024,2024-10-16,18,整形外,1
0206531,0,2024,2024-11-20,18,整形外,1
0206531,0,2024,2024-12-26,18,整形外,1
0206531,0,2024,2025-01-09,18,整形外,1
0206531,0,2024,2025-01-31,18,整形外,1
0206531,0,2024,2025-03-19,18,整形外,1
0206531,0,2024,2025-03-24,18,整形外,1
0206580,0,2024,2025-01-30,5,呼吸内,1
0206614,0,2024,2024-06-20,50,消化内,1
0206614,0,2024,2024-07-07,50,消化内,1
0206614,0,2024,2024-07-19,50,消化内,1
0206614,0,2024,2024-08-28,50,消化内,1
0206614,0,2024,2024-10-01,50,消化内,1
0206614,0,2024,2024-10-09,50,消化内,1
0206614,0,2024,2024-11-02,50,消化内,1
0206614,0,2024,2024-11-08,50,消化内,1
0206614,0,2024,2024-11-19,50,消化内,1
0206614,0,2024,2024-12-10,50,消化内,1
0206614,0,2024,2024-07-16,14,消化外,1
0206622,0,2024,2024-05-13,16,乳甲外,1
0206622,0,2024,2024-06-12,25,耳鼻科,1
0206622,0,2024,2024-07-08,25,耳鼻科,1
0206622,0,2024,2024-07-10,25,耳鼻科,1
0206622,0,2024,2024-07-12,25,耳鼻科,1
0206622,0,2024,2025-02-14,25,耳鼻科,1
0206622,0,2024,2025-02-17,25,耳鼻科,1
0206648,0,2024,2024-05-01,25,耳鼻科,1
0206648,0,2024,2024-07-03,25,耳鼻科,1
0206648,0,2024,2024-07-17,25,耳鼻科,2
0206648,0,2024,2024-07-24,25,耳鼻科,1
0206648,0,2024,2024-07-31,25,耳鼻科,1
0206648,0,2024,2024-08-02,25,耳鼻科,1
0206648,0,2024,2024-08-21,25,耳鼻科,1
0206648,0,2024,2024-10-04,25,耳鼻科,1
0206648,0,2024,2024-10-07,25,耳鼻科,1
0206648,0,2024,2024-10-21,25,耳鼻科,1
0206648,0,2024,2024-11-08,25,耳鼻科,1
0206648,0,2024,2024-12-13,25,耳鼻科,1
0206648,0,2024,2025-01-10,25,耳鼻科,1
0206648,0,2024,2025-01-15,25,耳鼻科,1
0206648,0,2024,2025-01-20,25,耳鼻科,1
0206648,0,2024,2025-02-17,25,耳鼻科,1
0206648,0,2024,2025-02-26,25,耳鼻科,1
0206648,0,2024,2025-03-10,25,耳鼻科,1
0206671,0,2024,2024-06-15,34,救急科,1
0206671,0,2024,2024-06-13,50,消化内,1
0206671,0,2024,2024-11-26,50,消化内,1
0206671,0,2024,2024-12-05,50,消化内,1
0206671,0,2024,2024-06-27,2,脳神内,1
0206671,0,2024,2024-05-23,20,脳神外,1
0206671,0,2024,2024-06-14,8,腎臓内,1
0206689,0,2024,2024-06-27,21,皮膚科,1
0206689,0,2024,2024-10-03,21,皮膚科,1
0206689,0,2024,2024-11-19,21,皮膚科,1
0206689,0,2024,2025-01-09,21,皮膚科,1
0206689,0,2024,2025-03-27,21,皮膚科,1
0206713,0,2024,2024-07-23,17,小児外,1
0206713,0,2024,2024-06-17,7,循環内,1
0206713,0,2024,2024-07-02,7,循環内,1
0206713,0,2024,2024-08-16,7,循環内,1
0206713,0,2024,2024-10-18,7,循環内,1
0206713,0,2024,2024-11-14,7,循環内,1
0206713,0,2024,2024-11-15,7,循環内,1
0206713,0,2024,2024-11-28,7,循環内,1
0206713,0,2024,2025-01-07,7,循環内,1
0206713,0,2024,2025-03-11,7,循環内,1
0206713,0,2024,2024-12-04,18,整形外,1
0206713,0,2024,2024-10-15,2,脳神内,1
0206713,0,2024,2024-12-09,2,脳神内,1
0206713,0,2024,2024-08-02,1,血液内,1
0206739,0,2024,2025-03-05,12,心療科,1
0206739,0,2024,2024-06-19,15,心血外,1
0206739,0,2024,2024-11-06,18,整形外,1
0206739,0,2024,2024-11-25,18,整形外,1
0206739,0,2024,2024-06-18,6,糖尿内,1
0206739,0,2024,2024-05-14,2,脳神内,1
0206747,0,2024,2024-11-27,5,呼吸内,1
0206747,0,2024,2024-05-13,25,耳鼻科,1
0206747,0,2024,2024-05-14,25,耳鼻科,1
0206747,0,2024,2024-07-10,25,耳鼻科,1
0206747,0,2024,2024-10-21,25,耳鼻科,1
0206747,0,2024,2024-10-26,25,耳鼻科,1
0206747,0,2024,2024-10-30,25,耳鼻科,1
0206747,0,2024,2024-12-25,25,耳鼻科,1
0206747,0,2024,2025-01-14,25,耳鼻科,1
0206747,0,2024,2025-03-12,25,耳鼻科,1
0206747,0,2024,2025-03-13,20,脳神外,1
0206788,0,2024,2024-06-13,16,乳甲外,1
0206788,0,2024,2024-05-02,34,救急科,1
0206788,0,2024,2024-05-11,34,救急科,1
0206788,0,2024,2024-12-03,18,整形外,1
0206788,0,2024,2025-03-31,18,整形外,1
0206788,0,2024,2024-06-27,32,歯口外,1
0206788,0,2024,2024-08-07,32,歯口外,1
0206788,0,2024,2025-01-30,14,消化外,1
0206788,0,2024,2024-06-05,43,産婦人,1
0206788,0,2024,2025-03-24,25,耳鼻科,1
0206796,0,2024,2024-05-17,5,呼吸内,1
0206796,0,2024,2024-08-07,5,呼吸内,1
0206796,0,2024,2024-11-08,5,呼吸内,1
0206796,0,2024,2025-01-24,5,呼吸内,1
0206796,0,2024,2024-06-04,7,循環内,1
0206796,0,2024,2024-07-04,7,循環内,1
0206796,0,2024,2025-01-10,7,循環内,1
0206796,0,2024,2025-01-10,28,放診断,1
0206796,0,2024,2024-07-03,22,泌尿器,1
0206796,0,2024,2025-03-25,22,泌尿器,1
0206796,0,2024,2024-07-23,50,消化内,1
0206796,0,2024,2025-02-04,21,皮膚科,1
0206796,0,2024,2024-10-30,6,糖尿内,1
0206796,0,2024,2024-12-27,6,糖尿内,1
0206796,0,2024,2024-10-23,36,総合診,1
0206796,0,2024,2025-02-26,36,総合診,1
0206796,0,2024,2025-03-12,36,総合診,1
0206796,0,2024,2025-01-21,2,脳神内,1
0206804,0,2024,2025-01-08,32,歯口外,1
0206804,0,2024,2024-08-01,50,消化内,1
0206804,0,2024,2024-05-13,21,皮膚科,1
0206804,0,2024,2024-05-24,21,皮膚科,1
0206804,0,2024,2024-05-30,21,皮膚科,1
0206804,0,2024,2024-06-13,21,皮膚科,1
0206804,0,2024,2024-06-17,21,皮膚科,1
0206804,0,2024,2024-06-18,21,皮膚科,1
0206804,0,2024,2024-06-24,21,皮膚科,1
0206804,0,2024,2024-06-28,21,皮膚科,1
0206804,0,2024,2024-07-04,21,皮膚科,1
0206804,0,2024,2024-07-25,21,皮膚科,1
0206804,0,2024,2024-08-02,21,皮膚科,2
0206804,0,2024,2024-08-26,21,皮膚科,1
0206804,0,2024,2024-10-03,21,皮膚科,1
0206804,0,2024,2024-10-17,21,皮膚科,1
0206804,0,2024,2024-10-25,21,皮膚科,1
0206804,0,2024,2024-10-28,21,皮膚科,1
0206804,0,2024,2024-11-01,21,皮膚科,1
0206804,0,2024,2024-12-06,21,皮膚科,1
0206804,0,2024,2025-01-07,21,皮膚科,1
0206804,0,2024,2025-01-14,21,皮膚科,1
0206804,0,2024,2025-01-20,21,皮膚科,1
0206804,0,2024,2025-01-31,21,皮膚科,1
0206804,0,2024,2025-02-17,21,皮膚科,1
0206804,0,2024,2025-03-05,21,皮膚科,1
0206804,0,2024,2025-03-10,21,皮膚科,1
0206804,0,2024,2025-03-17,21,皮膚科,1
0206804,0,2024,2024-07-19,2,脳神内,1
0206804,0,2024,2025-01-14,37,麻酔科,1
0206820,0,2024,2024-05-02,25,耳鼻科,1
0206820,0,2024,2024-05-13,25,耳鼻科,1
0206820,0,2024,2024-05-20,25,耳鼻科,1
0206820,0,2024,2024-05-27,25,耳鼻科,1
0206820,0,2024,2024-06-03,25,耳鼻科,1
0206820,0,2024,2024-06-22,25,耳鼻科,1
0206820,0,2024,2024-07-10,25,耳鼻科,1
0206820,0,2024,2024-08-26,25,耳鼻科,2
0206820,0,2024,2024-10-02,25,耳鼻科,1
0206820,0,2024,2024-10-16,25,耳鼻科,1
0206820,0,2024,2024-10-21,25,耳鼻科,1
0206820,0,2024,2024-11-11,25,耳鼻科,1
0206820,0,2024,2024-12-11,25,耳鼻科,1
0206820,0,2024,2025-01-22,25,耳鼻科,1
0206820,0,2024,2025-01-29,25,耳鼻科,1
0206820,0,2024,2025-01-31,25,耳鼻科,1
0206820,0,2024,2025-02-03,25,耳鼻科,1
0206820,0,2024,2025-02-07,25,耳鼻科,2
0206820,0,2024,2025-02-14,25,耳鼻科,1
0206820,0,2024,2025-02-19,25,耳鼻科,1
0206820,0,2024,2025-03-05,25,耳鼻科,1
0206820,0,2024,2025-03-19,25,耳鼻科,1
0206853,0,2024,2024-05-13,18,整形外,1
0206853,0,2024,2024-05-30,18,整形外,1
0206853,0,2024,2024-11-29,18,整形外,1
0206853,0,2024,2025-01-20,18,整形外,1
0206861,0,2024,2024-05-22,19,形成外,1
0206861,0,2024,2024-08-02,19,形成外,1
0206861,0,2024,2024-07-22,15,心血外,1
0206861,0,2024,2024-05-01,28,放診断,1
0206861,0,2024,2024-05-09,28,放診断,1
0206861,0,2024,2024-05-10,28,放診断,1
0206861,0,2024,2024-05-13,28,放診断,1
0206861,0,2024,2024-06-07,28,放診断,1
0206861,0,2024,2024-06-19,28,放診断,1
0206861,0,2024,2024-07-02,28,放診断,1
0206861,0,2024,2024-07-05,28,放診断,1
0206861,0,2024,2024-07-11,28,放診断,1
0206861,0,2024,2024-07-17,28,放診断,1
0206861,0,2024,2024-08-16,28,放診断,1
0206861,0,2024,2024-10-10,28,放診断,1
0206861,0,2024,2024-10-21,28,放診断,1
0206861,0,2024,2024-10-23,28,放診断,1
0206861,0,2024,2024-10-30,28,放診断,1
0206861,0,2024,2024-11-01,28,放診断,1
0206861,0,2024,2024-11-19,28,放診断,1
0206861,0,2024,2024-11-25,28,放診断,1
0206861,0,2024,2024-11-29,28,放診断,1
0206861,0,2024,2024-12-02,28,放診断,1
0206861,0,2024,2024-12-03,28,放診断,1
0206861,0,2024,2024-12-05,28,放診断,1
0206861,0,2024,2024-12-11,28,放診断,1
0206861,0,2024,2025-01-14,28,放診断,1
0206861,0,2024,2025-01-21,28,放診断,1
0206861,0,2024,2025-01-23,28,放診断,1
0206861,0,2024,2025-01-30,28,放診断,1
0206861,0,2024,2025-03-07,28,放診断,1
0206861,0,2024,2025-03-13,28,放診断,1
0206861,0,2024,2025-03-14,28,放診断,1
0206861,0,2024,2025-03-18,28,放診断,1
0206861,0,2024,2025-03-24,28,放診断,1
0206861,0,2024,2024-05-01,18,整形外,1
0206861,0,2024,2024-05-31,18,整形外,1
0206861,0,2024,2024-06-04,18,整形外,1
0206861,0,2024,2024-06-14,18,整形外,1
0206861,0,2024,2024-06-29,18,整形外,1
0206861,0,2024,2024-07-12,18,整形外,2
0206861,0,2024,2024-07-16,18,整形外,1
0206861,0,2024,2024-07-19,18,整形外,1
0206861,0,2024,2024-07-24,18,整形外,1
0206861,0,2024,2024-07-26,18,整形外,1
0206861,0,2024,2024-08-20,18,整形外,1
0206861,0,2024,2024-08-28,18,整形外,1
0206861,0,2024,2024-10-02,18,整形外,1
0206861,0,2024,2024-10-28,18,整形外,1
0206861,0,2024,2024-10-29,18,整形外,1
0206861,0,2024,2024-11-26,18,整形外,2
0206861,0,2024,2024-12-04,18,整形外,1
0206861,0,2024,2024-12-18,18,整形外,1
0206861,0,2024,2025-01-08,18,整形外,2
0206861,0,2024,2025-02-06,18,整形外,1
0206861,0,2024,2025-02-20,18,整形外,1
0206861,0,2024,2025-03-07,18,整形外,1
0206861,0,2024,2025-03-08,18,整形外,1
0206861,0,2024,2025-03-19,18,整形外,1
0206861,0,2024,2025-03-21,18,整形外,1
0206861,0,2024,2025-03-31,18,整形外,1
0206861,0,2024,2024-06-19,21,皮膚科,1
0206861,0,2024,2024-08-02,6,糖尿内,1
0206861,0,2024,2024-05-16,36,総合診,1
0206861,0,2024,2024-05-08,2,脳神内,1
0206861,0,2024,2025-02-13,2,脳神内,1
0206861,0,2024,2024-11-27,20,脳神外,1
0206861,0,2024,2024-12-11,37,麻酔科,1
0206879,0,2024,2024-12-11,5,呼吸内,1
0206879,0,2024,2024-06-10,17,小児外,1
0206879,0,2024,2025-01-09,17,小児外,1
0206879,0,2024,2025-02-03,17,小児外,1
0206879,0,2024,2024-05-07,10,小児科,1
0206879,0,2024,2024-06-07,10,小児科,2
0206879,0,2024,2024-06-10,10,小児科,1
0206879,0,2024,2024-06-18,10,小児科,1
0206879,0,2024,2024-06-19,10,小児科,1
0206879,0,2024,2024-06-25,10,小児科,1
0206879,0,2024,2024-07-02,10,小児科,1
0206879,0,2024,2024-07-05,10,小児科,1
0206879,0,2024,2024-07-22,10,小児科,2
0206879,0,2024,2024-07-31,10,小児科,1
0206879,0,2024,2024-08-06,10,小児科,1
0206879,0,2024,2024-10-26,10,小児科,1
0206879,0,2024,2024-10-29,10,小児科,1
0206879,0,2024,2024-11-14,10,小児科,2
0206879,0,2024,2024-11-21,10,小児科,1
0206879,0,2024,2024-11-25,10,小児科,2
0206879,0,2024,2024-12-04,10,小児科,1
0206879,0,2024,2025-01-07,10,小児科,1
0206879,0,2024,2025-01-12,10,小児科,1
0206879,0,2024,2025-01-23,10,小児科,1
0206879,0,2024,2025-01-28,10,小児科,2
0206879,0,2024,2025-02-06,10,小児科,1
0206879,0,2024,2025-02-19,10,小児科,2
0206879,0,2024,2025-02-20,10,小児科,1
0206879,0,2024,2025-03-03,10,小児科,1
0206879,0,2024,2025-03-17,10,小児科,1
0206879,0,2024,2025-03-21,10,小児科,1
0206879,0,2024,2024-12-09,19,形成外,1
0206879,0,2024,2025-01-20,19,形成外,1
0206879,0,2024,2024-11-21,7,循環内,1
0206879,0,2024,2024-06-05,28,放診断,1
0206879,0,2024,2024-10-12,28,放診断,1
0206879,0,2024,2024-10-28,28,放診断,1
0206879,0,2024,2024-10-29,28,放診断,1
0206879,0,2024,2024-11-13,28,放診断,1
0206879,0,2024,2024-11-20,28,放診断,1
0206879,0,2024,2024-12-04,28,放診断,1
0206879,0,2024,2025-01-07,28,放診断,1
0206879,0,2024,2025-01-27,28,放診断,1
0206879,0,2024,2025-02-06,28,放診断,1
0206879,0,2024,2025-02-19,28,放診断,1
0206879,0,2024,2025-02-26,28,放診断,1
0206879,0,2024,2024-06-29,34,救急科,1
0206879,0,2024,2024-07-30,34,救急科,1
0206879,0,2024,2025-02-17,34,救急科,1
0206879,0,2024,2025-03-04,34,救急科,1
0206879,0,2024,2024-08-03,50,消化内,1
0206879,0,2024,2024-07-17,21,皮膚科,1
0206879,0,2024,2024-05-27,25,耳鼻科,3
0206879,0,2024,2024-05-30,25,耳鼻科,1
0206879,0,2024,2024-06-14,25,耳鼻科,1
0206879,0,2024,2024-07-01,25,耳鼻科,1
0206879,0,2024,2024-07-03,25,耳鼻科,1
0206879,0,2024,2024-07-08,25,耳鼻科,3
0206879,0,2024,2024-07-12,25,耳鼻科,1
0206879,0,2024,2024-07-19,25,耳鼻科,1
0206879,0,2024,2024-08-02,25,耳鼻科,1
0206879,0,2024,2024-08-07,25,耳鼻科,1
0206879,0,2024,2024-08-09,25,耳鼻科,2
0206879,0,2024,2024-08-19,25,耳鼻科,3
0206879,0,2024,2024-08-21,25,耳鼻科,2
0206879,0,2024,2024-10-16,25,耳鼻科,1
0206879,0,2024,2024-11-06,25,耳鼻科,1
0206879,0,2024,2024-11-09,25,耳鼻科,1
0206879,0,2024,2024-11-13,25,耳鼻科,1
0206879,0,2024,2024-11-15,25,耳鼻科,2
0206879,0,2024,2024-11-25,25,耳鼻科,1
0206879,0,2024,2024-11-27,25,耳鼻科,1
0206879,0,2024,2024-12-03,25,耳鼻科,1
0206879,0,2024,2024-12-13,25,耳鼻科,1
0206879,0,2024,2024-12-16,25,耳鼻科,1
0206879,0,2024,2024-12-23,25,耳鼻科,1
0206879,0,2024,2025-01-15,25,耳鼻科,1
0206879,0,2024,2025-01-20,25,耳鼻科,1
0206879,0,2024,2025-01-22,25,耳鼻科,2
0206879,0,2024,2025-01-31,25,耳鼻科,1
0206879,0,2024,2025-02-05,25,耳鼻科,2
0206879,0,2024,2025-02-10,25,耳鼻科,1
0206879,0,2024,2025-02-28,25,耳鼻科,1
0206879,0,2024,2025-03-03,25,耳鼻科,1
0206879,0,2024,2025-03-17,25,耳鼻科,2
0206879,0,2024,2025-03-19,25,耳鼻科,1
0206879,0,2024,2025-03-31,25,耳鼻科,1
0206879,0,2024,2024-10-23,2,脳神内,1
0206879,0,2024,2025-02-07,20,脳神外,1
0206887,0,2024,2024-11-05,48,リウ膠,1
0206887,0,2024,2024-12-09,31,リハ,1
0206887,0,2024,2024-07-02,50,消化内,1
0206929,0,2024,2024-05-14,5,呼吸内,1
0206929,0,2024,2024-10-23,32,歯口外,1
0206929,0,2024,2024-06-21,25,耳鼻科,1
0206929,0,2024,2024-07-01,25,耳鼻科,1
0206929,0,2024,2024-07-22,25,耳鼻科,1
0206929,0,2024,2024-10-07,25,耳鼻科,1
0206929,0,2024,2024-11-29,25,耳鼻科,1
0206929,0,2024,2024-12-11,25,耳鼻科,1
0206929,0,2024,2024-12-25,25,耳鼻科,1
0206929,0,2024,2025-01-08,25,耳鼻科,1
0206929,0,2024,2025-01-17,25,耳鼻科,1
0206929,0,2024,2025-01-21,25,耳鼻科,1
0206929,0,2024,2025-01-24,25,耳鼻科,1
0206929,0,2024,2025-02-19,25,耳鼻科,1
0206929,0,2024,2025-03-05,25,耳鼻科,1
0206929,0,2024,2025-03-10,25,耳鼻科,1
0206929,0,2024,2025-03-17,25,耳鼻科,1
0206929,0,2024,2024-12-13,2,脳神内,1
0206937,0,2024,2025-02-03,7,循環内,1
0206937,0,2024,2024-12-20,32,歯口外,1
0206937,0,2024,2024-12-17,14,消化外,1
0206952,0,2024,2025-03-24,16,乳甲外,1
0206952,0,2024,2024-07-29,12,心療科,1
0206952,0,2024,2024-06-08,22,泌尿器,1
0206952,0,2024,2024-05-22,50,消化内,1
0206952,0,2024,2024-10-22,21,皮膚科,1
0206952,0,2024,2024-11-20,21,皮膚科,1
0206952,0,2024,2024-12-03,21,皮膚科,1
0206952,0,2024,2025-03-06,21,皮膚科,1
0206960,0,2024,2024-05-23,48,リウ膠,1
0206960,0,2024,2025-01-16,16,乳甲外,1
0206960,0,2024,2025-01-30,16,乳甲外,1
0206960,0,2024,2024-11-20,13,呼吸外,1
0206960,0,2024,2024-05-15,7,循環内,1
0206960,0,2024,2024-10-17,7,循環内,1
0206960,0,2024,2024-11-14,7,循環内,1
0206960,0,2024,2025-02-17,7,循環内,1
0206960,0,2024,2024-12-20,15,心血外,1
0206960,0,2024,2024-05-11,28,放診断,1
0206960,0,2024,2024-10-01,28,放診断,1
0206960,0,2024,2024-05-10,34,救急科,1
0206960,0,2024,2024-06-24,18,整形外,1
0206960,0,2024,2024-10-02,18,整形外,1
0206960,0,2024,2024-10-09,18,整形外,1
0206960,0,2024,2024-10-24,18,整形外,1
0206960,0,2024,2024-11-21,22,泌尿器,1
0206960,0,2024,2024-11-05,50,消化内,1
0206960,0,2024,2025-03-11,50,消化内,1
0206960,0,2024,2024-05-02,14,消化外,1
0206960,0,2024,2024-10-01,9,脳卒中,1
0206960,0,2024,2024-05-17,2,脳神内,1
0206978,0,2024,2024-12-19,17,小児外,1
0206978,0,2024,2024-11-29,19,形成外,1
0206978,0,2024,2024-05-01,21,皮膚科,1
0206978,0,2024,2024-05-31,21,皮膚科,1
0206978,0,2024,2024-06-28,21,皮膚科,1
0206978,0,2024,2024-07-12,21,皮膚科,1
0206978,0,2024,2024-07-19,21,皮膚科,1
0206978,0,2024,2024-07-22,21,皮膚科,1
0206978,0,2024,2024-11-12,21,皮膚科,1
0206978,0,2024,2024-05-11,25,耳鼻科,1
0206978,0,2024,2024-05-27,25,耳鼻科,1
0206978,0,2024,2024-07-05,25,耳鼻科,1
0206978,0,2024,2024-07-10,25,耳鼻科,1
0206978,0,2024,2024-07-12,25,耳鼻科,1
0206978,0,2024,2024-07-29,25,耳鼻科,1
0206978,0,2024,2024-08-07,25,耳鼻科,1
0206978,0,2024,2024-08-21,25,耳鼻科,1
0206978,0,2024,2024-08-23,25,耳鼻科,2
0206978,0,2024,2024-10-02,25,耳鼻科,1
0206978,0,2024,2024-10-07,25,耳鼻科,1
0206978,0,2024,2024-10-11,25,耳鼻科,1
0206978,0,2024,2024-10-21,25,耳鼻科,1
0206978,0,2024,2024-11-06,25,耳鼻科,1
0206978,0,2024,2024-11-29,25,耳鼻科,1
0206978,0,2024,2025-01-08,25,耳鼻科,1
0206978,0,2024,2025-01-22,25,耳鼻科,1
0206978,0,2024,2025-02-26,25,耳鼻科,1
0206978,0,2024,2025-02-28,25,耳鼻科,1
0206978,0,2024,2025-03-03,25,耳鼻科,2
0206978,0,2024,2025-03-05,25,耳鼻科,1
0206978,0,2024,2025-03-07,25,耳鼻科,1
0206978,0,2024,2025-03-17,25,耳鼻科,1
0206978,0,2024,2025-03-26,25,耳鼻科,1
0206978,0,2024,2025-03-31,25,耳鼻科,1
0206986,0,2024,2024-05-28,5,呼吸内,1
0206986,0,2024,2024-11-01,10,小児科,1
0206986,0,2024,2024-10-09,19,形成外,1
0206986,0,2024,2024-08-08,7,循環内,1
0206986,0,2024,2024-12-14,7,循環内,1
0206986,0,2024,2024-05-20,28,放診断,1
0206986,0,2024,2024-12-09,32,歯口外,1
0206986,0,2024,2024-05-14,50,消化内,1
0206986,0,2024,2024-07-18,36,総合診,1
0206986,0,2024,2024-12-18,25,耳鼻科,1
0206986,0,2024,2024-05-16,9,脳卒中,1
0206994,0,2024,2024-12-26,19,形成外,1
0206994,0,2024,2024-08-17,26,眼科,1
0206994,0,2024,2024-08-20,26,眼科,1
0206994,0,2024,2024-08-23,26,眼科,1
0206994,0,2024,2024-10-02,26,眼科,1
0206994,0,2024,2024-10-04,26,眼科,1
0206994,0,2024,2024-10-31,26,眼科,1
0206994,0,2024,2024-11-01,26,眼科,1
0206994,0,2024,2025-01-31,26,眼科,1
0206994,0,2024,2025-02-05,26,眼科,1
0206994,0,2024,2025-03-28,26,眼科,1
0207000,0,2024,2024-10-16,50,消化内,1
0207018,0,2024,2024-05-20,10,小児科,1
0207018,0,2024,2024-08-15,10,小児科,1
0207018,0,2024,2024-10-31,10,小児科,1
0207018,0,2024,2024-11-26,10,小児科,1
0207018,0,2024,2024-12-07,10,小児科,1
0207018,0,2024,2025-02-21,10,小児科,1
0207018,0,2024,2025-02-25,10,小児科,1
0207018,0,2024,2024-08-07,19,形成外,1
0207018,0,2024,2024-12-02,19,形成外,2
0207018,0,2024,2024-11-29,43,産婦人,1
0207018,0,2024,2024-11-21,21,皮膚科,1
0207018,0,2024,2025-01-08,21,皮膚科,1
0207018,0,2024,2024-11-13,25,耳鼻科,1
0207018,0,2024,2024-12-25,25,耳鼻科,1
0207026,0,2024,2024-10-09,48,リウ膠,1
0207026,0,2024,2024-05-10,16,乳甲外,1
0207026,0,2024,2024-05-31,16,乳甲外,1
0207026,0,2024,2024-06-28,16,乳甲外,1
0207026,0,2024,2024-07-12,16,乳甲外,1
0207026,0,2024,2024-07-16,16,乳甲外,1
0207026,0,2024,2024-07-19,16,乳甲外,1
0207026,0,2024,2024-08-30,16,乳甲外,1
0207026,0,2024,2024-10-04,16,乳甲外,1
0207026,0,2024,2024-11-15,16,乳甲外,1
0207026,0,2024,2024-12-06,16,乳甲外,1
0207026,0,2024,2024-12-26,16,乳甲外,1
0207026,0,2024,2024-06-20,5,呼吸内,1
0207026,0,2024,2025-03-27,5,呼吸内,1
0207026,0,2024,2024-11-27,7,循環内,1
0207026,0,2024,2024-12-25,7,循環内,1
0207026,0,2024,2024-06-26,12,心療科,1
0207026,0,2024,2024-12-14,28,放診断,1
0207026,0,2024,2024-06-28,32,歯口外,1
0207026,0,2024,2024-07-19,32,歯口外,1
0207026,0,2024,2024-07-23,50,消化内,1
0207026,0,2024,2024-10-28,50,消化内,1
0207026,0,2024,2024-12-03,50,消化内,1
0207026,0,2024,2024-12-26,50,消化内,1
0207026,0,2024,2025-03-18,50,消化内,1
0207026,0,2024,2024-05-22,43,産婦人,1
0207026,0,2024,2024-06-19,6,糖尿内,1
0207026,0,2024,2024-08-20,6,糖尿内,1
0207026,0,2024,2024-11-12,6,糖尿内,1
0207026,0,2024,2025-01-23,36,総合診,1
0207026,0,2024,2024-12-02,25,耳鼻科,1
0207026,0,2024,2024-05-15,9,脳卒中,1
0207026,0,2024,2024-10-21,9,脳卒中,1
0207026,0,2024,2024-11-01,9,脳卒中,1
0207026,0,2024,2025-02-28,2,脳神内,1
0207034,0,2024,2024-12-09,28,放診断,1
0207034,0,2024,2024-10-31,34,救急科,1
0207034,0,2024,2025-01-08,18,整形外,1
0207034,0,2024,2024-07-26,50,消化内,1
0207034,0,2024,2024-10-22,50,消化内,1
0207034,0,2024,2025-02-26,50,消化内,1
0207034,0,2024,2025-03-04,50,消化内,1
0207034,0,2024,2025-03-11,50,消化内,1
0207034,0,2024,2024-05-13,43,産婦人,1
0207042,0,2024,2024-10-22,17,小児外,1
0207042,0,2024,2025-02-20,17,小児外,1
0207042,0,2024,2024-07-08,10,小児科,1
0207042,0,2024,2024-05-23,19,形成外,1
0207042,0,2024,2025-01-31,18,整形外,1
0207059,0,2024,2024-05-02,50,消化内,1
0207059,0,2024,2024-11-06,50,消化内,1
0207059,0,2024,2025-01-20,2,脳神内,1
0207083,0,2024,2024-08-20,48,リウ膠,1
0207083,0,2024,2024-10-08,48,リウ膠,1
0207083,0,2024,2024-05-20,16,乳甲外,1
0207083,0,2024,2024-05-31,16,乳甲外,1
0207083,0,2024,2024-06-05,16,乳甲外,1
0207083,0,2024,2024-06-07,16,乳甲外,1
0207083,0,2024,2024-06-13,16,乳甲外,1
0207083,0,2024,2024-07-03,16,乳甲外,1
0207083,0,2024,2024-08-15,16,乳甲外,1
0207083,0,2024,2024-08-16,16,乳甲外,1
0207083,0,2024,2024-10-25,16,乳甲外,1
0207083,0,2024,2024-12-12,16,乳甲外,1
0207083,0,2024,2025-01-20,16,乳甲外,1
0207083,0,2024,2025-02-14,16,乳甲外,1
0207083,0,2024,2024-07-01,19,形成外,1
0207083,0,2024,2024-07-03,12,心療科,1
0207083,0,2024,2024-11-15,12,心療科,1
0207083,0,2024,2025-02-19,12,心療科,1
0207083,0,2024,2024-08-16,50,消化内,1
0207083,0,2024,2024-10-16,50,消化内,1
0207083,0,2024,2025-01-20,14,消化外,1
0207083,0,2024,2024-05-01,43,産婦人,1
0207083,0,2024,2024-05-07,43,産婦人,1
0207083,0,2024,2024-05-08,43,産婦人,1
0207083,0,2024,2024-05-15,43,産婦人,4
0207083,0,2024,2024-05-22,43,産婦人,2
0207083,0,2024,2024-05-29,43,産婦人,3
0207083,0,2024,2024-06-04,43,産婦人,1
0207083,0,2024,2024-06-05,43,産婦人,4
0207083,0,2024,2024-06-12,43,産婦人,1
0207083,0,2024,2024-06-19,43,産婦人,2
0207083,0,2024,2024-06-26,43,産婦人,3
0207083,0,2024,2024-07-03,43,産婦人,6
0207083,0,2024,2024-07-10,43,産婦人,2
0207083,0,2024,2024-07-16,43,産婦人,1
0207083,0,2024,2024-07-17,43,産婦人,3
0207083,0,2024,2024-07-23,43,産婦人,1
0207083,0,2024,2024-07-24,43,産婦人,3
0207083,0,2024,2024-07-31,43,産婦人,1
0207083,0,2024,2024-08-06,43,産婦人,1
0207083,0,2024,2024-08-07,43,産婦人,5
0207083,0,2024,2024-08-09,43,産婦人,1
0207083,0,2024,2024-08-16,43,産婦人,1
0207083,0,2024,2024-08-19,43,産婦人,2
0207083,0,2024,2024-08-21,43,産婦人,1
0207083,0,2024,2024-08-28,43,産婦人,4
0207083,0,2024,2024-10-01,43,産婦人,1
0207083,0,2024,2024-10-02,43,産婦人,4
0207083,0,2024,2024-10-09,43,産婦人,3
0207083,0,2024,2024-10-16,43,産婦人,5
0207083,0,2024,2024-10-22,43,産婦人,1
0207083,0,2024,2024-11-06,43,産婦人,5
0207083,0,2024,2024-11-13,43,産婦人,5
0207083,0,2024,2024-11-19,43,産婦人,1
0207083,0,2024,2024-12-04,43,産婦人,2
0207083,0,2024,2024-12-11,43,産婦人,1
0207083,0,2024,2024-12-18,43,産婦人,1
0207083,0,2024,2024-12-25,43,産婦人,2
0207083,0,2024,2024-12-27,43,産婦人,1
0207083,0,2024,2025-01-07,43,産婦人,1
0207083,0,2024,2025-01-08,43,産婦人,2
0207083,0,2024,2025-01-15,43,産婦人,2
0207083,0,2024,2025-01-22,43,産婦人,1
0207083,0,2024,2025-01-24,43,産婦人,1
0207083,0,2024,2025-01-29,43,産婦人,1
0207083,0,2024,2025-02-05,43,産婦人,2
0207083,0,2024,2025-02-12,43,産婦人,1
0207083,0,2024,2025-02-18,43,産婦人,2
0207083,0,2024,2025-02-19,43,産婦人,1
0207083,0,2024,2025-02-26,43,産婦人,2
0207083,0,2024,2025-03-04,43,産婦人,1
0207083,0,2024,2025-03-05,43,産婦人,2
0207083,0,2024,2025-03-11,43,産婦人,1
0207083,0,2024,2025-03-12,43,産婦人,1
0207083,0,2024,2025-03-19,43,産婦人,2
0207083,0,2024,2025-03-21,43,産婦人,1
0207083,0,2024,2025-03-26,43,産婦人,1
0207083,0,2024,2024-11-07,21,皮膚科,1
0207083,0,2024,2024-11-25,21,皮膚科,1
0207083,0,2024,2025-01-10,21,皮膚科,1
0207083,0,2024,2025-02-21,21,皮膚科,1
0207083,0,2024,2024-06-12,1,血液内,1
0207109,0,2024,2024-06-26,16,乳甲外,1
0207109,0,2024,2024-11-01,16,乳甲外,1
0207109,0,2024,2025-03-05,16,乳甲外,1
0207109,0,2024,2024-07-02,5,呼吸内,1
0207109,0,2024,2025-02-04,5,呼吸内,1
0207109,0,2024,2025-03-19,5,呼吸内,1
0207109,0,2024,2024-12-31,10,小児科,1
0207109,0,2024,2025-01-16,10,小児科,1
0207109,0,2024,2025-03-27,10,小児科,1
0207109,0,2024,2024-08-20,19,形成外,1
0207109,0,2024,2025-03-14,12,心療科,1
0207109,0,2024,2025-03-31,12,心療科,1
0207109,0,2024,2024-07-22,18,整形外,1
0207109,0,2024,2024-08-02,32,歯口外,1
0207109,0,2024,2024-07-24,22,泌尿器,1
0207109,0,2024,2024-08-16,22,泌尿器,1
0207109,0,2024,2025-01-30,22,泌尿器,1
0207109,0,2024,2025-03-31,22,泌尿器,1
0207109,0,2024,2024-05-17,50,消化内,1
0207109,0,2024,2024-07-01,50,消化内,1
0207109,0,2024,2024-07-08,50,消化内,1
0207109,0,2024,2024-07-18,50,消化内,1
0207109,0,2024,2024-07-24,50,消化内,1
0207109,0,2024,2024-07-25,50,消化内,1
0207109,0,2024,2024-07-30,50,消化内,1
0207109,0,2024,2024-08-13,50,消化内,1
0207109,0,2024,2024-08-19,50,消化内,1
0207109,0,2024,2024-08-22,50,消化内,1
0207109,0,2024,2024-08-23,50,消化内,1
0207109,0,2024,2024-10-02,50,消化内,1
0207109,0,2024,2024-10-23,50,消化内,1
0207109,0,2024,2024-11-01,50,消化内,1
0207109,0,2024,2024-11-20,50,消化内,1
0207109,0,2024,2024-11-27,50,消化内,1
0207109,0,2024,2024-11-29,50,消化内,1
0207109,0,2024,2024-12-25,50,消化内,1
0207109,0,2024,2025-01-07,50,消化内,1
0207109,0,2024,2025-01-10,50,消化内,1
0207109,0,2024,2025-01-14,50,消化内,1
0207109,0,2024,2025-01-16,50,消化内,1
0207109,0,2024,2025-01-21,50,消化内,1
0207109,0,2024,2025-01-27,50,消化内,1
0207109,0,2024,2025-02-28,50,消化内,2
0207109,0,2024,2024-11-01,21,皮膚科,2
0207109,0,2024,2025-01-10,21,皮膚科,1
0207109,0,2024,2024-10-31,6,糖尿内,1
0207109,0,2024,2024-11-01,6,糖尿内,1
0207109,0,2024,2024-11-13,6,糖尿内,1
0207109,0,2024,2024-11-14,6,糖尿内,1
0207109,0,2024,2024-12-04,6,糖尿内,1
0207109,0,2024,2025-02-25,6,糖尿内,1
0207109,0,2024,2024-10-21,25,耳鼻科,1
0207109,0,2024,2024-11-22,25,耳鼻科,1
0207109,0,2024,2025-03-03,25,耳鼻科,1
0207109,0,2024,2024-07-19,8,腎臓内,1
0207109,0,2024,2024-07-30,8,腎臓内,1
0207109,0,2024,2024-11-15,8,腎臓内,1
0207109,0,2024,2025-01-28,8,腎臓内,1
0207109,0,2024,2025-03-21,8,腎臓内,1
0207109,0,2024,2024-11-01,1,血液内,1
0207117,0,2024,2024-10-25,48,リウ膠,1
0207117,0,2024,2025-02-10,31,リハ,1
0207117,0,2024,2025-01-31,5,呼吸内,1
0207117,0,2024,2024-10-17,13,呼吸外,1
0207117,0,2024,2024-05-07,28,放診断,1
0207117,0,2024,2024-06-18,28,放診断,1
0207117,0,2024,2024-12-09,28,放診断,1
0207117,0,2024,2024-12-26,28,放診断,1
0207117,0,2024,2025-01-22,28,放診断,1
0207117,0,2024,2025-03-17,28,放診断,1
0207117,0,2024,2024-05-10,18,整形外,1
0207117,0,2024,2024-05-14,18,整形外,1
0207117,0,2024,2024-05-17,18,整形外,1
0207117,0,2024,2024-05-30,18,整形外,1
0207117,0,2024,2024-05-31,18,整形外,1
0207117,0,2024,2024-06-17,18,整形外,1
0207117,0,2024,2024-07-24,18,整形外,1
0207117,0,2024,2024-08-07,18,整形外,1
0207117,0,2024,2024-08-19,18,整形外,1
0207117,0,2024,2024-08-29,18,整形外,1
0207117,0,2024,2024-10-01,18,整形外,1
0207117,0,2024,2024-10-09,18,整形外,1
0207117,0,2024,2024-11-01,18,整形外,1
0207117,0,2024,2024-11-06,18,整形外,1
0207117,0,2024,2024-11-14,18,整形外,1
0207117,0,2024,2024-11-20,18,整形外,1
0207117,0,2024,2024-12-13,18,整形外,1
0207117,0,2024,2024-12-16,18,整形外,1
0207117,0,2024,2024-12-25,18,整形外,1
0207117,0,2024,2024-12-26,18,整形外,1
0207117,0,2024,2025-01-20,18,整形外,1
0207117,0,2024,2025-02-05,18,整形外,1
0207117,0,2024,2025-02-26,18,整形外,1
0207117,0,2024,2025-03-07,18,整形外,1
0207117,0,2024,2025-03-21,18,整形外,1
0207117,0,2024,2025-03-25,18,整形外,2
0207117,0,2024,2025-01-29,9,脳卒中,1
0207117,0,2024,2024-05-16,2,脳神内,1
0207117,0,2024,2024-05-28,2,脳神内,1
0207117,0,2024,2024-06-25,2,脳神内,1
0207117,0,2024,2024-12-10,2,脳神内,1
0207117,0,2024,2024-12-16,2,脳神内,1
0207125,0,2024,2024-10-11,5,呼吸内,1
0207141,0,2024,2025-01-21,48,リウ膠,1
0207141,0,2024,2024-05-08,16,乳甲外,1
0207141,0,2024,2024-07-04,16,乳甲外,1
0207141,0,2024,2024-07-31,16,乳甲外,1
0207141,0,2024,2024-10-16,5,呼吸内,1
0207141,0,2024,2024-12-03,5,呼吸内,1
0207141,0,2024,2024-08-02,13,呼吸外,1
0207141,0,2024,2024-05-10,10,小児科,1
0207141,0,2024,2024-06-10,10,小児科,1
0207141,0,2024,2024-10-01,10,小児科,1
0207141,0,2024,2024-10-07,10,小児科,1
0207141,0,2024,2024-10-31,10,小児科,2
0207141,0,2024,2024-11-14,10,小児科,1
0207141,0,2024,2025-01-17,10,小児科,1
0207141,0,2024,2025-02-27,10,小児科,1
0207141,0,2024,2025-03-27,10,小児科,1
0207141,0,2024,2024-07-03,34,救急科,1
0207141,0,2024,2025-03-05,34,救急科,1
0207141,0,2024,2024-10-23,18,整形外,1
0207141,0,2024,2025-02-14,18,整形外,1
0207141,0,2024,2024-12-26,21,皮膚科,1
0207141,0,2024,2024-07-22,6,糖尿内,1
0207141,0,2024,2024-10-21,6,糖尿内,1
0207141,0,2024,2025-02-14,6,糖尿内,1
0207141,0,2024,2025-01-10,36,総合診,1
0207141,0,2024,2024-07-31,25,耳鼻科,1
0207141,0,2024,2024-12-09,25,耳鼻科,1
0207141,0,2024,2024-12-24,25,耳鼻科,1
0207141,0,2024,2024-12-26,25,耳鼻科,1
0207141,0,2024,2025-01-06,25,耳鼻科,1
0207141,0,2024,2025-03-19,25,耳鼻科,1
0207141,0,2024,2025-03-27,25,耳鼻科,1
0207141,0,2024,2025-03-07,9,脳卒中,1
0207141,0,2024,2024-12-03,2,脳神内,1
0207141,0,2024,2025-01-09,2,脳神内,1
0207141,0,2024,2025-02-19,2,脳神内,1
0207141,0,2024,2025-03-17,8,腎臓内,1
0207166,0,2024,2025-01-23,2,脳神内,1
0207166,0,2024,2025-02-03,2,脳神内,1
0207166,0,2024,2025-03-07,2,脳神内,1
0207166,0,2024,2025-03-15,2,脳神内,1
0207166,0,2024,2025-03-19,2,脳神内,1
0210012,0,2024,2024-05-23,48,リウ膠,1
0210012,0,2024,2024-07-18,48,リウ膠,1
0210012,0,2024,2024-10-25,48,リウ膠,1
0210012,0,2024,2024-10-15,16,乳甲外,1
0210012,0,2024,2024-10-25,16,乳甲外,1
0210012,0,2024,2024-12-16,16,乳甲外,1
0210012,0,2024,2025-03-25,16,乳甲外,1
0210012,0,2024,2024-07-03,5,呼吸内,1
0210012,0,2024,2024-08-22,5,呼吸内,1
0210012,0,2024,2024-08-28,5,呼吸内,1
0210012,0,2024,2024-10-15,5,呼吸内,1
0210012,0,2024,2025-01-20,5,呼吸内,1
0210012,0,2024,2025-01-28,5,呼吸内,1
0210012,0,2024,2025-03-18,17,小児外,1
0210012,0,2024,2024-05-02,10,小児科,1
0210012,0,2024,2024-05-22,10,小児科,1
0210012,0,2024,2024-07-04,10,小児科,2
0210012,0,2024,2024-07-13,10,小児科,1
0210012,0,2024,2024-07-14,10,小児科,1
0210012,0,2024,2024-07-22,10,小児科,1
0210012,0,2024,2024-07-24,10,小児科,1
0210012,0,2024,2024-08-14,10,小児科,1
0210012,0,2024,2024-08-28,10,小児科,1
0210012,0,2024,2024-12-27,10,小児科,1
0210012,0,2024,2025-01-10,10,小児科,1
0210012,0,2024,2025-02-01,10,小児科,1
0210012,0,2024,2025-03-13,10,小児科,1
0210012,0,2024,2024-05-30,19,形成外,1
0210012,0,2024,2024-06-24,19,形成外,1
0210012,0,2024,2024-07-26,19,形成外,1
0210012,0,2024,2024-08-19,19,形成外,1
0210012,0,2024,2024-10-11,19,形成外,1
0210012,0,2024,2024-10-24,19,形成外,1
0210012,0,2024,2024-11-11,19,形成外,1
0210012,0,2024,2024-07-30,7,循環内,1
0210012,0,2024,2024-08-10,7,循環内,1
0210012,0,2024,2024-08-21,7,循環内,1
0210012,0,2024,2024-08-30,7,循環内,1
0210012,0,2024,2024-10-02,7,循環内,1
0210012,0,2024,2024-11-05,7,循環内,1
0210012,0,2024,2025-01-29,7,循環内,1
0210012,0,2024,2024-07-22,12,心療科,1
0210012,0,2024,2025-03-10,12,心療科,1
0210012,0,2024,2024-10-21,15,心血外,1
0210012,0,2024,2025-01-21,15,心血外,1
0210012,0,2024,2025-02-07,15,心血外,1
0210012,0,2024,2024-05-01,34,救急科,1
0210012,0,2024,2024-05-02,34,救急科,1
0210012,0,2024,2024-05-03,34,救急科,1
0210012,0,2024,2024-05-05,34,救急科,1
0210012,0,2024,2024-05-23,34,救急科,1
0210012,0,2024,2024-07-08,34,救急科,1
0210012,0,2024,2024-08-16,34,救急科,1
0210012,0,2024,2024-08-17,34,救急科,1
0210012,0,2024,2024-11-04,34,救急科,1
0210012,0,2024,2024-11-13,34,救急科,1
0210012,0,2024,2024-11-22,34,救急科,1
0210012,0,2024,2024-11-24,34,救急科,1
0210012,0,2024,2024-12-07,34,救急科,1
0210012,0,2024,2024-12-16,34,救急科,1
0210012,0,2024,2024-12-27,34,救急科,1
0210012,0,2024,2025-01-13,34,救急科,2
0210012,0,2024,2025-01-19,34,救急科,1
0210012,0,2024,2025-02-12,34,救急科,1
0210012,0,2024,2025-02-13,34,救急科,1
0210012,0,2024,2025-02-26,34,救急科,1
0210012,0,2024,2025-03-15,34,救急科,1
0210012,0,2024,2025-03-31,34,救急科,1
0210012,0,2024,2024-06-03,18,整形外,1
0210012,0,2024,2024-06-10,18,整形外,2
0210012,0,2024,2024-06-25,18,整形外,1
0210012,0,2024,2024-06-27,18,整形外,1
0210012,0,2024,2024-07-04,18,整形外,1
0210012,0,2024,2024-07-18,18,整形外,1
0210012,0,2024,2024-07-22,18,整形外,1
0210012,0,2024,2024-08-07,18,整形外,1
0210012,0,2024,2024-08-24,18,整形外,1
0210012,0,2024,2024-08-26,18,整形外,1
0210012,0,2024,2024-08-27,18,整形外,1
0210012,0,2024,2024-08-29,18,整形外,1
0210012,0,2024,2024-10-07,18,整形外,2
0210012,0,2024,2024-10-08,18,整形外,1
0210012,0,2024,2024-11-11,18,整形外,1
0210012,0,2024,2024-12-02,18,整形外,1
0210012,0,2024,2024-12-27,18,整形外,1
0210012,0,2024,2025-01-06,18,整形外,1
0210012,0,2024,2025-01-07,18,整形外,1
0210012,0,2024,2025-01-10,18,整形外,1
0210012,0,2024,2025-02-28,18,整形外,1
0210012,0,2024,2025-03-17,18,整形外,1
0210012,0,2024,2024-07-06,32,歯口外,1
0210012,0,2024,2024-06-27,22,泌尿器,1
0210012,0,2024,2024-07-29,22,泌尿器,1
0210012,0,2024,2024-08-13,22,泌尿器,1
0210012,0,2024,2024-11-16,22,泌尿器,1
0210012,0,2024,2024-11-18,22,泌尿器,1
0210012,0,2024,2024-06-18,50,消化内,1
0210012,0,2024,2024-07-11,50,消化内,1
0210012,0,2024,2024-07-25,50,消化内,1
0210012,0,2024,2024-07-31,50,消化内,1
0210012,0,2024,2024-08-13,50,消化内,1
0210012,0,2024,2024-08-19,50,消化内,1
0210012,0,2024,2024-10-30,50,消化内,1
0210012,0,2024,2025-01-09,50,消化内,1
0210012,0,2024,2025-03-04,50,消化内,1
0210012,0,2024,2025-03-19,50,消化内,1
0210012,0,2024,2024-05-10,14,消化外,1
0210012,0,2024,2024-05-20,14,消化外,1
0210012,0,2024,2024-07-10,14,消化外,1
0210012,0,2024,2024-07-12,14,消化外,1
0210012,0,2024,2024-07-28,14,消化外,1
0210012,0,2024,2024-08-08,14,消化外,1
0210012,0,2024,2024-08-22,14,消化外,1
0210012,0,2024,2024-08-26,14,消化外,1
0210012,0,2024,2024-10-19,14,消化外,1
0210012,0,2024,2024-11-30,14,消化外,1
0210012,0,2024,2024-12-09,14,消化外,1
0210012,0,2024,2024-12-20,14,消化外,1
0210012,0,2024,2025-01-05,14,消化外,1
0210012,0,2024,2025-01-28,14,消化外,1
0210012,0,2024,2025-02-11,14,消化外,1
0210012,0,2024,2025-03-05,14,消化外,1
0210012,0,2024,2024-05-01,43,産婦人,1
0210012,0,2024,2024-05-28,43,産婦人,1
0210012,0,2024,2024-05-30,43,産婦人,1
0210012,0,2024,2024-07-10,43,産婦人,1
0210012,0,2024,2024-07-16,43,産婦人,1
0210012,0,2024,2024-07-22,43,産婦人,1
0210012,0,2024,2024-07-30,43,産婦人,1
0210012,0,2024,2024-08-01,43,産婦人,1
0210012,0,2024,2024-12-11,43,産婦人,1
0210012,0,2024,2025-02-25,43,産婦人,1
0210012,0,2024,2025-03-03,43,産婦人,1
0210012,0,2024,2025-02-26,21,皮膚科,1
0210012,0,2024,2025-03-10,21,皮膚科,1
0210012,0,2024,2025-03-26,21,皮膚科,1
0210012,0,2024,2024-05-15,26,眼科,1
0210012,0,2024,2024-07-05,26,眼科,2
0210012,0,2024,2024-10-18,26,眼科,1
0210012,0,2024,2025-01-10,26,眼科,1
0210012,0,2024,2024-10-02,6,糖尿内,2
0210012,0,2024,2024-10-17,6,糖尿内,1
0210012,0,2024,2024-11-13,6,糖尿内,1
0210012,0,2024,2024-12-23,6,糖尿内,1
0210012,0,2024,2025-01-07,6,糖尿内,1
0210012,0,2024,2025-03-05,6,糖尿内,1
0210012,0,2024,2025-03-25,36,総合診,1
0210012,0,2024,2024-06-10,25,耳鼻科,1
0210012,0,2024,2024-06-17,25,耳鼻科,1
0210012,0,2024,2024-08-07,25,耳鼻科,1
0210012,0,2024,2024-10-10,25,耳鼻科,1
0210012,0,2024,2024-11-20,25,耳鼻科,1
0210012,0,2024,2024-11-29,25,耳鼻科,1
0210012,0,2024,2024-12-04,25,耳鼻科,2
0210012,0,2024,2025-01-27,25,耳鼻科,1
0210012,0,2024,2025-03-03,25,耳鼻科,1
0210012,0,2024,2025-03-26,25,耳鼻科,1
0210012,0,2024,2024-07-24,9,脳卒中,1
0210012,0,2024,2024-10-21,9,脳卒中,1
0210012,0,2024,2024-10-22,9,脳卒中,1
0210012,0,2024,2024-11-27,9,脳卒中,1
0210012,0,2024,2024-12-19,9,脳卒中,1
0210012,0,2024,2025-03-07,9,脳卒中,1
0210012,0,2024,2025-03-26,9,脳卒中,1
0210012,0,2024,2024-06-12,2,脳神内,1
0210012,0,2024,2024-06-15,2,脳神内,1
0210012,0,2024,2024-06-26,2,脳神内,1
0210012,0,2024,2024-10-01,2,脳神内,1
0210012,0,2024,2024-10-15,2,脳神内,1
0210012,0,2024,2024-11-11,2,脳神内,1
0210012,0,2024,2025-01-20,2,脳神内,1
0210012,0,2024,2025-01-21,2,脳神内,1
0210012,0,2024,2025-02-03,2,脳神内,1
0210012,0,2024,2025-03-05,2,脳神内,1
0210012,0,2024,2025-03-25,2,脳神内,1
0210012,0,2024,2025-03-28,2,脳神内,1
0210012,0,2024,2025-03-29,2,脳神内,1
0210012,0,2024,2024-05-01,20,脳神外,1
0210012,0,2024,2024-06-07,20,脳神外,1
0210012,0,2024,2024-08-22,20,脳神外,1
0210012,0,2024,2024-10-10,20,脳神外,1
0210012,0,2024,2024-11-23,20,脳神外,1
0210012,0,2024,2025-01-10,20,脳神外,1
0210012,0,2024,2025-01-30,20,脳神外,1
0210012,0,2024,2024-06-27,8,腎臓内,1
0210012,0,2024,2024-12-03,8,腎臓内,1
0210012,0,2024,2025-03-04,8,腎臓内,1
0210012,0,2024,2025-02-27,49,臨感染,1
0210012,0,2024,2024-05-13,1,血液内,1
0210012,0,2024,2024-05-24,1,血液内,1
0210012,0,2024,2024-07-23,1,血液内,1
0210012,0,2024,2024-08-20,1,血液内,1
0210012,0,2024,2025-01-21,1,血液内,1
0210012,0,2024,2025-01-27,1,血液内,1
0210012,0,2024,2025-02-17,1,血液内,1
0210042,0,2024,2024-10-02,32,歯口外,1
0210042,0,2024,2025-03-13,32,歯口外,1
0210042,0,2024,2025-03-19,32,歯口外,1
0210091,0,2024,2024-05-17,32,歯口外,1
0210091,0,2024,2024-05-20,32,歯口外,2
0210091,0,2024,2024-06-08,32,歯口外,1
0210091,0,2024,2024-06-18,32,歯口外,1
0210091,0,2024,2024-08-06,32,歯口外,1
0210091,0,2024,2024-08-13,32,歯口外,1
0210091,0,2024,2024-08-19,32,歯口外,1
0210091,0,2024,2024-10-01,32,歯口外,1
0210091,0,2024,2024-10-15,32,歯口外,1
0210091,0,2024,2024-10-22,32,歯口外,1
0210091,0,2024,2024-11-20,32,歯口外,1
0210091,0,2024,2024-11-27,32,歯口外,1
0210091,0,2024,2024-12-24,32,歯口外,1
0210091,0,2024,2025-02-17,32,歯口外,1
0210091,0,2024,2025-02-25,32,歯口外,1
0210091,0,2024,2025-02-21,50,消化内,1
0210145,0,2024,2025-02-14,48,リウ膠,1
0210145,0,2024,2024-12-10,16,乳甲外,1
0210145,0,2024,2025-01-28,5,呼吸内,1
0210145,0,2024,2025-02-18,5,呼吸内,1
0210145,0,2024,2024-06-13,19,形成外,1
0210145,0,2024,2024-06-27,19,形成外,1
0210145,0,2024,2024-05-16,7,循環内,1
0210145,0,2024,2024-11-15,7,循環内,1
0210145,0,2024,2025-01-09,7,循環内,1
0210145,0,2024,2024-12-20,15,心血外,1
0210145,0,2024,2024-08-25,34,救急科,1
0210145,0,2024,2024-10-16,34,救急科,1
0210145,0,2024,2024-10-30,34,救急科,1
0210145,0,2024,2025-02-07,34,救急科,1
0210145,0,2024,2025-02-16,34,救急科,1
0210145,0,2024,2024-05-28,18,整形外,1
0210145,0,2024,2024-08-05,18,整形外,1
0210145,0,2024,2024-08-08,18,整形外,1
0210145,0,2024,2024-10-16,18,整形外,1
0210145,0,2024,2024-11-11,18,整形外,1
0210145,0,2024,2024-11-15,18,整形外,1
0210145,0,2024,2024-12-04,18,整形外,1
0210145,0,2024,2024-12-19,18,整形外,1
0210145,0,2024,2024-12-28,18,整形外,1
0210145,0,2024,2025-03-21,18,整形外,1
0210145,0,2024,2025-02-14,32,歯口外,1
0210145,0,2024,2024-06-12,22,泌尿器,1
0210145,0,2024,2024-10-23,22,泌尿器,1
0210145,0,2024,2024-10-31,22,泌尿器,1
0210145,0,2024,2025-02-28,22,泌尿器,1
0210145,0,2024,2025-03-13,22,泌尿器,1
0210145,0,2024,2024-10-22,50,消化内,1
0210145,0,2024,2024-10-25,50,消化内,1
0210145,0,2024,2024-11-20,50,消化内,1
0210145,0,2024,2024-12-03,50,消化内,1
0210145,0,2024,2024-12-20,50,消化内,1
0210145,0,2024,2025-02-18,50,消化内,1
0210145,0,2024,2025-02-21,50,消化内,1
0210145,0,2024,2025-03-13,50,消化内,1
0210145,0,2024,2025-03-25,50,消化内,1
0210145,0,2024,2025-03-28,50,消化内,1
0210145,0,2024,2024-07-18,14,消化外,1
0210145,0,2024,2024-10-22,14,消化外,1
0210145,0,2024,2024-11-19,14,消化外,1
0210145,0,2024,2024-10-10,26,眼科,1
0210145,0,2024,2025-01-24,26,眼科,1
0210145,0,2024,2024-06-10,25,耳鼻科,1
0210145,0,2024,2025-01-21,9,脳卒中,1
0210145,0,2024,2025-02-07,9,脳卒中,1
0210145,0,2024,2024-05-13,2,脳神内,1
0210145,0,2024,2024-12-09,2,脳神内,1
0210145,0,2024,2024-05-27,20,脳神外,1
0210145,0,2024,2024-10-07,20,脳神外,1
0210145,0,2024,2024-10-31,20,脳神外,1
0210145,0,2024,2024-11-20,8,腎臓内,1
0210145,0,2024,2024-05-08,1,血液内,1
0210145,0,2024,2025-02-13,1,血液内,1
0210145,0,2024,2024-07-10,37,麻酔科,1
0210145,0,2024,2025-03-12,37,麻酔科,1
0210145,0,2024,2025-03-26,37,麻酔科,1
0210186,0,2024,2024-07-02,48,リウ膠,1
0210186,0,2024,2024-11-13,48,リウ膠,1
0210186,0,2024,2024-10-11,31,リハ,1
0210186,0,2024,2024-05-15,16,乳甲外,1
0210186,0,2024,2024-07-11,5,呼吸内,1
0210186,0,2024,2024-07-12,5,呼吸内,1
0210186,0,2024,2024-10-01,5,呼吸内,2
0210186,0,2024,2024-10-15,5,呼吸内,1
0210186,0,2024,2024-11-15,5,呼吸内,1
0210186,0,2024,2025-01-20,5,呼吸内,1
0210186,0,2024,2025-01-24,5,呼吸内,1
0210186,0,2024,2024-06-05,13,呼吸外,1
0210186,0,2024,2024-07-24,13,呼吸外,1
0210186,0,2024,2024-05-23,17,小児外,1
0210186,0,2024,2024-06-04,17,小児外,1
0210186,0,2024,2024-08-05,17,小児外,1
0210186,0,2024,2024-10-07,17,小児外,1
0210186,0,2024,2024-12-17,17,小児外,1
0210186,0,2024,2025-02-27,17,小児外,1
0210186,0,2024,2025-03-04,17,小児外,1
0210186,0,2024,2024-05-01,10,小児科,1
0210186,0,2024,2024-07-18,10,小児科,1
0210186,0,2024,2024-08-01,10,小児科,1
0210186,0,2024,2024-08-14,10,小児科,1
0210186,0,2024,2024-08-17,10,小児科,1
0210186,0,2024,2025-01-20,10,小児科,1
0210186,0,2024,2025-02-12,10,小児科,1
0210186,0,2024,2024-05-07,19,形成外,1
0210186,0,2024,2024-05-28,19,形成外,1
0210186,0,2024,2024-07-29,19,形成外,1
0210186,0,2024,2024-10-21,19,形成外,1
0210186,0,2024,2024-12-14,19,形成外,1
0210186,0,2024,2025-01-27,19,形成外,1
0210186,0,2024,2025-03-09,19,形成外,1
0210186,0,2024,2024-11-11,7,循環内,1
0210186,0,2024,2024-11-20,7,循環内,1
0210186,0,2024,2024-12-17,7,循環内,1
0210186,0,2024,2025-02-10,7,循環内,1
0210186,0,2024,2025-02-11,7,循環内,1
0210186,0,2024,2025-03-14,7,循環内,1
0210186,0,2024,2024-05-14,12,心療科,1
0210186,0,2024,2024-11-01,12,心療科,1
0210186,0,2024,2024-12-20,15,心血外,1
0210186,0,2024,2025-02-04,15,心血外,1
0210186,0,2024,2025-02-10,15,心血外,1
0210186,0,2024,2024-05-11,34,救急科,2
0210186,0,2024,2024-05-15,34,救急科,1
0210186,0,2024,2024-05-18,34,救急科,1
0210186,0,2024,2024-05-21,34,救急科,1
0210186,0,2024,2024-06-02,34,救急科,1
0210186,0,2024,2024-08-01,34,救急科,1
0210186,0,2024,2024-08-10,34,救急科,1
0210186,0,2024,2024-10-26,34,救急科,1
0210186,0,2024,2024-11-14,34,救急科,1
0210186,0,2024,2024-11-23,34,救急科,1
0210186,0,2024,2024-12-04,34,救急科,1
0210186,0,2024,2025-02-01,34,救急科,1
0210186,0,2024,2025-02-25,34,救急科,1
0210186,0,2024,2024-05-31,18,整形外,1
0210186,0,2024,2024-06-13,18,整形外,1
0210186,0,2024,2024-06-14,18,整形外,1
0210186,0,2024,2024-06-24,18,整形外,1
0210186,0,2024,2024-07-01,18,整形外,1
0210186,0,2024,2024-07-09,18,整形外,1
0210186,0,2024,2024-07-16,18,整形外,1
0210186,0,2024,2024-07-23,18,整形外,1
0210186,0,2024,2024-08-02,18,整形外,1
0210186,0,2024,2024-08-07,18,整形外,1
0210186,0,2024,2024-08-08,18,整形外,1
0210186,0,2024,2024-08-29,18,整形外,1
0210186,0,2024,2024-10-12,18,整形外,1
0210186,0,2024,2024-10-16,18,整形外,1
0210186,0,2024,2024-11-11,18,整形外,1
0210186,0,2024,2024-12-02,18,整形外,1
0210186,0,2024,2024-12-11,18,整形外,1
0210186,0,2024,2025-01-08,18,整形外,1
0210186,0,2024,2025-01-31,18,整形外,1
0210186,0,2024,2025-02-10,18,整形外,1
0210186,0,2024,2025-03-06,18,整形外,1
0210186,0,2024,2025-03-11,18,整形外,1
0210186,0,2024,2025-03-25,18,整形外,1
0210186,0,2024,2025-03-31,18,整形外,1
0210186,0,2024,2024-10-21,32,歯口外,1
0210186,0,2024,2024-05-15,22,泌尿器,1
0210186,0,2024,2024-05-20,22,泌尿器,1
0210186,0,2024,2024-06-10,22,泌尿器,1
0210186,0,2024,2024-10-21,22,泌尿器,1
0210186,0,2024,2025-01-07,22,泌尿器,1
0210186,0,2024,2025-01-24,22,泌尿器,1
0210186,0,2024,2025-01-27,22,泌尿器,1
0210186,0,2024,2025-02-07,22,泌尿器,1
0210186,0,2024,2025-02-19,22,泌尿器,1
0210186,0,2024,2025-02-20,22,泌尿器,1
0210186,0,2024,2025-02-21,22,泌尿器,1
0210186,0,2024,2025-03-17,22,泌尿器,1
0210186,0,2024,2024-07-29,50,消化内,1
0210186,0,2024,2024-10-17,50,消化内,1
0210186,0,2024,2025-01-14,50,消化内,1
0210186,0,2024,2025-03-24,50,消化内,1
0210186,0,2024,2024-07-09,14,消化外,1
0210186,0,2024,2024-11-01,14,消化外,1
0210186,0,2024,2024-12-10,14,消化外,1
0210186,0,2024,2025-01-27,14,消化外,1
0210186,0,2024,2025-02-07,14,消化外,1
0210186,0,2024,2024-08-14,43,産婦人,1
0210186,0,2024,2024-05-13,21,皮膚科,1
0210186,0,2024,2024-06-24,21,皮膚科,1
0210186,0,2024,2024-07-22,21,皮膚科,1
0210186,0,2024,2024-08-05,21,皮膚科,1
0210186,0,2024,2024-08-20,21,皮膚科,1
0210186,0,2024,2024-08-23,21,皮膚科,1
0210186,0,2024,2024-10-18,21,皮膚科,1
0210186,0,2024,2024-10-28,21,皮膚科,1
0210186,0,2024,2024-11-08,21,皮膚科,2
0210186,0,2024,2024-12-10,21,皮膚科,1
0210186,0,2024,2024-12-13,21,皮膚科,1
0210186,0,2024,2025-01-17,21,皮膚科,1
0210186,0,2024,2025-02-06,21,皮膚科,2
0210186,0,2024,2025-02-13,21,皮膚科,1
0210186,0,2024,2025-02-25,21,皮膚科,1
0210186,0,2024,2025-03-13,21,皮膚科,1
0210186,0,2024,2025-03-18,21,皮膚科,1
0210186,0,2024,2024-05-14,26,眼科,1
0210186,0,2024,2025-01-15,26,眼科,1
0210186,0,2024,2025-02-06,26,眼科,1
0210186,0,2024,2025-02-10,26,眼科,1
0210186,0,2024,2024-07-26,6,糖尿内,1
0210186,0,2024,2024-08-28,6,糖尿内,1
0210186,0,2024,2024-10-11,6,糖尿内,1
0210186,0,2024,2024-12-11,6,糖尿内,1
0210186,0,2024,2024-06-19,36,総合診,1
0210186,0,2024,2024-07-01,25,耳鼻科,1
0210186,0,2024,2024-12-09,25,耳鼻科,1
0210186,0,2024,2024-12-18,25,耳鼻科,1
0210186,0,2024,2025-01-15,25,耳鼻科,1
0210186,0,2024,2025-03-31,25,耳鼻科,1
0210186,0,2024,2024-05-09,9,脳卒中,1
0210186,0,2024,2024-12-14,9,脳卒中,1
0210186,0,2024,2025-01-13,9,脳卒中,1
0210186,0,2024,2025-03-31,9,脳卒中,1
0210186,0,2024,2024-05-15,2,脳神内,1
0210186,0,2024,2025-01-27,2,脳神内,1
0210186,0,2024,2025-03-08,2,脳神内,1
0210186,0,2024,2024-06-21,20,脳神外,1
0210186,0,2024,2024-12-05,20,脳神外,1
0210186,0,2024,2025-02-24,20,脳神外,1
0210186,0,2024,2024-05-22,8,腎臓内,1
0210186,0,2024,2024-07-05,8,腎臓内,1
0210186,0,2024,2024-11-07,27,臨腫瘍,1
0210186,0,2024,2024-05-28,1,血液内,1
0210186,0,2024,2024-07-26,1,血液内,1
0210186,0,2024,2024-08-14,1,血液内,1
0210208,0,2024,2025-01-31,32,歯口外,1
0210210,0,2024,2024-06-10,48,リウ膠,1
0210210,0,2024,2024-07-05,16,乳甲外,1
0210210,0,2024,2025-02-05,16,乳甲外,1
0210210,0,2024,2024-08-06,5,呼吸内,1
0210210,0,2024,2024-10-03,5,呼吸内,1
0210210,0,2024,2024-11-14,5,呼吸内,1
0210210,0,2024,2024-10-30,15,心血外,1
0210210,0,2024,2024-07-08,32,歯口外,1
0210210,0,2024,2024-11-06,32,歯口外,1
0210210,0,2024,2024-05-13,50,消化内,1
0210210,0,2024,2024-05-29,50,消化内,1
0210210,0,2024,2024-12-16,50,消化内,1
0210210,0,2024,2024-12-17,50,消化内,1
0210210,0,2024,2025-02-07,50,消化内,1
0210210,0,2024,2024-08-03,14,消化外,1
0210210,0,2024,2024-06-24,43,産婦人,1
0210210,0,2024,2025-02-27,43,産婦人,1
0210210,0,2024,2024-07-01,21,皮膚科,1
0210210,0,2024,2024-10-04,21,皮膚科,1
0210210,0,2024,2024-08-07,6,糖尿内,1
0210210,0,2024,2024-10-18,6,糖尿内,1
0210210,0,2024,2025-03-31,6,糖尿内,1
0210210,0,2024,2024-07-08,36,総合診,1
0210210,0,2024,2025-03-31,2,脳神内,1
0210232,0,2024,2024-07-03,32,歯口外,1
0210232,0,2024,2024-07-31,32,歯口外,1
0210265,0,2024,2024-06-19,25,耳鼻科,1
0210273,0,2024,2024-05-22,32,歯口外,1
0210273,0,2024,2024-05-29,32,歯口外,1
0210273,0,2024,2024-06-26,32,歯口外,1
0210273,0,2024,2024-07-22,32,歯口外,1
0210273,0,2024,2024-10-04,32,歯口外,1
0210273,0,2024,2024-10-09,32,歯口外,1
0210273,0,2024,2024-10-28,32,歯口外,1
0210273,0,2024,2024-11-06,32,歯口外,1
0210273,0,2024,2024-12-25,32,歯口外,1
0210273,0,2024,2025-01-06,32,歯口外,1
0210273,0,2024,2025-03-14,32,歯口外,1
0210273,0,2024,2025-03-31,32,歯口外,1
0210281,0,2024,2024-05-13,32,歯口外,1
0210281,0,2024,2024-05-17,32,歯口外,1
0210281,0,2024,2024-05-20,32,歯口外,2
0210281,0,2024,2024-05-21,32,歯口外,1
0210281,0,2024,2024-05-24,32,歯口外,1
0210281,0,2024,2024-06-05,32,歯口外,1
0210281,0,2024,2024-06-08,32,歯口外,1
0210281,0,2024,2024-06-10,32,歯口外,1
0210281,0,2024,2024-06-25,32,歯口外,2
0210281,0,2024,2024-06-28,32,歯口外,1
0210281,0,2024,2024-07-05,32,歯口外,1
0210281,0,2024,2024-07-17,32,歯口外,1
0210281,0,2024,2024-07-24,32,歯口外,2
0210281,0,2024,2024-07-30,32,歯口外,1
0210281,0,2024,2024-08-07,32,歯口外,1
0210281,0,2024,2024-08-13,32,歯口外,1
0210281,0,2024,2024-10-01,32,歯口外,1
0210281,0,2024,2024-10-04,32,歯口外,2
0210281,0,2024,2024-10-11,32,歯口外,1
0210281,0,2024,2024-10-18,32,歯口外,1
0210281,0,2024,2024-10-21,32,歯口外,1
0210281,0,2024,2024-10-29,32,歯口外,1
0210281,0,2024,2024-10-30,32,歯口外,1
0210281,0,2024,2024-11-13,32,歯口外,1
0210281,0,2024,2024-11-14,32,歯口外,1
0210281,0,2024,2024-11-18,32,歯口外,1
0210281,0,2024,2024-11-26,32,歯口外,1
0210281,0,2024,2024-12-19,32,歯口外,1
0210281,0,2024,2024-12-25,32,歯口外,1
0210281,0,2024,2025-01-06,32,歯口外,1
0210281,0,2024,2025-01-15,32,歯口外,2
0210281,0,2024,2025-01-17,32,歯口外,1
0210281,0,2024,2025-01-28,32,歯口外,1
0210281,0,2024,2025-02-05,32,歯口外,1
0210281,0,2024,2025-02-07,32,歯口外,1
0210281,0,2024,2025-02-12,32,歯口外,3
0210281,0,2024,2025-02-17,32,歯口外,1
0210281,0,2024,2025-03-07,32,歯口外,1
0210281,0,2024,2025-03-14,32,歯口外,1
0210281,0,2024,2025-03-17,32,歯口外,1
0210281,0,2024,2025-03-21,32,歯口外,1
0210281,0,2024,2024-08-07,25,耳鼻科,1
0210301,0,2024,2025-02-10,13,呼吸外,1
0210301,0,2024,2024-07-12,15,心血外,1
0210301,0,2024,2024-07-17,18,整形外,1
0210301,0,2024,2024-07-09,50,消化内,1
0210301,0,2024,2024-07-10,50,消化内,1
0210301,0,2024,2024-06-21,14,消化外,1
0210301,0,2024,2024-05-10,26,眼科,1
0210301,0,2024,2024-08-05,6,糖尿内,1
0210301,0,2024,2024-08-21,36,総合診,1
0210301,0,2024,2025-02-18,36,総合診,1
0210301,0,2024,2025-01-29,2,脳神内,1
0210301,0,2024,2025-02-07,2,脳神内,1
0210301,0,2024,2024-06-15,20,脳神外,1
0210301,0,2024,2025-01-24,8,腎臓内,1
0210301,0,2024,2025-03-22,8,腎臓内,1
0210323,0,2024,2025-03-31,32,歯口外,1
0210331,0,2024,2024-06-19,32,歯口外,1
0210331,0,2024,2024-07-17,32,歯口外,1
0210331,0,2024,2024-08-01,32,歯口外,1
0210331,0,2024,2024-11-06,32,歯口外,1
0210331,0,2024,2024-12-20,32,歯口外,1
0210331,0,2024,2025-03-31,32,歯口外,1
0210349,0,2024,2025-03-07,32,歯口外,1
0210356,0,2024,2024-05-22,32,歯口外,1
0210356,0,2024,2024-06-05,32,歯口外,1
0210356,0,2024,2024-07-03,32,歯口外,1
0210356,0,2024,2024-07-09,32,歯口外,1
0210356,0,2024,2024-07-19,32,歯口外,1
0210356,0,2024,2024-07-22,32,歯口外,1
0210356,0,2024,2024-08-10,32,歯口外,1
0210356,0,2024,2024-10-02,32,歯口外,1
0210356,0,2024,2024-10-11,32,歯口外,1
0210356,0,2024,2024-10-17,32,歯口外,1
0210356,0,2024,2024-12-11,32,歯口外,1
0210356,0,2024,2024-12-12,32,歯口外,1
0210356,0,2024,2024-12-18,32,歯口外,1
0210356,0,2024,2025-03-10,32,歯口外,1
0210356,0,2024,2025-03-26,32,歯口外,1
0210364,0,2024,2024-05-13,32,歯口外,1
0210364,0,2024,2024-06-11,32,歯口外,1
0210364,0,2024,2024-10-16,32,歯口外,1
0210368,0,2024,2024-06-07,16,乳甲外,1
0210368,0,2024,2024-06-17,16,乳甲外,1
0210368,0,2024,2024-10-08,5,呼吸内,1
0210368,0,2024,2025-02-05,7,循環内,1
0210368,0,2024,2024-07-03,18,整形外,1
0210368,0,2024,2024-11-11,18,整形外,1
0210368,0,2024,2024-11-27,18,整形外,1
0210368,0,2024,2024-12-10,18,整形外,1
0210368,0,2024,2025-01-24,22,泌尿器,1
0210368,0,2024,2024-11-25,50,消化内,1
0210368,0,2024,2024-11-28,14,消化外,1
0210368,0,2024,2024-10-30,43,産婦人,1
0210368,0,2024,2024-06-19,26,眼科,1
0210368,0,2024,2024-08-19,26,眼科,1
0210368,0,2024,2024-11-11,26,眼科,1
0210368,0,2024,2024-05-22,25,耳鼻科,1
0210368,0,2024,2024-08-23,25,耳鼻科,1
0210368,0,2024,2024-10-11,25,耳鼻科,1
0210380,0,2024,2024-06-28,32,歯口外,1
0210380,0,2024,2024-08-05,32,歯口外,1
0210380,0,2024,2024-10-09,32,歯口外,1
0210380,0,2024,2024-11-13,32,歯口外,1
0210380,0,2024,2025-01-29,32,歯口外,1
0210380,0,2024,2025-01-31,32,歯口外,1
0210380,0,2024,2025-03-10,32,歯口外,1
0210406,0,2024,2024-05-27,32,歯口外,1
0210406,0,2024,2024-06-12,32,歯口外,1
0210406,0,2024,2024-06-03,25,耳鼻科,1
0210418,0,2024,2024-05-09,48,リウ膠,1
0210418,0,2024,2024-07-22,48,リウ膠,1
0210418,0,2024,2025-01-17,16,乳甲外,1
0210418,0,2024,2024-07-11,5,呼吸内,1
0210418,0,2024,2024-12-03,5,呼吸内,1
0210418,0,2024,2024-12-16,13,呼吸外,1
0210418,0,2024,2024-10-24,19,形成外,1
0210418,0,2024,2024-06-17,34,救急科,1
0210418,0,2024,2024-07-16,34,救急科,1
0210418,0,2024,2024-10-16,34,救急科,1
0210418,0,2024,2024-12-28,34,救急科,1
0210418,0,2024,2024-05-08,18,整形外,1
0210418,0,2024,2024-05-09,18,整形外,1
0210418,0,2024,2024-05-28,18,整形外,1
0210418,0,2024,2024-06-06,18,整形外,2
0210418,0,2024,2024-06-07,18,整形外,1
0210418,0,2024,2024-06-11,18,整形外,1
0210418,0,2024,2024-07-16,18,整形外,1
0210418,0,2024,2024-07-24,18,整形外,1
0210418,0,2024,2024-08-15,18,整形外,1
0210418,0,2024,2024-08-27,18,整形外,1
0210418,0,2024,2024-08-29,18,整形外,1
0210418,0,2024,2024-10-09,18,整形外,1
0210418,0,2024,2024-10-21,18,整形外,1
0210418,0,2024,2024-10-31,18,整形外,1
0210418,0,2024,2024-11-02,18,整形外,1
0210418,0,2024,2024-11-05,18,整形外,1
0210418,0,2024,2024-11-27,18,整形外,1
0210418,0,2024,2024-12-11,18,整形外,1
0210418,0,2024,2024-12-12,18,整形外,2
0210418,0,2024,2024-12-17,18,整形外,1
0210418,0,2024,2024-12-18,18,整形外,1
0210418,0,2024,2024-12-24,18,整形外,1
0210418,0,2024,2025-01-08,18,整形外,2
0210418,0,2024,2025-01-15,18,整形外,1
0210418,0,2024,2025-01-29,18,整形外,1
0210418,0,2024,2025-03-12,18,整形外,1
0210418,0,2024,2025-03-26,18,整形外,1
0210418,0,2024,2025-02-19,32,歯口外,1
0210418,0,2024,2024-07-11,22,泌尿器,1
0210418,0,2024,2024-10-07,22,泌尿器,1
0210418,0,2024,2024-10-17,22,泌尿器,1
0210418,0,2024,2025-02-19,22,泌尿器,1
0210418,0,2024,2024-05-10,50,消化内,1
0210418,0,2024,2024-06-19,50,消化内,1
0210418,0,2024,2024-08-27,50,消化内,1
0210418,0,2024,2024-12-27,50,消化内,1
0210418,0,2024,2025-01-08,50,消化内,1
0210418,0,2024,2025-03-14,50,消化内,1
0210418,0,2024,2025-03-25,50,消化内,1
0210418,0,2024,2024-07-25,14,消化外,1
0210418,0,2024,2024-08-01,14,消化外,1
0210418,0,2024,2024-10-15,14,消化外,1
0210418,0,2024,2024-12-09,14,消化外,1
0210418,0,2024,2024-12-24,14,消化外,1
0210418,0,2024,2024-06-21,21,皮膚科,1
0210418,0,2024,2024-08-06,21,皮膚科,1
0210418,0,2024,2024-12-13,21,皮膚科,1
0210418,0,2024,2024-11-09,6,糖尿内,1
0210418,0,2024,2025-02-19,6,糖尿内,1
0210418,0,2024,2024-06-17,25,耳鼻科,1
0210418,0,2024,2024-07-24,25,耳鼻科,1
0210418,0,2024,2024-08-30,25,耳鼻科,1
0210418,0,2024,2024-10-07,25,耳鼻科,2
0210418,0,2024,2024-11-11,25,耳鼻科,1
0210418,0,2024,2024-11-14,25,耳鼻科,1
0210418,0,2024,2024-12-25,25,耳鼻科,1
0210418,0,2024,2025-03-05,25,耳鼻科,1
0210418,0,2024,2025-03-10,25,耳鼻科,1
0210418,0,2024,2024-06-05,9,脳卒中,1
0210418,0,2024,2024-10-07,9,脳卒中,1
0210418,0,2024,2024-07-22,2,脳神内,1
0210418,0,2024,2024-11-11,2,脳神内,1
0210418,0,2024,2025-02-21,2,脳神内,1
0210418,0,2024,2025-03-10,2,脳神内,1
0210418,0,2024,2025-03-17,2,脳神内,1
0210418,0,2024,2024-07-10,20,脳神外,1
0210418,0,2024,2024-07-23,20,脳神外,1
0210418,0,2024,2024-11-05,20,脳神外,1
0210418,0,2024,2024-11-29,20,脳神外,1
0210418,0,2024,2024-12-06,20,脳神外,1
0210418,0,2024,2025-01-24,20,脳神外,1
0210418,0,2024,2025-02-06,20,脳神外,1
0210418,0,2024,2025-03-13,20,脳神外,1
0210418,0,2024,2025-02-10,8,腎臓内,1
0210418,0,2024,2025-02-19,8,腎臓内,1
0210418,0,2024,2024-07-22,1,血液内,1
0210418,0,2024,2024-07-23,1,血液内,1
0210418,0,2024,2024-10-10,1,血液内,1
0210418,0,2024,2024-08-05,37,麻酔科,1
0210422,0,2024,2024-07-29,32,歯口外,1
0210422,0,2024,2024-08-07,32,歯口外,1
0210422,0,2024,2025-02-03,32,歯口外,1
0210458,0,2024,2024-08-08,1,血液内,1
0210463,0,2024,2024-05-10,32,歯口外,1
0210463,0,2024,2024-05-16,32,歯口外,1
0210463,0,2024,2024-07-19,32,歯口外,1
0210463,0,2024,2024-11-01,32,歯口外,1
0210463,0,2024,2025-03-10,32,歯口外,1
0210463,0,2024,2024-11-20,2,脳神内,1
0210489,0,2024,2024-08-05,32,歯口外,1
0210497,0,2024,2025-03-06,48,リウ膠,1
0210497,0,2024,2024-05-08,32,歯口外,1
0210497,0,2024,2024-06-12,32,歯口外,1
0210497,0,2024,2024-06-24,32,歯口外,1
0210497,0,2024,2024-06-29,32,歯口外,1
0210497,0,2024,2024-07-02,32,歯口外,1
0210497,0,2024,2024-07-16,32,歯口外,1
0210497,0,2024,2024-08-01,32,歯口外,1
0210497,0,2024,2024-08-02,32,歯口外,1
0210497,0,2024,2024-08-07,32,歯口外,1
0210497,0,2024,2024-08-15,32,歯口外,1
0210497,0,2024,2024-10-23,32,歯口外,1
0210497,0,2024,2024-11-02,32,歯口外,1
0210497,0,2024,2024-11-09,32,歯口外,1
0210497,0,2024,2024-11-27,32,歯口外,1
0210497,0,2024,2024-12-16,32,歯口外,1
0210497,0,2024,2024-12-18,32,歯口外,1
0210497,0,2024,2025-01-25,32,歯口外,1
0210497,0,2024,2025-01-27,32,歯口外,1
0210497,0,2024,2025-01-29,32,歯口外,1
0210497,0,2024,2025-01-31,32,歯口外,1
0210497,0,2024,2025-03-01,32,歯口外,1
0210497,0,2024,2025-03-03,32,歯口外,1
0210497,0,2024,2025-03-05,32,歯口外,1
0210497,0,2024,2025-03-11,32,歯口外,1
0210497,0,2024,2025-03-15,32,歯口外,1
0210497,0,2024,2025-03-17,32,歯口外,1
0210517,0,2024,2024-07-18,48,リウ膠,1
0210517,0,2024,2024-05-30,16,乳甲外,1
0210517,0,2024,2024-07-29,16,乳甲外,1
0210517,0,2024,2024-10-22,16,乳甲外,1
0210517,0,2024,2025-01-20,16,乳甲外,1
0210517,0,2024,2025-02-03,16,乳甲外,1
0210517,0,2024,2024-08-28,5,呼吸内,1
0210517,0,2024,2024-11-07,5,呼吸内,1
0210517,0,2024,2024-12-23,5,呼吸内,1
0210517,0,2024,2024-06-13,17,小児外,1
0210517,0,2024,2024-07-05,10,小児科,1
0210517,0,2024,2024-08-24,10,小児科,1
0210517,0,2024,2025-02-07,19,形成外,1
0210517,0,2024,2024-05-01,7,循環内,1
0210517,0,2024,2024-05-20,7,循環内,1
0210517,0,2024,2024-11-08,7,循環内,1
0210517,0,2024,2024-11-29,7,循環内,1
0210517,0,2024,2024-12-03,7,循環内,1
0210517,0,2024,2025-01-08,7,循環内,1
0210517,0,2024,2025-01-31,7,循環内,1
0210517,0,2024,2025-02-07,7,循環内,1
0210517,0,2024,2025-02-14,7,循環内,1
0210517,0,2024,2024-10-11,12,心療科,1
0210517,0,2024,2024-12-13,12,心療科,1
0210517,0,2024,2024-05-01,15,心血外,1
0210517,0,2024,2024-06-03,15,心血外,1
0210517,0,2024,2024-07-05,15,心血外,1
0210517,0,2024,2024-07-17,15,心血外,1
0210517,0,2024,2024-11-03,34,救急科,1
0210517,0,2024,2024-12-14,34,救急科,1
0210517,0,2024,2024-05-03,18,整形外,1
0210517,0,2024,2024-05-13,18,整形外,1
0210517,0,2024,2024-06-13,18,整形外,1
0210517,0,2024,2024-07-23,18,整形外,1
0210517,0,2024,2024-07-29,18,整形外,1
0210517,0,2024,2024-08-13,18,整形外,1
0210517,0,2024,2024-10-28,18,整形外,2
0210517,0,2024,2024-11-07,18,整形外,1
0210517,0,2024,2025-01-23,18,整形外,1
0210517,0,2024,2025-03-26,32,歯口外,1
0210517,0,2024,2024-05-15,22,泌尿器,1
0210517,0,2024,2024-10-10,22,泌尿器,1
0210517,0,2024,2024-05-27,50,消化内,1
0210517,0,2024,2024-06-20,50,消化内,1
0210517,0,2024,2024-07-29,50,消化内,1
0210517,0,2024,2024-07-31,50,消化内,1
0210517,0,2024,2024-08-09,50,消化内,1
0210517,0,2024,2024-08-16,50,消化内,1
0210517,0,2024,2024-08-22,50,消化内,1
0210517,0,2024,2024-08-26,50,消化内,2
0210517,0,2024,2024-08-30,50,消化内,1
0210517,0,2024,2024-12-04,50,消化内,1
0210517,0,2024,2025-01-06,50,消化内,1
0210517,0,2024,2025-01-10,50,消化内,1
0210517,0,2024,2025-01-24,50,消化内,1
0210517,0,2024,2025-02-03,50,消化内,1
0210517,0,2024,2025-03-18,50,消化内,1
0210517,0,2024,2024-05-02,14,消化外,1
0210517,0,2024,2024-06-09,14,消化外,1
0210517,0,2024,2024-06-10,14,消化外,1
0210517,0,2024,2025-03-24,14,消化外,1
0210517,0,2024,2024-05-15,43,産婦人,1
0210517,0,2024,2024-05-30,43,産婦人,1
0210517,0,2024,2024-06-03,43,産婦人,1
0210517,0,2024,2024-07-11,43,産婦人,1
0210517,0,2024,2024-07-16,43,産婦人,1
0210517,0,2024,2024-07-31,43,産婦人,1
0210517,0,2024,2024-08-26,43,産婦人,1
0210517,0,2024,2024-10-07,43,産婦人,1
0210517,0,2024,2024-11-19,43,産婦人,1
0210517,0,2024,2025-01-07,43,産婦人,1
0210517,0,2024,2025-03-24,43,産婦人,1
0210517,0,2024,2024-10-18,21,皮膚科,1
0210517,0,2024,2024-11-26,21,皮膚科,1
0210517,0,2024,2025-03-05,21,皮膚科,1
0210517,0,2024,2024-05-10,26,眼科,1
0210517,0,2024,2024-07-10,26,眼科,1
0210517,0,2024,2025-02-06,26,眼科,1
0210517,0,2024,2024-05-02,6,糖尿内,1
0210517,0,2024,2024-05-09,6,糖尿内,1
0210517,0,2024,2024-12-16,6,糖尿内,1
0210517,0,2024,2024-12-23,6,糖尿内,1
0210517,0,2024,2024-12-25,6,糖尿内,1
0210517,0,2024,2025-01-23,6,糖尿内,1
0210517,0,2024,2024-10-17,36,総合診,1
0210517,0,2024,2024-06-17,25,耳鼻科,1
0210517,0,2024,2025-03-10,25,耳鼻科,1
0210517,0,2024,2024-05-16,2,脳神内,1
0210517,0,2024,2024-05-21,2,脳神内,1
0210517,0,2024,2024-10-08,2,脳神内,1
0210517,0,2024,2024-10-23,2,脳神内,1
0210517,0,2024,2024-12-04,2,脳神内,1
0210517,0,2024,2025-02-20,2,脳神内,2
0210517,0,2024,2025-02-26,2,脳神内,1
0210517,0,2024,2025-03-08,2,脳神内,1
0210517,0,2024,2025-03-12,2,脳神内,1
0210517,0,2024,2025-03-18,2,脳神内,1
0210517,0,2024,2024-06-13,20,脳神外,1
0210517,0,2024,2025-01-20,20,脳神外,1
0210517,0,2024,2025-02-20,20,脳神外,1
0210517,0,2024,2025-03-06,20,脳神外,1
0210517,0,2024,2024-05-30,8,腎臓内,1
0210517,0,2024,2024-06-20,8,腎臓内,1
0210517,0,2024,2024-11-26,8,腎臓内,1
0210517,0,2024,2024-12-11,8,腎臓内,1
0210517,0,2024,2025-01-08,8,腎臓内,1
0210517,0,2024,2025-01-17,8,腎臓内,1
0210517,0,2024,2025-02-03,8,腎臓内,1
0210517,0,2024,2025-02-14,8,腎臓内,1
0210517,0,2024,2025-03-08,8,腎臓内,1
0210517,0,2024,2025-03-31,8,腎臓内,1
0210517,0,2024,2025-01-20,27,臨腫瘍,1
0210517,0,2024,2024-07-09,1,血液内,1
0210517,0,2024,2024-11-06,1,血液内,1
0210517,0,2024,2024-11-26,37,麻酔科,1
0210521,0,2024,2024-05-27,32,歯口外,1
0210521,0,2024,2024-06-14,32,歯口外,1
0210521,0,2024,2024-07-19,32,歯口外,2
0210521,0,2024,2024-07-25,32,歯口外,1
0210521,0,2024,2024-08-23,32,歯口外,1
0210521,0,2024,2024-12-04,32,歯口外,2
0210521,0,2024,2024-12-14,32,歯口外,1
0210521,0,2024,2025-01-24,32,歯口外,1
0210521,0,2024,2025-01-31,32,歯口外,2
0210521,0,2024,2025-02-15,32,歯口外,1
0210521,0,2024,2025-02-18,32,歯口外,1
0210521,0,2024,2025-03-14,32,歯口外,1
0210547,0,2024,2024-05-29,32,歯口外,1
0210547,0,2024,2024-07-24,32,歯口外,2
0210547,0,2024,2024-08-02,32,歯口外,1
0210547,0,2024,2024-08-09,32,歯口外,1
0210547,0,2024,2024-08-20,32,歯口外,1
0210547,0,2024,2024-10-09,32,歯口外,1
0210547,0,2024,2024-11-25,32,歯口外,1
0210547,0,2024,2024-12-02,32,歯口外,1
0210547,0,2024,2024-12-09,32,歯口外,1
0210547,0,2024,2024-12-20,32,歯口外,1
0210547,0,2024,2024-12-25,32,歯口外,1
0210547,0,2024,2024-12-27,32,歯口外,1
0210547,0,2024,2025-01-31,32,歯口外,1
0210547,0,2024,2025-02-01,32,歯口外,1
0210547,0,2024,2025-02-03,32,歯口外,1
0210547,0,2024,2025-02-04,32,歯口外,1
0210547,0,2024,2025-02-05,32,歯口外,1
0210547,0,2024,2025-02-07,32,歯口外,1
0210547,0,2024,2025-02-20,32,歯口外,1
0210547,0,2024,2025-03-12,32,歯口外,1
0210562,0,2024,2024-06-17,32,歯口外,1
0210562,0,2024,2024-07-03,32,歯口外,1
0210562,0,2024,2024-10-18,32,歯口外,1
0210562,0,2024,2024-11-15,32,歯口外,1
0210562,0,2024,2025-01-06,32,歯口外,1
0210562,0,2024,2025-01-17,32,歯口外,1
0210562,0,2024,2025-01-24,32,歯口外,1
0210562,0,2024,2025-01-31,32,歯口外,1
0210562,0,2024,2025-02-14,32,歯口外,1
0210562,0,2024,2025-02-22,32,歯口外,1
0210562,0,2024,2025-03-12,32,歯口外,1
0210562,0,2024,2025-03-19,32,歯口外,1
0210562,0,2024,2024-12-11,21,皮膚科,1
0210570,0,2024,2024-05-13,32,歯口外,1
0210570,0,2024,2024-07-22,32,歯口外,1
0210570,0,2024,2024-08-19,32,歯口外,1
0210570,0,2024,2024-10-21,32,歯口外,1
0210570,0,2024,2024-12-09,32,歯口外,1
0210570,0,2024,2025-02-17,32,歯口外,1
0210570,0,2024,2024-10-02,21,皮膚科,1
0210588,0,2024,2024-05-02,32,歯口外,1
0210588,0,2024,2024-06-12,32,歯口外,1
0210588,0,2024,2025-03-19,32,歯口外,1
0210596,0,2024,2024-07-10,32,歯口外,1
0210596,0,2024,2024-11-05,32,歯口外,1
0210596,0,2024,2025-02-25,32,歯口外,1
0210604,0,2024,2024-05-27,32,歯口外,1
0210604,0,2024,2024-06-05,32,歯口外,1
0210604,0,2024,2024-07-01,32,歯口外,1
0210604,0,2024,2024-07-08,32,歯口外,1
0210604,0,2024,2024-07-29,32,歯口外,1
0210604,0,2024,2024-08-19,32,歯口外,1
0210604,0,2024,2025-01-30,32,歯口外,1
0210604,0,2024,2025-03-10,32,歯口外,1
0210604,0,2024,2025-03-27,32,歯口外,1
0210604,0,2024,2025-03-28,50,消化内,1
0210612,0,2024,2024-10-04,32,歯口外,1
0210612,0,2024,2024-10-07,32,歯口外,1
0210612,0,2024,2025-01-11,32,歯口外,1
0210620,0,2024,2024-10-09,32,歯口外,1
0210640,0,2024,2024-07-08,14,消化外,1
0210661,0,2024,2024-05-16,32,歯口外,1
0210661,0,2024,2024-11-30,32,歯口外,1
0210661,0,2024,2025-02-19,32,歯口外,1
0210661,0,2024,2025-02-22,32,歯口外,1
0210679,0,2024,2024-05-01,32,歯口外,1
0210679,0,2024,2024-05-14,32,歯口外,1
0210679,0,2024,2024-05-18,32,歯口外,1
0210679,0,2024,2024-05-20,32,歯口外,1
0210679,0,2024,2024-05-22,32,歯口外,1
0210679,0,2024,2024-06-04,32,歯口外,1
0210679,0,2024,2024-06-08,32,歯口外,1
0210679,0,2024,2024-06-11,32,歯口外,1
0210679,0,2024,2024-07-01,32,歯口外,1
0210679,0,2024,2024-07-19,32,歯口外,1
0210679,0,2024,2024-07-20,32,歯口外,2
0210679,0,2024,2024-07-23,32,歯口外,1
0210679,0,2024,2024-08-14,32,歯口外,1
0210679,0,2024,2024-08-21,32,歯口外,1
0210679,0,2024,2024-10-02,32,歯口外,1
0210679,0,2024,2024-10-18,32,歯口外,1
0210679,0,2024,2024-11-01,32,歯口外,1
0210679,0,2024,2024-11-12,32,歯口外,1
0210679,0,2024,2024-12-10,32,歯口外,1
0210679,0,2024,2024-12-21,32,歯口外,1
0210679,0,2024,2024-12-27,32,歯口外,1
0210679,0,2024,2025-01-09,32,歯口外,1
0210679,0,2024,2025-01-16,32,歯口外,1
0210679,0,2024,2025-02-13,32,歯口外,1
0210679,0,2024,2025-02-26,32,歯口外,1
0210679,0,2024,2025-03-05,32,歯口外,1
0210679,0,2024,2025-03-21,32,歯口外,1
0210703,0,2024,2024-06-12,32,歯口外,1
0210703,0,2024,2025-03-26,32,歯口外,1
0210703,0,2024,2024-06-05,8,腎臓内,1
0210723,0,2024,2025-03-07,5,呼吸内,1
0210723,0,2024,2025-02-26,13,呼吸外,1
0210723,0,2024,2024-05-22,12,心療科,1
0210723,0,2024,2024-06-16,34,救急科,1
0210723,0,2024,2024-10-20,34,救急科,1
0210723,0,2024,2024-07-02,18,整形外,1
0210723,0,2024,2024-07-26,18,整形外,1
0210723,0,2024,2024-10-30,18,整形外,1
0210723,0,2024,2024-11-01,18,整形外,1
0210723,0,2024,2025-01-28,18,整形外,1
0210723,0,2024,2025-03-13,18,整形外,1
0210723,0,2024,2024-05-29,22,泌尿器,1
0210723,0,2024,2024-05-22,21,皮膚科,1
0210723,0,2024,2024-06-18,21,皮膚科,1
0210723,0,2024,2024-07-01,21,皮膚科,1
0210723,0,2024,2024-07-03,21,皮膚科,1
0210723,0,2024,2024-11-01,21,皮膚科,1
0210723,0,2024,2025-03-31,21,皮膚科,1
0210723,0,2024,2025-03-17,6,糖尿内,1
0210723,0,2024,2024-11-18,2,脳神内,1
0210723,0,2024,2024-05-29,20,脳神外,1
0210723,0,2024,2024-08-18,20,脳神外,1
0210723,0,2024,2024-10-21,20,脳神外,1
0210723,0,2024,2025-01-25,20,脳神外,1
0210723,0,2024,2025-02-19,20,脳神外,1
0210723,0,2024,2025-03-28,20,脳神外,1
0210723,0,2024,2024-06-07,8,腎臓内,1
0210723,0,2024,2025-03-17,8,腎臓内,1
0210749,0,2024,2025-01-09,48,リウ膠,1
0210749,0,2024,2024-06-11,16,乳甲外,1
0210749,0,2024,2024-10-01,16,乳甲外,1
0210749,0,2024,2024-12-27,16,乳甲外,1
0210749,0,2024,2024-07-30,5,呼吸内,1
0210749,0,2024,2024-08-01,5,呼吸内,1
0210749,0,2024,2025-01-06,5,呼吸内,1
0210749,0,2024,2025-01-20,5,呼吸内,1
0210749,0,2024,2025-01-24,5,呼吸内,1
0210749,0,2024,2024-12-11,13,呼吸外,1
0210749,0,2024,2024-06-06,17,小児外,1
0210749,0,2024,2024-05-31,10,小児科,1
0210749,0,2024,2024-06-05,10,小児科,1
0210749,0,2024,2024-06-24,10,小児科,1
0210749,0,2024,2024-10-25,10,小児科,1
0210749,0,2024,2024-11-11,10,小児科,1
0210749,0,2024,2024-11-19,10,小児科,1
0210749,0,2024,2025-02-21,10,小児科,1
0210749,0,2024,2024-06-06,7,循環内,1
0210749,0,2024,2024-06-09,7,循環内,1
0210749,0,2024,2024-08-14,7,循環内,1
0210749,0,2024,2024-10-03,7,循環内,1
0210749,0,2024,2024-11-01,7,循環内,1
0210749,0,2024,2024-12-02,7,循環内,1
0210749,0,2024,2024-12-09,7,循環内,1
0210749,0,2024,2024-07-08,15,心血外,1
0210749,0,2024,2025-02-07,15,心血外,1
0210749,0,2024,2024-05-03,34,救急科,1
0210749,0,2024,2024-06-01,34,救急科,1
0210749,0,2024,2024-06-30,34,救急科,1
0210749,0,2024,2024-07-14,34,救急科,1
0210749,0,2024,2024-11-30,34,救急科,1
0210749,0,2024,2024-12-12,34,救急科,1
0210749,0,2024,2025-02-07,34,救急科,1
0210749,0,2024,2024-05-30,18,整形外,1
0210749,0,2024,2024-06-11,18,整形外,1
0210749,0,2024,2024-08-23,18,整形外,1
0210749,0,2024,2024-10-17,18,整形外,1
0210749,0,2024,2024-10-28,18,整形外,1
0210749,0,2024,2024-12-04,18,整形外,1
0210749,0,2024,2024-12-26,18,整形外,1
0210749,0,2024,2025-01-09,18,整形外,1
0210749,0,2024,2025-03-04,18,整形外,1
0210749,0,2024,2024-05-17,22,泌尿器,1
0210749,0,2024,2024-06-24,22,泌尿器,1
0210749,0,2024,2024-08-01,22,泌尿器,1
0210749,0,2024,2024-08-07,22,泌尿器,1
0210749,0,2024,2024-08-09,22,泌尿器,1
0210749,0,2024,2024-11-15,22,泌尿器,1
0210749,0,2024,2024-11-25,22,泌尿器,1
0210749,0,2024,2025-01-22,22,泌尿器,1
0210749,0,2024,2025-02-28,22,泌尿器,1
0210749,0,2024,2025-03-04,22,泌尿器,1
0210749,0,2024,2024-05-17,50,消化内,1
0210749,0,2024,2024-08-20,50,消化内,1
0210749,0,2024,2024-10-02,50,消化内,1
0210749,0,2024,2024-10-04,50,消化内,1
0210749,0,2024,2024-12-03,50,消化内,1
0210749,0,2024,2024-12-17,50,消化内,1
0210749,0,2024,2025-01-27,50,消化内,2
0210749,0,2024,2025-02-27,50,消化内,1
0210749,0,2024,2024-06-14,14,消化外,1
0210749,0,2024,2024-06-17,14,消化外,1
0210749,0,2024,2024-07-22,14,消化外,1
0210749,0,2024,2024-08-23,14,消化外,1
0210749,0,2024,2024-10-10,14,消化外,1
0210749,0,2024,2024-10-21,14,消化外,1
0210749,0,2024,2024-11-09,14,消化外,1
0210749,0,2024,2024-05-13,43,産婦人,1
0210749,0,2024,2024-07-10,43,産婦人,1
0210749,0,2024,2024-11-08,43,産婦人,1
0210749,0,2024,2025-01-09,43,産婦人,1
0210749,0,2024,2025-03-04,43,産婦人,1
0210749,0,2024,2025-03-13,43,産婦人,1
0210749,0,2024,2024-06-25,21,皮膚科,1
0210749,0,2024,2024-12-25,21,皮膚科,1
0210749,0,2024,2025-01-29,21,皮膚科,1
0210749,0,2024,2024-05-01,26,眼科,1
0210749,0,2024,2024-05-29,26,眼科,1
0210749,0,2024,2024-06-05,26,眼科,1
0210749,0,2024,2024-06-06,26,眼科,2
0210749,0,2024,2024-08-29,26,眼科,2
0210749,0,2024,2024-10-03,26,眼科,1
0210749,0,2024,2024-10-21,26,眼科,1
0210749,0,2024,2024-11-13,26,眼科,2
0210749,0,2024,2024-11-28,26,眼科,1
0210749,0,2024,2024-12-26,26,眼科,1
0210749,0,2024,2025-02-13,26,眼科,1
0210749,0,2024,2025-03-25,26,眼科,1
0210749,0,2024,2024-06-11,6,糖尿内,1
0210749,0,2024,2024-07-03,6,糖尿内,1
0210749,0,2024,2024-08-09,6,糖尿内,1
0210749,0,2024,2025-02-18,6,糖尿内,1
0210749,0,2024,2024-10-30,36,総合診,1
0210749,0,2024,2024-08-23,25,耳鼻科,1
0210749,0,2024,2024-11-29,25,耳鼻科,1
0210749,0,2024,2025-02-03,25,耳鼻科,1
0210749,0,2024,2025-02-21,25,耳鼻科,1
0210749,0,2024,2024-12-10,9,脳卒中,1
0210749,0,2024,2024-12-14,9,脳卒中,1
0210749,0,2024,2024-06-11,2,脳神内,1
0210749,0,2024,2024-06-28,2,脳神内,1
0210749,0,2024,2024-10-01,2,脳神内,1
0210749,0,2024,2024-11-22,2,脳神内,1
0210749,0,2024,2024-11-29,2,脳神内,1
0210749,0,2024,2024-12-06,2,脳神内,1
0210749,0,2024,2024-12-19,2,脳神内,1
0210749,0,2024,2025-01-17,2,脳神内,1
0210749,0,2024,2025-01-20,2,脳神内,1
0210749,0,2024,2025-01-27,2,脳神内,2
0210749,0,2024,2025-03-07,2,脳神内,1
0210749,0,2024,2025-03-10,2,脳神内,1
0210749,0,2024,2025-03-25,2,脳神内,1
0210749,0,2024,2024-05-03,20,脳神外,1
0210749,0,2024,2024-06-21,8,腎臓内,1
0210749,0,2024,2024-06-28,8,腎臓内,1
0210749,0,2024,2024-07-26,8,腎臓内,1
0210749,0,2024,2024-08-16,8,腎臓内,1
0210749,0,2024,2024-12-13,8,腎臓内,1
0210749,0,2024,2025-01-17,8,腎臓内,1
0210749,0,2024,2025-02-28,8,腎臓内,1
0210749,0,2024,2024-07-16,27,臨腫瘍,1
0210749,0,2024,2024-08-28,1,血液内,1
0210749,0,2024,2024-10-24,1,血液内,1
0210749,0,2024,2024-10-26,1,血液内,1
0210749,0,2024,2024-11-05,37,麻酔科,1
0210756,0,2024,2024-06-19,48,リウ膠,1
0210756,0,2024,2025-01-06,5,呼吸内,1
0210756,0,2024,2025-02-07,5,呼吸内,1
0210756,0,2024,2024-05-29,13,呼吸外,1
0210756,0,2024,2024-08-24,13,呼吸外,1
0210756,0,2024,2024-12-21,13,呼吸外,1
0210756,0,2024,2024-06-14,19,形成外,1
0210756,0,2024,2024-06-22,19,形成外,1
0210756,0,2024,2024-05-02,7,循環内,1
0210756,0,2024,2024-10-18,7,循環内,1
0210756,0,2024,2025-02-17,7,循環内,1
0210756,0,2024,2024-05-17,15,心血外,1
0210756,0,2024,2024-07-10,15,心血外,1
0210756,0,2024,2024-07-18,29,放治療,1
0210756,0,2024,2024-07-24,29,放治療,1
0210756,0,2024,2024-07-25,29,放治療,1
0210756,0,2024,2024-08-20,29,放治療,1
0210756,0,2024,2024-10-18,29,放治療,1
0210756,0,2024,2024-10-28,29,放治療,1
0210756,0,2024,2024-11-27,29,放治療,1
0210756,0,2024,2024-12-02,29,放治療,1
0210756,0,2024,2025-02-18,29,放治療,1
0210756,0,2024,2025-03-19,29,放治療,1
0210756,0,2024,2024-05-17,18,整形外,1
0210756,0,2024,2024-06-04,18,整形外,1
0210756,0,2024,2024-07-05,18,整形外,1
0210756,0,2024,2024-07-11,18,整形外,1
0210756,0,2024,2024-07-23,18,整形外,1
0210756,0,2024,2024-08-10,18,整形外,1
0210756,0,2024,2024-08-16,18,整形外,1
0210756,0,2024,2024-08-19,18,整形外,3
0210756,0,2024,2024-11-15,18,整形外,1
0210756,0,2024,2024-11-18,18,整形外,1
0210756,0,2024,2024-11-25,18,整形外,1
0210756,0,2024,2024-11-29,18,整形外,1
0210756,0,2024,2024-12-04,18,整形外,1
0210756,0,2024,2024-12-16,18,整形外,1
0210756,0,2024,2025-01-15,18,整形外,2
0210756,0,2024,2025-01-22,18,整形外,1
0210756,0,2024,2025-02-10,18,整形外,1
0210756,0,2024,2025-02-17,18,整形外,1
0210756,0,2024,2025-03-13,18,整形外,1
0210756,0,2024,2025-03-24,18,整形外,1
0210756,0,2024,2025-03-26,18,整形外,2
0210756,0,2024,2024-06-26,22,泌尿器,1
0210756,0,2024,2024-08-20,22,泌尿器,1
0210756,0,2024,2024-08-22,22,泌尿器,1
0210756,0,2024,2024-11-25,22,泌尿器,1
0210756,0,2024,2024-12-02,22,泌尿器,1
0210756,0,2024,2025-03-03,22,泌尿器,1
0210756,0,2024,2025-03-19,22,泌尿器,1
0210756,0,2024,2025-03-24,22,泌尿器,1
0210756,0,2024,2025-03-31,22,泌尿器,1
0210756,0,2024,2024-06-19,43,産婦人,1
0210756,0,2024,2024-10-14,43,産婦人,1
0210756,0,2024,2025-02-18,21,皮膚科,1
0210756,0,2024,2024-10-28,26,眼科,1
0210756,0,2024,2024-07-17,6,糖尿内,1
0210756,0,2024,2024-06-21,25,耳鼻科,1
0210756,0,2024,2024-08-06,9,脳卒中,1
0210756,0,2024,2024-11-06,9,脳卒中,1
0210756,0,2024,2024-08-07,2,脳神内,1
0210756,0,2024,2025-02-21,2,脳神内,1
0210756,0,2024,2025-03-24,2,脳神内,1
0210756,0,2024,2024-06-20,20,脳神外,1
0210756,0,2024,2025-01-15,8,腎臓内,1
0210756,0,2024,2024-08-21,27,臨腫瘍,1
0210756,0,2024,2024-12-12,1,血液内,1
0210756,0,2024,2025-03-07,1,血液内,1
0210756,0,2024,2025-03-10,1,血液内,1
0210794,0,2024,2024-06-17,32,歯口外,1
0210794,0,2024,2024-06-26,32,歯口外,1
0210794,0,2024,2024-08-21,32,歯口外,1
0210794,0,2024,2024-10-09,32,歯口外,1
0210794,0,2024,2024-11-01,32,歯口外,1
0210794,0,2024,2024-12-18,32,歯口外,1
0210794,0,2024,2025-01-17,32,歯口外,1
0210794,0,2024,2025-01-24,32,歯口外,2
0210794,0,2024,2025-02-26,32,歯口外,1
0210794,0,2024,2025-03-04,32,歯口外,1
0210814,0,2024,2025-01-08,12,心療科,1
0210814,0,2024,2025-03-05,50,消化内,1
0210814,0,2024,2025-02-28,21,皮膚科,1
0210814,0,2024,2025-03-07,21,皮膚科,1
0210814,0,2024,2024-07-09,2,脳神内,1
0210814,0,2024,2024-06-28,1,血液内,1
0210814,0,2024,2024-11-01,1,血液内,1
0210822,0,2024,2025-02-12,48,リウ膠,1
0210822,0,2024,2024-05-07,16,乳甲外,1
0210822,0,2024,2024-05-20,16,乳甲外,1
0210822,0,2024,2024-06-07,16,乳甲外,1
0210822,0,2024,2024-06-17,16,乳甲外,1
0210822,0,2024,2024-06-22,16,乳甲外,1
0210822,0,2024,2024-06-24,16,乳甲外,1
0210822,0,2024,2024-07-01,16,乳甲外,1
0210822,0,2024,2024-07-04,16,乳甲外,1
0210822,0,2024,2024-07-06,16,乳甲外,1
0210822,0,2024,2024-07-08,16,乳甲外,1
0210822,0,2024,2024-07-17,16,乳甲外,1
0210822,0,2024,2024-07-20,16,乳甲外,1
0210822,0,2024,2024-10-26,16,乳甲外,1
0210822,0,2024,2024-11-15,16,乳甲外,1
0210822,0,2024,2024-11-28,16,乳甲外,1
0210822,0,2024,2024-12-07,16,乳甲外,1
0210822,0,2024,2024-12-27,16,乳甲外,1
0210822,0,2024,2025-02-13,16,乳甲外,2
0210822,0,2024,2024-05-20,5,呼吸内,1
0210822,0,2024,2024-06-10,13,呼吸外,1
0210822,0,2024,2024-07-08,13,呼吸外,1
0210822,0,2024,2024-07-27,13,呼吸外,1
0210822,0,2024,2024-08-05,13,呼吸外,1
0210822,0,2024,2024-10-21,13,呼吸外,1
0210822,0,2024,2024-10-23,13,呼吸外,1
0210822,0,2024,2024-12-16,13,呼吸外,1
0210822,0,2024,2025-01-20,13,呼吸外,1
0210822,0,2024,2025-01-24,13,呼吸外,1
0210822,0,2024,2025-01-27,13,呼吸外,1
0210822,0,2024,2025-03-10,13,呼吸外,1
0210822,0,2024,2024-06-20,10,小児科,1
0210822,0,2024,2024-05-10,19,形成外,1
0210822,0,2024,2024-07-04,19,形成外,1
0210822,0,2024,2024-07-29,19,形成外,1
0210822,0,2024,2024-08-05,19,形成外,1
0210822,0,2024,2024-08-14,19,形成外,1
0210822,0,2024,2024-10-01,19,形成外,1
0210822,0,2024,2024-11-14,19,形成外,1
0210822,0,2024,2024-12-05,19,形成外,1
0210822,0,2024,2025-01-17,19,形成外,1
0210822,0,2024,2025-01-24,19,形成外,1
0210822,0,2024,2025-01-30,19,形成外,1
0210822,0,2024,2025-02-14,19,形成外,1
0210822,0,2024,2025-02-28,19,形成外,1
0210822,0,2024,2025-03-07,19,形成外,1
0210822,0,2024,2024-05-16,7,循環内,2
0210822,0,2024,2024-05-17,7,循環内,1
0210822,0,2024,2024-06-03,7,循環内,1
0210822,0,2024,2024-06-06,7,循環内,1
0210822,0,2024,2024-07-12,7,循環内,2
0210822,0,2024,2024-07-31,7,循環内,1
0210822,0,2024,2024-08-09,7,循環内,1
0210822,0,2024,2024-08-14,7,循環内,1
0210822,0,2024,2024-08-16,7,循環内,1
0210822,0,2024,2024-08-30,7,循環内,1
0210822,0,2024,2024-10-10,7,循環内,1
0210822,0,2024,2024-10-11,7,循環内,1
0210822,0,2024,2024-10-12,7,循環内,1
0210822,0,2024,2024-10-16,7,循環内,1
0210822,0,2024,2024-10-24,7,循環内,1
0210822,0,2024,2024-12-04,7,循環内,2
0210822,0,2024,2024-12-09,7,循環内,1
0210822,0,2024,2024-12-12,7,循環内,1
0210822,0,2024,2024-12-27,7,循環内,1
0210822,0,2024,2025-01-07,7,循環内,1
0210822,0,2024,2025-01-09,7,循環内,1
0210822,0,2024,2025-01-16,7,循環内,1
0210822,0,2024,2025-02-12,7,循環内,2
0210822,0,2024,2025-02-28,7,循環内,1
0210822,0,2024,2025-03-18,7,循環内,1
0210822,0,2024,2025-03-28,7,循環内,1
0210822,0,2024,2025-03-11,12,心療科,1
0210822,0,2024,2024-07-17,15,心血外,1
0210822,0,2024,2024-07-26,15,心血外,1
0210822,0,2024,2024-08-05,15,心血外,1
0210822,0,2024,2024-10-02,15,心血外,1
0210822,0,2024,2024-10-09,15,心血外,2
0210822,0,2024,2024-10-18,15,心血外,1
0210822,0,2024,2024-10-23,15,心血外,1
0210822,0,2024,2024-12-09,15,心血外,1
0210822,0,2024,2024-12-11,15,心血外,1
0210822,0,2024,2025-02-28,15,心血外,1
0210822,0,2024,2025-03-05,15,心血外,1
0210822,0,2024,2025-03-17,15,心血外,1
0210822,0,2024,2025-03-19,15,心血外,1
0210822,0,2024,2025-03-28,15,心血外,1
0210822,0,2024,2025-01-14,29,放治療,1
0210822,0,2024,2024-11-26,28,放診断,1
0210822,0,2024,2024-12-17,28,放診断,1
0210822,0,2024,2025-03-04,28,放診断,1
0210822,0,2024,2024-07-05,34,救急科,1
0210822,0,2024,2024-07-17,34,救急科,1
0210822,0,2024,2024-10-14,34,救急科,1
0210822,0,2024,2024-10-23,34,救急科,1
0210822,0,2024,2024-12-06,34,救急科,1
0210822,0,2024,2024-12-26,34,救急科,1
0210822,0,2024,2024-05-13,18,整形外,1
0210822,0,2024,2024-05-15,18,整形外,1
0210822,0,2024,2024-05-17,18,整形外,1
0210822,0,2024,2024-05-20,18,整形外,1
0210822,0,2024,2024-05-31,18,整形外,1
0210822,0,2024,2024-06-05,18,整形外,1
0210822,0,2024,2024-06-13,18,整形外,1
0210822,0,2024,2024-06-17,18,整形外,1
0210822,0,2024,2024-06-19,18,整形外,1
0210822,0,2024,2024-07-03,18,整形外,1
0210822,0,2024,2024-07-08,18,整形外,1
0210822,0,2024,2024-07-09,18,整形外,1
0210822,0,2024,2024-07-19,18,整形外,1
0210822,0,2024,2024-08-05,18,整形外,2
0210822,0,2024,2024-08-07,18,整形外,1
0210822,0,2024,2024-08-14,18,整形外,2
0210822,0,2024,2024-10-04,18,整形外,1
0210822,0,2024,2024-10-08,18,整形外,2
0210822,0,2024,2024-10-29,18,整形外,1
0210822,0,2024,2024-11-01,18,整形外,1
0210822,0,2024,2024-11-07,18,整形外,1
0210822,0,2024,2024-11-12,18,整形外,1
0210822,0,2024,2024-12-04,18,整形外,1
0210822,0,2024,2024-12-16,18,整形外,1
0210822,0,2024,2024-12-19,18,整形外,1
0210822,0,2024,2025-01-16,18,整形外,1
0210822,0,2024,2025-01-31,18,整形外,1
0210822,0,2024,2025-02-17,18,整形外,1
0210822,0,2024,2025-03-21,18,整形外,1
0210822,0,2024,2025-03-24,18,整形外,1
0210822,0,2024,2025-03-26,18,整形外,1
0210822,0,2024,2024-05-29,32,歯口外,1
0210822,0,2024,2024-08-16,32,歯口外,1
0210822,0,2024,2024-08-21,32,歯口外,1
0210822,0,2024,2024-06-28,22,泌尿器,1
0210822,0,2024,2024-07-12,22,泌尿器,1
0210822,0,2024,2024-11-05,22,泌尿器,1
0210822,0,2024,2024-05-10,50,消化内,1
0210822,0,2024,2024-05-13,50,消化内,2
0210822,0,2024,2024-05-17,50,消化内,1
0210822,0,2024,2024-05-29,50,消化内,1
0210822,0,2024,2024-06-04,50,消化内,1
0210822,0,2024,2024-06-06,50,消化内,2
0210822,0,2024,2024-06-17,50,消化内,1
0210822,0,2024,2024-07-04,50,消化内,1
0210822,0,2024,2024-07-10,50,消化内,1
0210822,0,2024,2024-07-17,50,消化内,1
0210822,0,2024,2024-07-31,50,消化内,1
0210822,0,2024,2024-08-09,50,消化内,1
0210822,0,2024,2024-08-26,50,消化内,1
0210822,0,2024,2024-10-01,50,消化内,1
0210822,0,2024,2024-10-04,50,消化内,1
0210822,0,2024,2024-10-16,50,消化内,1
0210822,0,2024,2024-10-21,50,消化内,1
0210822,0,2024,2024-12-04,50,消化内,1
0210822,0,2024,2024-12-13,50,消化内,1
0210822,0,2024,2024-12-23,50,消化内,1
0210822,0,2024,2025-02-07,50,消化内,2
0210822,0,2024,2025-02-20,50,消化内,1
0210822,0,2024,2025-03-25,50,消化内,1
0210822,0,2024,2024-05-09,14,消化外,1
0210822,0,2024,2024-05-13,14,消化外,3
0210822,0,2024,2024-05-31,14,消化外,1
0210822,0,2024,2024-06-10,14,消化外,1
0210822,0,2024,2024-06-12,14,消化外,1
0210822,0,2024,2024-06-13,14,消化外,1
0210822,0,2024,2024-07-01,14,消化外,1
0210822,0,2024,2024-07-22,14,消化外,2
0210822,0,2024,2024-07-24,14,消化外,1
0210822,0,2024,2024-10-08,14,消化外,1
0210822,0,2024,2024-10-16,14,消化外,1
0210822,0,2024,2024-10-28,14,消化外,1
0210822,0,2024,2024-11-11,14,消化外,1
0210822,0,2024,2024-12-05,14,消化外,1
0210822,0,2024,2024-12-13,14,消化外,1
0210822,0,2024,2025-02-10,14,消化外,1
0210822,0,2024,2025-02-25,14,消化外,1
0210822,0,2024,2025-03-24,14,消化外,1
0210822,0,2024,2025-03-26,14,消化外,1
0210822,0,2024,2024-08-06,43,産婦人,1
0210822,0,2024,2024-08-26,43,産婦人,1
0210822,0,2024,2024-08-28,43,産婦人,1
0210822,0,2024,2024-10-02,43,産婦人,1
0210822,0,2024,2024-05-31,21,皮膚科,1
0210822,0,2024,2024-06-20,21,皮膚科,1
0210822,0,2024,2024-06-24,21,皮膚科,1
0210822,0,2024,2024-08-20,21,皮膚科,1
0210822,0,2024,2024-10-10,21,皮膚科,1
0210822,0,2024,2024-11-05,21,皮膚科,1
0210822,0,2024,2025-03-05,21,皮膚科,1
0210822,0,2024,2024-06-05,26,眼科,1
0210822,0,2024,2024-06-07,26,眼科,1
0210822,0,2024,2024-08-19,26,眼科,1
0210822,0,2024,2024-10-23,26,眼科,1
0210822,0,2024,2024-07-17,6,糖尿内,1
0210822,0,2024,2024-10-02,6,糖尿内,1
0210822,0,2024,2025-03-05,6,糖尿内,1
0210822,0,2024,2024-07-12,36,総合診,1
0210822,0,2024,2024-05-08,25,耳鼻科,1
0210822,0,2024,2024-06-19,25,耳鼻科,1
0210822,0,2024,2024-06-24,25,耳鼻科,1
0210822,0,2024,2024-07-02,25,耳鼻科,1
0210822,0,2024,2024-07-22,25,耳鼻科,1
0210822,0,2024,2024-07-29,25,耳鼻科,1
0210822,0,2024,2024-08-30,25,耳鼻科,1
0210822,0,2024,2024-10-25,25,耳鼻科,1
0210822,0,2024,2024-11-18,25,耳鼻科,1
0210822,0,2024,2024-12-06,25,耳鼻科,1
0210822,0,2024,2025-02-12,25,耳鼻科,1
0210822,0,2024,2025-03-05,25,耳鼻科,1
0210822,0,2024,2025-03-10,25,耳鼻科,2
0210822,0,2024,2024-05-10,9,脳卒中,1
0210822,0,2024,2024-06-06,9,脳卒中,1
0210822,0,2024,2024-06-18,9,脳卒中,1
0210822,0,2024,2024-10-16,9,脳卒中,1
0210822,0,2024,2024-11-11,9,脳卒中,1
0210822,0,2024,2025-01-09,9,脳卒中,1
0210822,0,2024,2025-01-23,9,脳卒中,1
0210822,0,2024,2025-02-16,9,脳卒中,1
0210822,0,2024,2025-03-24,9,脳卒中,1
0210822,0,2024,2024-06-06,2,脳神内,1
0210822,0,2024,2024-06-10,2,脳神内,1
0210822,0,2024,2024-06-11,2,脳神内,1
0210822,0,2024,2024-06-12,2,脳神内,1
0210822,0,2024,2024-06-13,2,脳神内,1
0210822,0,2024,2024-07-10,2,脳神内,1
0210822,0,2024,2024-07-12,2,脳神内,1
0210822,0,2024,2024-08-26,2,脳神内,1
0210822,0,2024,2024-10-10,2,脳神内,1
0210822,0,2024,2024-10-17,2,脳神内,1
0210822,0,2024,2024-11-05,2,脳神内,1
0210822,0,2024,2024-11-13,2,脳神内,1
0210822,0,2024,2024-12-04,2,脳神内,1
0210822,0,2024,2024-12-17,2,脳神内,1
0210822,0,2024,2024-12-23,2,脳神内,1
0210822,0,2024,2025-01-14,2,脳神内,1
0210822,0,2024,2025-02-21,2,脳神内,1
0210822,0,2024,2025-02-27,2,脳神内,1
0210822,0,2024,2024-05-02,20,脳神外,1
0210822,0,2024,2024-05-04,20,脳神外,1
0210822,0,2024,2024-05-16,20,脳神外,1
0210822,0,2024,2024-06-06,20,脳神外,1
0210822,0,2024,2024-06-25,20,脳神外,1
0210822,0,2024,2024-07-02,20,脳神外,1
0210822,0,2024,2024-07-04,20,脳神外,1
0210822,0,2024,2024-07-06,20,脳神外,1
0210822,0,2024,2024-08-15,20,脳神外,1
0210822,0,2024,2024-10-03,20,脳神外,1
0210822,0,2024,2024-10-10,20,脳神外,1
0210822,0,2024,2024-10-21,20,脳神外,1
0210822,0,2024,2024-11-07,20,脳神外,1
0210822,0,2024,2025-01-20,20,脳神外,1
0210822,0,2024,2025-02-08,20,脳神外,1
0210822,0,2024,2025-02-20,20,脳神外,2
0210822,0,2024,2025-03-29,20,脳神外,1
0210822,0,2024,2024-07-04,8,腎臓内,1
0210822,0,2024,2024-07-17,8,腎臓内,1
0210822,0,2024,2024-08-14,8,腎臓内,1
0210822,0,2024,2025-02-17,1,血液内,1
0210822,0,2024,2024-06-04,37,麻酔科,1
0210822,0,2024,2024-07-23,37,麻酔科,1
0210848,0,2024,2025-03-06,19,形成外,1
0210848,0,2024,2024-10-04,26,眼科,1
0210848,0,2024,2024-11-27,26,眼科,1
0210848,0,2024,2024-12-10,26,眼科,1
0210848,0,2024,2025-02-18,26,眼科,1
0210855,0,2024,2024-05-16,5,呼吸内,1
0210855,0,2024,2024-10-03,5,呼吸内,1
0210855,0,2024,2024-05-23,34,救急科,1
0210855,0,2024,2025-02-08,34,救急科,1
0210855,0,2024,2024-05-22,32,歯口外,1
0210855,0,2024,2024-08-08,50,消化内,1
0210855,0,2024,2024-06-05,25,耳鼻科,1
0210855,0,2024,2024-07-09,2,脳神内,1
0210855,0,2024,2025-03-13,2,脳神内,1
0210863,0,2024,2024-07-30,16,乳甲外,1
0210863,0,2024,2024-10-18,16,乳甲外,1
0210863,0,2024,2025-02-10,16,乳甲外,1
0210863,0,2024,2025-03-17,16,乳甲外,1
0210863,0,2024,2025-02-10,5,呼吸内,1
0210863,0,2024,2025-03-01,5,呼吸内,1
0210863,0,2024,2024-12-04,13,呼吸外,1
0210863,0,2024,2024-12-13,7,循環内,1
0210863,0,2024,2025-02-04,7,循環内,1
0210863,0,2024,2024-12-04,15,心血外,1
0210863,0,2024,2024-05-17,28,放診断,1
0210863,0,2024,2024-06-27,28,放診断,1
0210863,0,2024,2024-07-31,28,放診断,1
0210863,0,2024,2024-08-02,28,放診断,1
0210863,0,2024,2025-02-26,28,放診断,1
0210863,0,2024,2024-08-13,34,救急科,1
0210863,0,2024,2024-06-19,18,整形外,1
0210863,0,2024,2025-02-14,32,歯口外,1
0210863,0,2024,2024-05-17,22,泌尿器,1
0210863,0,2024,2025-01-06,22,泌尿器,1
0210863,0,2024,2025-02-12,22,泌尿器,1
0210863,0,2024,2025-02-13,22,泌尿器,1
0210863,0,2024,2025-03-18,22,泌尿器,1
0210863,0,2024,2024-05-09,50,消化内,1
0210863,0,2024,2024-05-10,50,消化内,1
0210863,0,2024,2024-05-15,50,消化内,1
0210863,0,2024,2024-05-16,50,消化内,1
0210863,0,2024,2024-05-22,50,消化内,1
0210863,0,2024,2024-05-24,50,消化内,1
0210863,0,2024,2024-05-31,50,消化内,1
0210863,0,2024,2024-06-06,50,消化内,1
0210863,0,2024,2024-06-11,50,消化内,1
0210863,0,2024,2024-06-18,50,消化内,1
0210863,0,2024,2024-07-04,50,消化内,1
0210863,0,2024,2024-07-17,50,消化内,1
0210863,0,2024,2024-07-24,50,消化内,1
0210863,0,2024,2024-07-25,50,消化内,1
0210863,0,2024,2024-07-26,50,消化内,1
0210863,0,2024,2024-08-29,50,消化内,1
0210863,0,2024,2024-08-31,50,消化内,1
0210863,0,2024,2024-10-05,50,消化内,1
0210863,0,2024,2024-10-08,50,消化内,2
0210863,0,2024,2024-10-21,50,消化内,1
0210863,0,2024,2024-10-23,50,消化内,1
0210863,0,2024,2024-10-28,50,消化内,1
0210863,0,2024,2024-11-01,50,消化内,2
0210863,0,2024,2024-11-08,50,消化内,1
0210863,0,2024,2024-11-09,50,消化内,1
0210863,0,2024,2024-11-19,50,消化内,2
0210863,0,2024,2024-11-21,50,消化内,1
0210863,0,2024,2024-12-09,50,消化内,1
0210863,0,2024,2024-12-18,50,消化内,2
0210863,0,2024,2025-01-17,50,消化内,1
0210863,0,2024,2025-02-14,50,消化内,1
0210863,0,2024,2025-03-12,50,消化内,1
0210863,0,2024,2025-03-29,50,消化内,1
0210863,0,2024,2024-06-13,14,消化外,1
0210863,0,2024,2024-10-23,14,消化外,1
0210863,0,2024,2024-11-06,14,消化外,1
0210863,0,2024,2025-01-07,14,消化外,1
0210863,0,2024,2025-01-09,14,消化外,1
0210863,0,2024,2025-03-15,14,消化外,1
0210863,0,2024,2024-12-04,43,産婦人,1
0210863,0,2024,2025-03-19,43,産婦人,1
0210863,0,2024,2024-12-23,21,皮膚科,1
0210863,0,2024,2024-05-01,36,総合診,1
0210863,0,2024,2024-05-02,36,総合診,1
0210863,0,2024,2024-07-10,36,総合診,1
0210863,0,2024,2024-10-25,36,総合診,1
0210863,0,2024,2024-10-28,36,総合診,1
0210863,0,2024,2024-12-19,36,総合診,1
0210863,0,2024,2025-02-13,36,総合診,1
0210863,0,2024,2024-05-13,9,脳卒中,1
0210863,0,2024,2024-11-28,9,脳卒中,1
0210863,0,2024,2025-03-05,9,脳卒中,1
0210863,0,2024,2024-08-08,27,臨腫瘍,1
0210889,0,2024,2025-02-19,25,耳鼻科,1
0210889,0,2024,2024-06-13,2,脳神内,1
0210897,0,2024,2024-06-05,48,リウ膠,1
0210897,0,2024,2024-10-02,48,リウ膠,1
0210897,0,2024,2024-11-14,34,救急科,1
0210897,0,2024,2024-05-16,18,整形外,1
0210897,0,2024,2024-05-27,18,整形外,1
0210897,0,2024,2024-07-02,18,整形外,1
0210897,0,2024,2025-01-23,18,整形外,1
0210897,0,2024,2024-11-01,32,歯口外,1
0210897,0,2024,2024-05-13,22,泌尿器,1
0210897,0,2024,2025-02-03,22,泌尿器,1
0210897,0,2024,2024-05-08,50,消化内,1
0210897,0,2024,2024-05-16,14,消化外,1
0210897,0,2024,2024-07-08,6,糖尿内,1
0210897,0,2024,2024-12-02,2,脳神内,1
0210897,0,2024,2024-12-03,20,脳神外,1
0210921,0,2024,2024-12-12,19,形成外,1
0210921,0,2024,2024-05-20,28,放診断,1
0210921,0,2024,2024-05-30,28,放診断,1
0210921,0,2024,2024-08-20,28,放診断,1
0210921,0,2024,2024-12-02,28,放診断,1
0210921,0,2024,2024-12-21,28,放診断,1
0210921,0,2024,2024-06-16,50,消化内,1
0210921,0,2024,2024-08-08,50,消化内,1
0210921,0,2024,2024-12-06,50,消化内,1
0210921,0,2024,2024-05-30,14,消化外,1
0210921,0,2024,2024-12-19,43,産婦人,1
0210921,0,2024,2024-05-15,26,眼科,1
0210921,0,2024,2024-05-16,26,眼科,1
0210921,0,2024,2025-03-24,26,眼科,1
0210921,0,2024,2024-05-02,2,脳神内,1
0210921,0,2024,2024-05-29,2,脳神内,1
0210939,0,2024,2024-07-11,34,救急科,1
0210939,0,2024,2024-10-24,18,整形外,1
0210939,0,2024,2024-08-05,50,消化内,1
0210954,0,2024,2024-07-19,12,心療科,1
0210962,0,2024,2024-12-20,48,リウ膠,1
0210962,0,2024,2024-05-14,5,呼吸内,1
0210962,0,2024,2024-08-08,5,呼吸内,1
0210962,0,2024,2025-03-31,5,呼吸内,1
0210962,0,2024,2025-01-25,13,呼吸外,1
0210962,0,2024,2024-08-27,7,循環内,1
0210962,0,2024,2024-12-18,15,心血外,1
0210962,0,2024,2024-05-31,28,放診断,1
0210962,0,2024,2024-10-18,28,放診断,1
0210962,0,2024,2025-02-17,28,放診断,1
0210962,0,2024,2024-12-28,34,救急科,1
0210962,0,2024,2025-02-08,34,救急科,1
0210962,0,2024,2024-05-31,50,消化内,1
0210962,0,2024,2024-06-06,50,消化内,1
0210962,0,2024,2024-06-12,50,消化内,1
0210962,0,2024,2024-06-28,50,消化内,1
0210962,0,2024,2024-07-08,50,消化内,1
0210962,0,2024,2024-07-12,50,消化内,1
0210962,0,2024,2024-07-22,50,消化内,1
0210962,0,2024,2024-07-24,50,消化内,1
0210962,0,2024,2024-08-05,50,消化内,1
0210962,0,2024,2024-08-07,50,消化内,1
0210962,0,2024,2024-10-22,50,消化内,1
0210962,0,2024,2024-12-19,50,消化内,1
0210962,0,2024,2024-12-20,50,消化内,1
0210962,0,2024,2024-12-23,50,消化内,1
0210962,0,2024,2025-01-07,50,消化内,2
0210962,0,2024,2025-01-14,50,消化内,1
0210962,0,2024,2025-01-20,50,消化内,1
0210962,0,2024,2025-03-05,50,消化内,1
0210962,0,2024,2024-06-08,14,消化外,1
0210962,0,2024,2024-10-07,14,消化外,1
0210962,0,2024,2024-10-21,14,消化外,1
0210962,0,2024,2024-10-31,14,消化外,1
0210962,0,2024,2024-12-16,14,消化外,1
0210962,0,2024,2024-05-01,21,皮膚科,1
0210962,0,2024,2025-01-20,21,皮膚科,1
0210962,0,2024,2024-10-02,36,総合診,1
0210962,0,2024,2025-03-14,36,総合診,1
0210962,0,2024,2024-10-25,20,脳神外,1
0210962,0,2024,2024-12-19,8,腎臓内,1
0210962,0,2024,2024-06-07,27,臨腫瘍,1
0210962,0,2024,2024-06-20,27,臨腫瘍,1
0210962,0,2024,2024-07-29,27,臨腫瘍,1
0210962,0,2024,2024-08-01,27,臨腫瘍,1
0210962,0,2024,2024-10-22,27,臨腫瘍,1
0210962,0,2024,2025-01-20,27,臨腫瘍,1
0210962,0,2024,2025-02-06,27,臨腫瘍,1
0210962,0,2024,2025-02-13,27,臨腫瘍,1
0210962,0,2024,2025-03-25,27,臨腫瘍,2
0210988,0,2024,2024-08-29,2,脳神内,1
0210996,0,2024,2024-11-11,15,心血外,1
0210996,0,2024,2024-10-17,28,放診断,1
0210996,0,2024,2025-02-03,28,放診断,1
0210996,0,2024,2024-06-05,18,整形外,2
0210996,0,2024,2024-10-02,18,整形外,2
0210996,0,2024,2024-10-30,18,整形外,1
0210996,0,2024,2024-12-20,18,整形外,1
0210996,0,2024,2025-02-10,18,整形外,1
0210996,0,2024,2025-03-07,18,整形外,1
0210996,0,2024,2025-01-22,2,脳神内,1
0210996,0,2024,2024-05-22,37,麻酔科,1
0211002,0,2024,2024-07-10,31,リハ,1
0211002,0,2024,2024-11-15,50,消化内,1
0211028,0,2024,2024-06-17,28,放診断,1
0211028,0,2024,2024-11-19,28,放診断,1
0211028,0,2024,2024-11-15,25,耳鼻科,1
0211051,0,2024,2024-11-15,43,産婦人,1
0211051,0,2024,2024-12-03,43,産婦人,1
0211119,0,2024,2024-06-29,9,脳卒中,1
0211143,0,2024,2024-12-27,48,リウ膠,1
0211143,0,2024,2024-05-29,13,呼吸外,1
0211143,0,2024,2024-06-14,22,泌尿器,1
0211143,0,2024,2024-07-09,6,糖尿内,1
0211150,0,2024,2025-03-04,5,呼吸内,1
0211150,0,2024,2024-07-08,34,救急科,1
0211150,0,2024,2025-02-04,50,消化内,1
0211150,0,2024,2024-12-16,2,脳神内,1
0211150,0,2024,2025-02-21,20,脳神外,1
0211184,0,2024,2024-10-01,17,小児外,2
0211184,0,2024,2024-11-28,17,小児外,1
0211184,0,2024,2025-01-09,17,小児外,1
0211184,0,2024,2025-02-04,17,小児外,1
0211184,0,2024,2025-02-06,17,小児外,1
0211184,0,2024,2025-02-27,17,小児外,1
0211184,0,2024,2025-03-18,17,小児外,1
0211184,0,2024,2024-07-29,10,小児科,2
0211184,0,2024,2024-08-06,10,小児科,1
0211184,0,2024,2024-08-10,10,小児科,1
0211184,0,2024,2024-08-22,10,小児科,1
0211184,0,2024,2024-08-26,10,小児科,1
0211184,0,2024,2025-01-22,10,小児科,1
0211184,0,2024,2025-01-30,10,小児科,1
0211184,0,2024,2024-06-17,25,耳鼻科,1
0211184,0,2024,2024-07-01,25,耳鼻科,1
0211184,0,2024,2024-07-05,25,耳鼻科,1
0211184,0,2024,2024-07-26,25,耳鼻科,1
0211184,0,2024,2024-08-19,25,耳鼻科,1
0211184,0,2024,2024-12-18,25,耳鼻科,1
0211184,0,2024,2024-12-27,25,耳鼻科,1
0211184,0,2024,2025-01-06,25,耳鼻科,1
0211192,0,2024,2024-06-27,48,リウ膠,1
0211192,0,2024,2024-06-14,16,乳甲外,1
0211192,0,2024,2025-02-26,7,循環内,1
0211192,0,2024,2025-01-08,12,心療科,1
0211192,0,2024,2025-03-12,12,心療科,1
0211192,0,2024,2024-06-28,2,脳神内,1
0211192,0,2024,2024-12-10,2,脳神内,1
0211218,0,2024,2024-12-02,18,整形外,1
0211242,0,2024,2024-10-01,16,乳甲外,1
0211242,0,2024,2024-10-21,22,泌尿器,1
0211242,0,2024,2024-07-22,2,脳神内,1
0211259,0,2024,2025-03-18,48,リウ膠,1
0211259,0,2024,2024-06-21,16,乳甲外,1
0211259,0,2024,2024-06-27,5,呼吸内,1
0211259,0,2024,2024-07-17,5,呼吸内,1
0211259,0,2024,2024-10-22,5,呼吸内,1
0211259,0,2024,2025-01-29,5,呼吸内,1
0211259,0,2024,2025-03-06,5,呼吸内,1
0211259,0,2024,2025-02-21,19,形成外,1
0211259,0,2024,2024-07-19,15,心血外,1
0211259,0,2024,2024-06-24,18,整形外,1
0211259,0,2024,2024-11-18,18,整形外,1
0211259,0,2024,2024-12-05,18,整形外,1
0211259,0,2024,2025-02-05,18,整形外,1
0211259,0,2024,2024-06-17,50,消化内,1
0211259,0,2024,2024-10-04,21,皮膚科,1
0211259,0,2024,2025-02-12,25,耳鼻科,1
0211259,0,2024,2024-05-04,9,脳卒中,1
0211259,0,2024,2025-02-01,2,脳神内,1
0211259,0,2024,2024-08-20,20,脳神外,1
0211267,0,2024,2024-06-18,26,眼科,1
0211267,0,2024,2024-08-05,26,眼科,1
0211267,0,2024,2024-11-01,26,眼科,1
0211267,0,2024,2025-02-28,26,眼科,1
0211283,0,2024,2025-03-12,7,循環内,1
0211283,0,2024,2024-11-22,50,消化内,1
0211283,0,2024,2025-03-26,50,消化内,1
0211283,0,2024,2024-06-11,43,産婦人,1
0211283,0,2024,2024-08-14,6,糖尿内,1
0211283,0,2024,2025-02-19,36,総合診,1
0211317,0,2024,2024-11-06,7,循環内,1
0211325,0,2024,2024-07-03,6,糖尿内,1
0211333,0,2024,2024-07-22,21,皮膚科,1
0211333,0,2024,2024-11-20,21,皮膚科,1
0211358,0,2024,2024-12-12,20,脳神外,1
0211416,0,2024,2024-06-28,19,形成外,1
0211416,0,2024,2025-01-31,7,循環内,1
0211416,0,2024,2025-02-19,7,循環内,1
0211416,0,2024,2025-03-19,7,循環内,1
0211416,0,2024,2025-02-10,2,脳神内,1
0211424,0,2024,2024-11-05,6,糖尿内,1
0211424,0,2024,2024-06-12,25,耳鼻科,1
0211424,0,2024,2024-06-17,25,耳鼻科,1
0211424,0,2024,2024-06-24,25,耳鼻科,1
0211424,0,2024,2024-07-03,25,耳鼻科,1
0211424,0,2024,2024-07-04,25,耳鼻科,1
0211424,0,2024,2024-07-08,25,耳鼻科,1
0211424,0,2024,2024-07-10,25,耳鼻科,1
0211424,0,2024,2024-07-17,25,耳鼻科,1
0211424,0,2024,2024-07-29,25,耳鼻科,1
0211424,0,2024,2024-08-02,25,耳鼻科,1
0211424,0,2024,2024-08-07,25,耳鼻科,1
0211424,0,2024,2024-10-11,25,耳鼻科,1
0211424,0,2024,2024-10-28,25,耳鼻科,2
0211424,0,2024,2024-11-06,25,耳鼻科,1
0211424,0,2024,2024-11-20,25,耳鼻科,1
0211424,0,2024,2024-12-25,25,耳鼻科,1
0211424,0,2024,2025-01-10,25,耳鼻科,1
0211432,0,2024,2024-06-05,10,小児科,1
0211432,0,2024,2024-06-13,10,小児科,1
0211440,0,2024,2024-08-26,18,整形外,1
0211465,0,2024,2024-07-23,34,救急科,1
0211465,0,2024,2024-12-18,34,救急科,1
0211465,0,2024,2025-01-04,18,整形外,1
0211465,0,2024,2024-10-03,50,消化内,1
0211465,0,2024,2024-12-06,50,消化内,1
0211465,0,2024,2024-11-07,14,消化外,1
0211465,0,2024,2024-07-23,2,脳神内,1
0211465,0,2024,2025-01-31,2,脳神内,1
0211465,0,2024,2025-03-26,2,脳神内,1
0211465,0,2024,2024-06-28,1,血液内,1
0211473,0,2024,2024-05-31,18,整形外,1
0211473,0,2024,2024-10-24,18,整形外,1
0211473,0,2024,2025-01-14,18,整形外,1
0211473,0,2024,2025-02-10,18,整形外,1
0211473,0,2024,2025-02-25,18,整形外,1
0211473,0,2024,2025-03-25,18,整形外,1
0211481,0,2024,2024-07-30,48,リウ膠,1
0211481,0,2024,2024-12-04,48,リウ膠,1
0211481,0,2024,2025-01-31,48,リウ膠,1
0211481,0,2024,2025-02-18,48,リウ膠,1
0211481,0,2024,2025-02-20,48,リウ膠,1
0211481,0,2024,2025-02-25,48,リウ膠,1
0211481,0,2024,2025-03-10,31,リハ,1
0211481,0,2024,2024-08-27,16,乳甲外,1
0211481,0,2024,2024-10-30,16,乳甲外,1
0211481,0,2024,2025-02-05,16,乳甲外,1
0211481,0,2024,2025-02-07,16,乳甲外,1
0211481,0,2024,2024-06-25,5,呼吸内,1
0211481,0,2024,2024-07-16,5,呼吸内,1
0211481,0,2024,2024-08-09,5,呼吸内,1
0211481,0,2024,2024-10-02,5,呼吸内,1
0211481,0,2024,2024-12-17,5,呼吸内,1
0211481,0,2024,2024-06-13,13,呼吸外,1
0211481,0,2024,2024-07-03,13,呼吸外,1
0211481,0,2024,2024-07-30,13,呼吸外,1
0211481,0,2024,2024-06-09,17,小児外,1
0211481,0,2024,2024-06-16,10,小児科,1
0211481,0,2024,2024-07-30,10,小児科,1
0211481,0,2024,2024-11-27,10,小児科,1
0211481,0,2024,2024-07-22,19,形成外,1
0211481,0,2024,2024-08-19,19,形成外,1
0211481,0,2024,2024-11-06,19,形成外,1
0211481,0,2024,2025-03-07,19,形成外,1
0211481,0,2024,2024-06-21,7,循環内,1
0211481,0,2024,2024-07-22,7,循環内,1
0211481,0,2024,2024-08-05,7,循環内,1
0211481,0,2024,2024-11-14,7,循環内,1
0211481,0,2024,2024-12-19,7,循環内,1
0211481,0,2024,2025-01-06,7,循環内,1
0211481,0,2024,2025-01-19,7,循環内,1
0211481,0,2024,2025-03-24,7,循環内,1
0211481,0,2024,2024-12-04,12,心療科,1
0211481,0,2024,2024-12-06,15,心血外,1
0211481,0,2024,2025-03-31,15,心血外,1
0211481,0,2024,2024-05-02,28,放診断,1
0211481,0,2024,2024-05-08,28,放診断,1
0211481,0,2024,2024-05-10,28,放診断,1
0211481,0,2024,2024-05-14,28,放診断,1
0211481,0,2024,2024-05-15,28,放診断,1
0211481,0,2024,2024-05-23,28,放診断,1
0211481,0,2024,2024-05-24,28,放診断,1
0211481,0,2024,2024-06-03,28,放診断,1
0211481,0,2024,2024-06-04,28,放診断,1
0211481,0,2024,2024-06-06,28,放診断,1
0211481,0,2024,2024-06-11,28,放診断,1
0211481,0,2024,2024-06-12,28,放診断,1
0211481,0,2024,2024-06-14,28,放診断,2
0211481,0,2024,2024-06-17,28,放診断,1
0211481,0,2024,2024-06-20,28,放診断,1
0211481,0,2024,2024-06-21,28,放診断,1
0211481,0,2024,2024-06-24,28,放診断,1
0211481,0,2024,2024-06-29,28,放診断,1
0211481,0,2024,2024-07-03,28,放診断,1
0211481,0,2024,2024-07-04,28,放診断,1
0211481,0,2024,2024-07-10,28,放診断,2
0211481,0,2024,2024-07-16,28,放診断,1
0211481,0,2024,2024-07-22,28,放診断,1
0211481,0,2024,2024-07-23,28,放診断,1
0211481,0,2024,2024-07-30,28,放診断,1
0211481,0,2024,2024-07-31,28,放診断,1
0211481,0,2024,2024-08-01,28,放診断,1
0211481,0,2024,2024-08-02,28,放診断,1
0211481,0,2024,2024-08-06,28,放診断,1
0211481,0,2024,2024-08-20,28,放診断,1
0211481,0,2024,2024-08-21,28,放診断,2
0211481,0,2024,2024-08-27,28,放診断,1
0211481,0,2024,2024-10-03,28,放診断,1
0211481,0,2024,2024-10-10,28,放診断,1
0211481,0,2024,2024-10-22,28,放診断,1
0211481,0,2024,2024-10-25,28,放診断,2
0211481,0,2024,2024-10-28,28,放診断,1
0211481,0,2024,2024-10-29,28,放診断,1
0211481,0,2024,2024-10-31,28,放診断,1
0211481,0,2024,2024-11-05,28,放診断,1
0211481,0,2024,2024-11-07,28,放診断,1
0211481,0,2024,2024-11-11,28,放診断,1
0211481,0,2024,2024-11-12,28,放診断,2
0211481,0,2024,2024-11-14,28,放診断,1
0211481,0,2024,2024-11-25,28,放診断,1
0211481,0,2024,2024-11-26,28,放診断,1
0211481,0,2024,2024-12-04,28,放診断,1
0211481,0,2024,2024-12-18,28,放診断,1
0211481,0,2024,2024-12-19,28,放診断,1
0211481,0,2024,2025-01-04,28,放診断,1
0211481,0,2024,2025-01-08,28,放診断,1
0211481,0,2024,2025-01-09,28,放診断,1
0211481,0,2024,2025-01-11,28,放診断,1
0211481,0,2024,2025-01-21,28,放診断,1
0211481,0,2024,2025-01-23,28,放診断,1
0211481,0,2024,2025-01-27,28,放診断,1
0211481,0,2024,2025-02-06,28,放診断,1
0211481,0,2024,2025-02-08,28,放診断,1
0211481,0,2024,2025-02-14,28,放診断,1
0211481,0,2024,2025-02-18,28,放診断,1
0211481,0,2024,2025-02-20,28,放診断,1
0211481,0,2024,2025-02-28,28,放診断,1
0211481,0,2024,2025-03-05,28,放診断,1
0211481,0,2024,2025-03-07,28,放診断,1
0211481,0,2024,2025-03-18,28,放診断,1
0211481,0,2024,2025-03-21,28,放診断,2
0211481,0,2024,2024-05-14,34,救急科,1
0211481,0,2024,2024-07-29,34,救急科,1
0211481,0,2024,2024-10-06,34,救急科,1
0211481,0,2024,2024-11-21,34,救急科,1
0211481,0,2024,2024-11-24,34,救急科,1
0211481,0,2024,2025-01-05,34,救急科,1
0211481,0,2024,2025-01-12,34,救急科,2
0211481,0,2024,2025-01-28,34,救急科,1
0211481,0,2024,2024-05-16,18,整形外,1
0211481,0,2024,2024-05-23,18,整形外,1
0211481,0,2024,2024-05-29,18,整形外,1
0211481,0,2024,2024-05-31,18,整形外,1
0211481,0,2024,2024-06-05,18,整形外,1
0211481,0,2024,2024-06-23,18,整形外,1
0211481,0,2024,2024-07-07,18,整形外,1
0211481,0,2024,2024-07-10,18,整形外,1
0211481,0,2024,2024-07-17,18,整形外,1
0211481,0,2024,2024-07-24,18,整形外,1
0211481,0,2024,2024-08-01,18,整形外,1
0211481,0,2024,2024-10-16,18,整形外,1
0211481,0,2024,2024-10-18,18,整形外,1
0211481,0,2024,2024-10-21,18,整形外,1
0211481,0,2024,2024-11-12,18,整形外,1
0211481,0,2024,2024-12-04,18,整形外,1
0211481,0,2024,2024-12-13,18,整形外,1
0211481,0,2024,2024-12-26,18,整形外,1
0211481,0,2024,2025-01-08,18,整形外,1
0211481,0,2024,2025-01-14,18,整形外,1
0211481,0,2024,2025-01-15,18,整形外,1
0211481,0,2024,2025-02-13,18,整形外,1
0211481,0,2024,2025-02-21,18,整形外,1
0211481,0,2024,2025-03-14,18,整形外,1
0211481,0,2024,2025-03-17,18,整形外,1
0211481,0,2024,2025-02-21,32,歯口外,1
0211481,0,2024,2024-12-09,22,泌尿器,1
0211481,0,2024,2025-01-17,22,泌尿器,1
0211481,0,2024,2025-02-13,22,泌尿器,1
0211481,0,2024,2024-05-15,50,消化内,1
0211481,0,2024,2024-05-21,50,消化内,1
0211481,0,2024,2024-06-03,50,消化内,1
0211481,0,2024,2024-06-14,50,消化内,1
0211481,0,2024,2024-06-18,50,消化内,1
0211481,0,2024,2024-06-24,50,消化内,1
0211481,0,2024,2024-07-04,50,消化内,1
0211481,0,2024,2024-07-08,50,消化内,1
0211481,0,2024,2024-08-06,50,消化内,1
0211481,0,2024,2024-08-15,50,消化内,1
0211481,0,2024,2024-10-10,50,消化内,1
0211481,0,2024,2024-11-11,50,消化内,1
0211481,0,2024,2024-12-05,50,消化内,1
0211481,0,2024,2024-12-13,50,消化内,1
0211481,0,2024,2024-12-18,50,消化内,1
0211481,0,2024,2025-01-08,50,消化内,1
0211481,0,2024,2025-01-10,50,消化内,1
0211481,0,2024,2025-01-15,50,消化内,1
0211481,0,2024,2025-01-19,50,消化内,1
0211481,0,2024,2025-03-03,50,消化内,1
0211481,0,2024,2025-03-05,50,消化内,1
0211481,0,2024,2024-05-23,14,消化外,1
0211481,0,2024,2024-06-13,14,消化外,1
0211481,0,2024,2024-08-15,14,消化外,1
0211481,0,2024,2024-11-25,14,消化外,1
0211481,0,2024,2025-01-17,14,消化外,1
0211481,0,2024,2025-03-27,43,産婦人,1
0211481,0,2024,2024-06-03,21,皮膚科,1
0211481,0,2024,2024-08-13,21,皮膚科,1
0211481,0,2024,2024-08-29,21,皮膚科,1
0211481,0,2024,2024-10-31,21,皮膚科,1
0211481,0,2024,2024-06-20,26,眼科,1
0211481,0,2024,2024-05-21,6,糖尿内,1
0211481,0,2024,2024-05-24,36,総合診,1
0211481,0,2024,2024-06-21,36,総合診,1
0211481,0,2024,2025-03-03,36,総合診,1
0211481,0,2024,2024-07-01,25,耳鼻科,1
0211481,0,2024,2024-07-31,25,耳鼻科,1
0211481,0,2024,2024-10-07,25,耳鼻科,1
0211481,0,2024,2024-10-21,25,耳鼻科,1
0211481,0,2024,2024-10-30,25,耳鼻科,1
0211481,0,2024,2024-11-20,25,耳鼻科,1
0211481,0,2024,2025-02-17,25,耳鼻科,1
0211481,0,2024,2024-05-01,9,脳卒中,1
0211481,0,2024,2024-05-07,2,脳神内,1
0211481,0,2024,2024-05-14,2,脳神内,1
0211481,0,2024,2024-05-26,2,脳神内,1
0211481,0,2024,2024-06-12,2,脳神内,1
0211481,0,2024,2024-07-05,2,脳神内,1
0211481,0,2024,2025-01-09,2,脳神内,1
0211481,0,2024,2025-01-24,2,脳神内,1
0211481,0,2024,2025-03-11,2,脳神内,2
0211481,0,2024,2024-07-08,20,脳神外,1
0211481,0,2024,2024-05-19,8,腎臓内,1
0211481,0,2024,2025-02-26,8,腎臓内,1
0211481,0,2024,2024-06-13,1,血液内,1
0211481,0,2024,2024-06-26,1,血液内,1
0211481,0,2024,2024-07-23,1,血液内,1
0211481,0,2024,2024-08-19,1,血液内,1
0211481,0,2024,2024-10-30,1,血液内,1
0211481,0,2024,2024-10-30,37,麻酔科,1
0211499,0,2024,2024-12-05,17,小児外,1
0211499,0,2024,2024-05-24,19,形成外,1
0211499,0,2024,2024-08-08,50,消化内,1
0211499,0,2024,2024-10-02,50,消化内,1
0211499,0,2024,2024-11-06,43,産婦人,1
0211499,0,2024,2024-07-03,25,耳鼻科,1
0211499,0,2024,2024-07-08,25,耳鼻科,1
0211499,0,2024,2024-07-25,25,耳鼻科,1
0211499,0,2024,2024-10-09,25,耳鼻科,1
0211499,0,2024,2025-01-08,25,耳鼻科,1
0211499,0,2024,2025-01-22,25,耳鼻科,1
0211499,0,2024,2024-12-04,9,脳卒中,1
0211499,0,2024,2024-05-21,2,脳神内,1
0211499,0,2024,2024-07-22,2,脳神内,1
0211499,0,2024,2024-05-10,8,腎臓内,2
0211499,0,2024,2024-06-14,8,腎臓内,1
0211499,0,2024,2024-06-21,8,腎臓内,1
0211499,0,2024,2024-07-05,8,腎臓内,1
0211499,0,2024,2024-07-19,8,腎臓内,1
0211499,0,2024,2024-12-13,8,腎臓内,1
0211499,0,2024,2025-01-10,8,腎臓内,1
0211499,0,2024,2025-01-31,8,腎臓内,1
0211499,0,2024,2025-02-21,8,腎臓内,1
0211499,0,2024,2025-02-28,8,腎臓内,2
0211499,0,2024,2025-03-07,8,腎臓内,1
0211499,0,2024,2025-03-01,1,血液内,1
0211507,0,2024,2024-12-12,7,循環内,1
0211507,0,2024,2025-03-05,6,糖尿内,1
0211515,0,2024,2025-03-05,31,リハ,1
0211515,0,2024,2024-12-19,5,呼吸内,1
0211515,0,2024,2024-12-13,7,循環内,1
0211515,0,2024,2024-06-19,15,心血外,1
0211515,0,2024,2024-06-06,34,救急科,1
0211523,0,2024,2024-12-13,50,消化内,1
0211523,0,2024,2025-01-28,14,消化外,1
0211531,0,2024,2024-05-20,18,整形外,1
0211531,0,2024,2024-07-16,50,消化内,1
0211531,0,2024,2024-11-01,6,糖尿内,1
0211531,0,2024,2025-02-07,8,腎臓内,1
0211549,0,2024,2025-03-27,18,整形外,1
0211549,0,2024,2025-03-26,25,耳鼻科,1
0211549,0,2024,2024-07-18,2,脳神内,1
0211564,0,2024,2024-06-21,16,乳甲外,1
0211606,0,2024,2024-05-13,19,形成外,1
0211606,0,2024,2024-05-23,19,形成外,1
0211606,0,2024,2024-07-11,19,形成外,1
0211606,0,2024,2024-08-22,19,形成外,2
0211606,0,2024,2024-11-06,19,形成外,1
0211606,0,2024,2025-02-10,19,形成外,1
0211606,0,2024,2024-05-01,26,眼科,1
0211606,0,2024,2024-06-03,26,眼科,1
0211606,0,2024,2024-06-07,26,眼科,1
0211606,0,2024,2024-06-12,26,眼科,1
0211606,0,2024,2024-06-24,26,眼科,2
0211606,0,2024,2024-06-27,26,眼科,1
0211606,0,2024,2024-07-09,26,眼科,1
0211606,0,2024,2024-07-10,26,眼科,1
0211606,0,2024,2024-07-16,26,眼科,1
0211606,0,2024,2024-10-01,26,眼科,1
0211606,0,2024,2024-10-03,26,眼科,1
0211606,0,2024,2024-10-04,26,眼科,1
0211606,0,2024,2024-10-21,26,眼科,1
0211606,0,2024,2024-10-28,26,眼科,2
0211606,0,2024,2024-11-11,26,眼科,1
0211606,0,2024,2024-11-18,26,眼科,1
0211606,0,2024,2024-11-25,26,眼科,1
0211606,0,2024,2024-11-28,26,眼科,1
0211606,0,2024,2024-12-06,26,眼科,1
0211606,0,2024,2024-12-27,26,眼科,1
0211606,0,2024,2025-01-08,26,眼科,1
0211606,0,2024,2025-01-20,26,眼科,1
0211606,0,2024,2025-01-22,26,眼科,1
0211606,0,2024,2025-02-25,26,眼科,1
0211606,0,2024,2025-03-05,26,眼科,1
0211606,0,2024,2025-03-13,26,眼科,1
0211606,0,2024,2025-03-14,26,眼科,1
0211606,0,2024,2025-03-31,26,眼科,1
0211630,0,2024,2025-01-29,7,循環内,1
0211630,0,2024,2024-06-25,18,整形外,1
0211630,0,2024,2024-07-16,21,皮膚科,1
0211630,0,2024,2024-05-14,36,総合診,1
0211630,0,2024,2024-06-10,36,総合診,1
0211630,0,2024,2024-07-29,25,耳鼻科,1
0211630,0,2024,2024-11-25,25,耳鼻科,1
0211648,0,2024,2024-05-29,25,耳鼻科,1
0211648,0,2024,2024-06-05,25,耳鼻科,1
0211648,0,2024,2024-06-21,25,耳鼻科,1
0211648,0,2024,2024-06-26,25,耳鼻科,1
0211648,0,2024,2024-06-28,25,耳鼻科,1
0211648,0,2024,2024-08-19,25,耳鼻科,1
0211648,0,2024,2024-10-28,25,耳鼻科,1
0211648,0,2024,2024-12-09,25,耳鼻科,1
0211648,0,2024,2025-01-06,25,耳鼻科,1
0211648,0,2024,2025-03-05,25,耳鼻科,1
0211671,0,2024,2024-05-10,16,乳甲外,1
0211671,0,2024,2025-01-08,7,循環内,1
0211671,0,2024,2024-06-14,34,救急科,1
0211671,0,2024,2024-07-17,34,救急科,1
0211671,0,2024,2024-05-22,18,整形外,1
0211671,0,2024,2024-12-11,25,耳鼻科,1
0211671,0,2024,2024-07-17,9,脳卒中,2
0211671,0,2024,2024-08-08,9,脳卒中,1
0211671,0,2024,2024-12-02,9,脳卒中,1
0211671,0,2024,2025-01-08,9,脳卒中,1
0211671,0,2024,2025-02-27,2,脳神内,1
0211671,0,2024,2024-07-04,20,脳神外,1
0211671,0,2024,2024-10-07,20,脳神外,1
0211671,0,2024,2025-02-27,20,脳神外,1
0211671,0,2024,2025-03-12,20,脳神外,1
0211671,0,2024,2025-03-31,20,脳神外,1
0211697,0,2024,2025-01-31,16,乳甲外,1
0211697,0,2024,2024-08-22,5,呼吸内,1
0211697,0,2024,2025-01-07,5,呼吸内,1
0211697,0,2024,2024-06-05,50,消化内,1
0211697,0,2024,2024-12-10,50,消化内,1
0211697,0,2024,2025-02-05,21,皮膚科,1
0211697,0,2024,2024-10-09,6,糖尿内,1
0211697,0,2024,2025-02-05,6,糖尿内,1
0211697,0,2024,2025-02-12,8,腎臓内,1
0211713,0,2024,2024-05-07,43,産婦人,1
0211713,0,2024,2025-02-26,43,産婦人,1
0211713,0,2024,2025-01-08,21,皮膚科,1
0211721,0,2024,2024-07-26,48,リウ膠,1
0211721,0,2024,2024-08-06,48,リウ膠,1
0211721,0,2024,2024-12-12,10,小児科,1
0211721,0,2024,2024-06-21,19,形成外,1
0211721,0,2024,2024-05-23,7,循環内,1
0211721,0,2024,2024-10-08,7,循環内,1
0211721,0,2024,2024-10-19,28,放診断,1
0211721,0,2024,2024-12-04,28,放診断,1
0211721,0,2024,2024-07-12,34,救急科,1
0211721,0,2024,2024-10-18,22,泌尿器,1
0211721,0,2024,2024-06-14,50,消化内,1
0211721,0,2024,2025-03-21,50,消化内,1
0211721,0,2024,2025-02-19,6,糖尿内,1
0211721,0,2024,2024-08-19,25,耳鼻科,1
0211721,0,2024,2025-01-22,25,耳鼻科,1
0211721,0,2024,2024-12-04,9,脳卒中,1
0211721,0,2024,2024-12-13,9,脳卒中,1
0211721,0,2024,2024-08-21,2,脳神内,1
0211721,0,2024,2024-11-05,2,脳神内,1
0211721,0,2024,2025-01-10,2,脳神内,1
0211739,0,2024,2024-10-30,48,リウ膠,1
0211739,0,2024,2024-11-08,48,リウ膠,1
0211739,0,2024,2024-12-25,48,リウ膠,1
0211739,0,2024,2024-07-09,16,乳甲外,1
0211739,0,2024,2024-10-03,16,乳甲外,1
0211739,0,2024,2024-05-07,5,呼吸内,1
0211739,0,2024,2024-05-28,5,呼吸内,1
0211739,0,2024,2024-08-21,5,呼吸内,1
0211739,0,2024,2024-11-05,5,呼吸内,1
0211739,0,2024,2025-01-24,5,呼吸内,1
0211739,0,2024,2025-02-08,5,呼吸内,1
0211739,0,2024,2025-03-18,5,呼吸内,1
0211739,0,2024,2025-03-19,5,呼吸内,1
0211739,0,2024,2025-03-21,5,呼吸内,1
0211739,0,2024,2024-05-21,7,循環内,1
0211739,0,2024,2024-05-29,7,循環内,1
0211739,0,2024,2024-07-22,7,循環内,1
0211739,0,2024,2024-10-02,7,循環内,1
0211739,0,2024,2024-10-07,7,循環内,1
0211739,0,2024,2024-10-15,7,循環内,1
0211739,0,2024,2024-11-27,7,循環内,1
0211739,0,2024,2024-12-10,7,循環内,1
0211739,0,2024,2024-12-11,7,循環内,1
0211739,0,2024,2024-12-18,7,循環内,1
0211739,0,2024,2025-01-17,7,循環内,1
0211739,0,2024,2025-01-21,7,循環内,1
0211739,0,2024,2025-03-31,7,循環内,1
0211739,0,2024,2024-06-28,15,心血外,1
0211739,0,2024,2024-08-02,15,心血外,1
0211739,0,2024,2024-08-28,15,心血外,1
0211739,0,2024,2024-05-07,28,放診断,1
0211739,0,2024,2024-05-08,28,放診断,1
0211739,0,2024,2024-05-15,28,放診断,1
0211739,0,2024,2024-05-16,28,放診断,1
0211739,0,2024,2024-06-20,28,放診断,1
0211739,0,2024,2024-06-24,28,放診断,1
0211739,0,2024,2024-07-05,28,放診断,1
0211739,0,2024,2024-07-13,28,放診断,1
0211739,0,2024,2024-07-16,28,放診断,1
0211739,0,2024,2024-07-29,28,放診断,1
0211739,0,2024,2024-08-19,28,放診断,1
0211739,0,2024,2024-08-20,28,放診断,1
0211739,0,2024,2024-08-22,28,放診断,1
0211739,0,2024,2024-11-20,28,放診断,2
0211739,0,2024,2024-11-28,28,放診断,1
0211739,0,2024,2024-12-06,28,放診断,1
0211739,0,2024,2024-12-09,28,放診断,1
0211739,0,2024,2024-12-16,28,放診断,1
0211739,0,2024,2025-01-08,28,放診断,1
0211739,0,2024,2024-06-08,34,救急科,1
0211739,0,2024,2024-06-25,34,救急科,1
0211739,0,2024,2024-07-17,34,救急科,1
0211739,0,2024,2024-07-27,34,救急科,1
0211739,0,2024,2024-08-09,34,救急科,1
0211739,0,2024,2024-10-24,34,救急科,1
0211739,0,2024,2025-02-22,34,救急科,1
0211739,0,2024,2025-03-14,34,救急科,1
0211739,0,2024,2024-06-11,18,整形外,1
0211739,0,2024,2024-07-08,18,整形外,1
0211739,0,2024,2025-01-22,18,整形外,1
0211739,0,2024,2025-03-24,18,整形外,1
0211739,0,2024,2025-01-22,22,泌尿器,1
0211739,0,2024,2025-03-31,22,泌尿器,1
0211739,0,2024,2024-06-19,50,消化内,1
0211739,0,2024,2024-07-12,50,消化内,1
0211739,0,2024,2024-08-02,50,消化内,1
0211739,0,2024,2024-08-16,50,消化内,1
0211739,0,2024,2024-10-07,50,消化内,1
0211739,0,2024,2024-10-17,50,消化内,1
0211739,0,2024,2024-11-05,50,消化内,1
0211739,0,2024,2024-12-02,50,消化内,1
0211739,0,2024,2024-12-10,50,消化内,1
0211739,0,2024,2024-12-13,50,消化内,1
0211739,0,2024,2024-12-24,50,消化内,1
0211739,0,2024,2024-12-27,50,消化内,1
0211739,0,2024,2025-01-15,50,消化内,1
0211739,0,2024,2025-01-24,50,消化内,1
0211739,0,2024,2025-02-01,50,消化内,1
0211739,0,2024,2025-02-05,50,消化内,1
0211739,0,2024,2025-02-12,50,消化内,1
0211739,0,2024,2025-03-05,50,消化内,1
0211739,0,2024,2024-10-12,14,消化外,1
0211739,0,2024,2024-12-26,14,消化外,1
0211739,0,2024,2025-02-17,14,消化外,1
0211739,0,2024,2025-03-17,14,消化外,1
0211739,0,2024,2025-01-27,43,産婦人,1
0211739,0,2024,2024-05-08,21,皮膚科,1
0211739,0,2024,2024-10-10,21,皮膚科,1
0211739,0,2024,2024-12-28,21,皮膚科,1
0211739,0,2024,2024-05-24,6,糖尿内,1
0211739,0,2024,2024-10-11,6,糖尿内,1
0211739,0,2024,2024-10-22,6,糖尿内,1
0211739,0,2024,2024-11-27,6,糖尿内,1
0211739,0,2024,2024-12-25,6,糖尿内,1
0211739,0,2024,2024-06-03,36,総合診,1
0211739,0,2024,2024-06-15,36,総合診,1
0211739,0,2024,2024-06-21,36,総合診,1
0211739,0,2024,2024-08-26,36,総合診,1
0211739,0,2024,2024-11-05,36,総合診,1
0211739,0,2024,2024-12-05,36,総合診,1
0211739,0,2024,2025-02-06,36,総合診,1
0211739,0,2024,2024-08-23,25,耳鼻科,1
0211739,0,2024,2024-12-23,25,耳鼻科,1
0211739,0,2024,2024-12-27,25,耳鼻科,1
0211739,0,2024,2024-07-30,9,脳卒中,1
0211739,0,2024,2024-10-09,9,脳卒中,1
0211739,0,2024,2025-03-04,9,脳卒中,1
0211739,0,2024,2024-05-13,2,脳神内,1
0211739,0,2024,2024-06-07,2,脳神内,1
0211739,0,2024,2024-07-06,2,脳神内,1
0211739,0,2024,2024-07-08,2,脳神内,1
0211739,0,2024,2024-07-09,2,脳神内,1
0211739,0,2024,2024-08-17,2,脳神内,1
0211739,0,2024,2024-10-17,2,脳神内,1
0211739,0,2024,2024-10-18,2,脳神内,1
0211739,0,2024,2024-10-28,2,脳神内,1
0211739,0,2024,2024-10-29,2,脳神内,1
0211739,0,2024,2024-11-09,2,脳神内,1
0211739,0,2024,2024-11-18,2,脳神内,1
0211739,0,2024,2024-11-26,2,脳神内,1
0211739,0,2024,2024-12-02,2,脳神内,1
0211739,0,2024,2025-01-11,2,脳神内,1
0211739,0,2024,2025-01-14,2,脳神内,1
0211739,0,2024,2025-01-31,2,脳神内,1
0211739,0,2024,2025-02-20,2,脳神内,1
0211739,0,2024,2024-06-24,8,腎臓内,1
0211739,0,2024,2024-10-02,8,腎臓内,1
0211739,0,2024,2025-01-28,8,腎臓内,1
0211739,0,2024,2024-07-12,1,血液内,1
0211754,0,2024,2024-05-14,21,皮膚科,1
0211754,0,2024,2024-05-17,21,皮膚科,1
0211754,0,2024,2024-06-18,21,皮膚科,1
0211754,0,2024,2024-11-05,21,皮膚科,1
0211762,0,2024,2025-01-08,31,リハ,1
0211770,0,2024,2024-05-01,7,循環内,1
0211788,0,2024,2024-08-08,5,呼吸内,1
0211788,0,2024,2024-07-18,10,小児科,1
0211788,0,2024,2024-11-12,10,小児科,1
0211788,0,2024,2025-03-31,28,放診断,1
0211788,0,2024,2024-05-28,18,整形外,1
0211788,0,2024,2025-02-27,18,整形外,1
0211788,0,2024,2024-11-06,6,糖尿内,1
0211788,0,2024,2024-05-29,36,総合診,1
0211788,0,2024,2025-01-20,2,脳神内,1
0211796,0,2024,2024-10-17,18,整形外,1
0211812,0,2024,2024-05-08,5,呼吸内,1
0211812,0,2024,2024-08-10,5,呼吸内,1
0211812,0,2024,2024-07-19,22,泌尿器,1
0211812,0,2024,2024-12-18,50,消化内,1
0211812,0,2024,2025-03-27,14,消化外,1
0211853,0,2024,2024-06-18,48,リウ膠,1
0211853,0,2024,2025-01-31,48,リウ膠,1
0211853,0,2024,2025-01-04,5,呼吸内,1
0211853,0,2024,2024-06-03,10,小児科,1
0211853,0,2024,2025-03-25,34,救急科,1
0211853,0,2024,2024-06-13,18,整形外,1
0211853,0,2024,2025-01-17,18,整形外,1
0211853,0,2024,2024-06-04,22,泌尿器,1
0211853,0,2024,2024-08-20,22,泌尿器,1
0211853,0,2024,2024-05-09,50,消化内,1
0211853,0,2024,2024-05-11,50,消化内,1
0211853,0,2024,2024-05-16,50,消化内,1
0211853,0,2024,2024-06-27,50,消化内,1
0211853,0,2024,2024-07-03,50,消化内,1
0211853,0,2024,2024-07-13,50,消化内,1
0211853,0,2024,2024-08-16,50,消化内,1
0211853,0,2024,2024-11-19,50,消化内,1
0211853,0,2024,2025-01-31,50,消化内,1
0211853,0,2024,2025-03-12,50,消化内,1
0211853,0,2024,2025-03-26,50,消化内,1
0211853,0,2024,2025-03-28,50,消化内,1
0211853,0,2024,2024-07-11,14,消化外,1
0211853,0,2024,2024-11-08,25,耳鼻科,1
0211853,0,2024,2024-06-18,1,血液内,1
0211853,0,2024,2024-08-09,1,血液内,1
0211853,0,2024,2025-01-20,1,血液内,1
0211861,0,2024,2024-05-15,25,耳鼻科,1
0211861,0,2024,2024-05-29,25,耳鼻科,1
0211861,0,2024,2024-08-14,25,耳鼻科,1
0211861,0,2024,2024-10-28,25,耳鼻科,1
0211861,0,2024,2024-11-11,25,耳鼻科,1
0211861,0,2024,2024-11-27,25,耳鼻科,1
0211861,0,2024,2025-01-15,25,耳鼻科,1
0211861,0,2024,2025-01-20,25,耳鼻科,1
0211861,0,2024,2025-02-05,25,耳鼻科,1
0211887,0,2024,2024-06-28,17,小児外,1
0211887,0,2024,2024-10-10,17,小児外,1
0211887,0,2024,2024-12-19,10,小児科,1
0211887,0,2024,2025-01-14,10,小児科,1
0211887,0,2024,2024-05-01,25,耳鼻科,1
0211887,0,2024,2024-06-19,25,耳鼻科,1
0211887,0,2024,2024-10-07,25,耳鼻科,1
0211911,0,2024,2024-07-22,17,小児外,1
0211911,0,2024,2024-05-24,10,小児科,1
0211911,0,2024,2024-06-10,10,小児科,1
0211911,0,2024,2024-07-24,10,小児科,1
0211911,0,2024,2024-10-23,10,小児科,1
0211911,0,2024,2024-11-01,10,小児科,1
0211911,0,2024,2024-11-13,10,小児科,1
0211911,0,2024,2024-12-11,10,小児科,1
0211911,0,2024,2025-01-15,10,小児科,1
0211911,0,2024,2025-01-29,10,小児科,1
0211911,0,2024,2024-07-16,18,整形外,1
0211911,0,2024,2024-08-28,32,歯口外,1
0211937,0,2024,2025-01-30,18,整形外,1
0211937,0,2024,2025-01-28,20,脳神外,1
0211937,0,2024,2025-03-27,20,脳神外,1
0211952,0,2024,2025-01-29,18,整形外,1
0211960,0,2024,2024-08-22,48,リウ膠,1
0211960,0,2024,2025-03-05,48,リウ膠,1
0211978,0,2024,2024-05-16,6,糖尿内,1
0211986,0,2024,2024-05-24,25,耳鼻科,1
0211994,0,2024,2024-08-07,7,循環内,1
0211994,0,2024,2024-11-27,28,放診断,2
0211994,0,2024,2024-08-21,6,糖尿内,1
0212000,0,2024,2024-06-12,8,腎臓内,1
0212018,0,2024,2024-06-14,25,耳鼻科,2
0212018,0,2024,2024-07-13,25,耳鼻科,1
0212018,0,2024,2024-07-31,25,耳鼻科,1
0212018,0,2024,2024-08-28,25,耳鼻科,1
0212018,0,2024,2025-01-20,25,耳鼻科,1
0212026,0,2024,2024-08-05,48,リウ膠,1
0212026,0,2024,2025-03-26,48,リウ膠,1
0212026,0,2024,2024-07-04,5,呼吸内,1
0212026,0,2024,2024-07-09,19,形成外,1
0212026,0,2024,2024-07-05,28,放診断,1
0212026,0,2024,2024-07-08,28,放診断,1
0212026,0,2024,2024-07-29,28,放診断,1
0212026,0,2024,2024-08-07,28,放診断,1
0212026,0,2024,2024-08-10,28,放診断,1
0212026,0,2024,2024-10-29,28,放診断,1
0212026,0,2024,2024-11-26,28,放診断,1
0212026,0,2024,2025-02-28,28,放診断,1
0212026,0,2024,2025-03-12,28,放診断,1
0212026,0,2024,2025-03-24,28,放診断,1
0212026,0,2024,2025-03-27,28,放診断,2
0212026,0,2024,2024-05-13,26,眼科,1
0212026,0,2024,2024-05-17,26,眼科,1
0212026,0,2024,2024-05-22,26,眼科,1
0212026,0,2024,2024-05-27,26,眼科,1
0212026,0,2024,2024-05-28,26,眼科,2
0212026,0,2024,2024-06-05,26,眼科,1
0212026,0,2024,2024-06-11,26,眼科,1
0212026,0,2024,2024-06-25,26,眼科,2
0212026,0,2024,2024-07-02,26,眼科,1
0212026,0,2024,2024-07-12,26,眼科,1
0212026,0,2024,2024-07-22,26,眼科,1
0212026,0,2024,2024-07-26,26,眼科,2
0212026,0,2024,2024-08-01,26,眼科,1
0212026,0,2024,2024-08-09,26,眼科,1
0212026,0,2024,2024-10-01,26,眼科,1
0212026,0,2024,2024-10-09,26,眼科,1
0212026,0,2024,2024-10-24,26,眼科,2
0212026,0,2024,2024-10-28,26,眼科,1
0212026,0,2024,2024-11-07,26,眼科,1
0212026,0,2024,2024-11-08,26,眼科,1
0212026,0,2024,2024-11-20,26,眼科,1
0212026,0,2024,2024-11-21,26,眼科,1
0212026,0,2024,2024-11-26,26,眼科,2
0212026,0,2024,2024-12-02,26,眼科,1
0212026,0,2024,2024-12-03,26,眼科,2
0212026,0,2024,2024-12-09,26,眼科,1
0212026,0,2024,2024-12-17,26,眼科,1
0212026,0,2024,2024-12-20,26,眼科,1
0212026,0,2024,2025-01-10,26,眼科,1
0212026,0,2024,2025-01-14,26,眼科,2
0212026,0,2024,2025-01-20,26,眼科,1
0212026,0,2024,2025-01-21,26,眼科,1
0212026,0,2024,2025-01-24,26,眼科,1
0212026,0,2024,2025-01-28,26,眼科,1
0212026,0,2024,2025-01-31,26,眼科,1
0212026,0,2024,2025-02-04,26,眼科,1
0212026,0,2024,2025-02-05,26,眼科,1
0212026,0,2024,2025-02-07,26,眼科,1
0212026,0,2024,2025-02-14,26,眼科,1
0212026,0,2024,2025-02-26,26,眼科,1
0212026,0,2024,2025-02-28,26,眼科,1
0212026,0,2024,2025-03-11,26,眼科,2
0212026,0,2024,2025-03-25,26,眼科,1
0212026,0,2024,2025-03-26,26,眼科,3
0212026,0,2024,2025-03-28,26,眼科,2
0212026,0,2024,2024-06-10,25,耳鼻科,1
0212026,0,2024,2024-05-01,2,脳神内,1
0212026,0,2024,2025-02-10,2,脳神内,1
0212026,0,2024,2024-11-07,20,脳神外,1
0212034,0,2024,2024-07-18,17,小児外,1
0212034,0,2024,2025-03-18,17,小児外,1
0212034,0,2024,2024-05-13,10,小児科,1
0212034,0,2024,2024-06-24,10,小児科,1
0212034,0,2024,2024-10-12,10,小児科,1
0212034,0,2024,2025-01-23,50,消化内,1
0212042,0,2024,2024-05-27,43,産婦人,1
0212042,0,2024,2024-06-10,43,産婦人,1
0212042,0,2024,2024-07-16,43,産婦人,1
0212042,0,2024,2024-07-19,43,産婦人,1
0212042,0,2024,2024-08-02,43,産婦人,1
0212042,0,2024,2024-10-11,43,産婦人,1
0212042,0,2024,2024-10-26,43,産婦人,1
0212042,0,2024,2025-01-22,43,産婦人,1
0212042,0,2024,2025-01-23,43,産婦人,1
0212042,0,2024,2025-03-13,43,産婦人,1
0212158,0,2024,2024-08-06,48,リウ膠,1
0212158,0,2024,2024-12-23,48,リウ膠,1
0212158,0,2024,2024-10-23,31,リハ,1
0212158,0,2024,2024-11-22,31,リハ,1
0212158,0,2024,2025-01-17,31,リハ,1
0212158,0,2024,2024-10-10,7,循環内,2
0212158,0,2024,2025-01-16,7,循環内,1
0212158,0,2024,2024-07-03,12,心療科,1
0212158,0,2024,2025-03-26,15,心血外,1
0212158,0,2024,2024-12-29,34,救急科,1
0212158,0,2024,2024-05-08,18,整形外,1
0212158,0,2024,2024-06-13,18,整形外,1
0212158,0,2024,2024-06-20,18,整形外,1
0212158,0,2024,2024-11-11,18,整形外,1
0212158,0,2024,2024-12-18,18,整形外,1
0212158,0,2024,2024-12-25,18,整形外,1
0212158,0,2024,2025-03-19,18,整形外,1
0212158,0,2024,2024-05-21,22,泌尿器,1
0212158,0,2024,2024-08-23,22,泌尿器,1
0212158,0,2024,2025-01-27,22,泌尿器,1
0212158,0,2024,2024-10-10,50,消化内,2
0212158,0,2024,2025-03-28,26,眼科,1
0212158,0,2024,2024-05-08,6,糖尿内,2
0212158,0,2024,2024-06-20,6,糖尿内,1
0212158,0,2024,2024-07-03,25,耳鼻科,1
0212158,0,2024,2024-12-13,25,耳鼻科,1
0212158,0,2024,2024-05-15,9,脳卒中,1
0212158,0,2024,2024-06-17,9,脳卒中,1
0212158,0,2024,2024-12-16,9,脳卒中,1
0212158,0,2024,2025-02-04,9,脳卒中,1
0212158,0,2024,2025-03-03,9,脳卒中,1
0212158,0,2024,2024-05-23,2,脳神内,1
0212158,0,2024,2024-12-25,2,脳神内,1
0212158,0,2024,2024-05-09,20,脳神外,1
0212158,0,2024,2025-01-07,20,脳神外,1
0212158,0,2024,2025-02-10,20,脳神外,1
0212158,0,2024,2024-10-10,8,腎臓内,1
0212166,0,2024,2024-12-28,10,小児科,1
0212166,0,2024,2024-08-23,7,循環内,1
0212166,0,2024,2025-02-17,7,循環内,1
0212166,0,2024,2024-08-23,18,整形外,1
0212166,0,2024,2024-07-16,6,糖尿内,1
0212166,0,2024,2024-07-24,2,脳神内,1
0212166,0,2024,2025-03-31,8,腎臓内,1
0212174,0,2024,2024-10-30,10,小児科,1
0212174,0,2024,2024-12-18,10,小児科,1
0212174,0,2024,2025-01-08,10,小児科,1
0212174,0,2024,2025-02-12,10,小児科,1
0212174,0,2024,2025-02-26,10,小児科,1
0212174,0,2024,2025-03-12,10,小児科,1
0212174,0,2024,2025-03-19,10,小児科,1
0212174,0,2024,2025-02-17,25,耳鼻科,1
0212182,0,2024,2024-11-07,19,形成外,1
0212182,0,2024,2025-02-13,12,心療科,1
0212182,0,2024,2024-10-08,18,整形外,1
0212182,0,2024,2024-06-03,6,糖尿内,1
0212182,0,2024,2024-06-03,8,腎臓内,1
0212208,0,2024,2024-11-02,5,呼吸内,1
0212208,0,2024,2024-10-11,7,循環内,1
0212208,0,2024,2024-06-04,34,救急科,1
0212208,0,2024,2024-11-06,34,救急科,1
0212208,0,2024,2024-10-02,22,泌尿器,1
0212208,0,2024,2024-05-14,50,消化内,1
0212208,0,2024,2024-06-18,50,消化内,1
0212208,0,2024,2024-08-05,50,消化内,1
0212208,0,2024,2025-01-06,50,消化内,1
0212208,0,2024,2024-07-29,14,消化外,1
0212208,0,2024,2025-03-12,36,総合診,1
0212208,0,2024,2025-02-28,2,脳神内,1
0212208,0,2024,2025-03-28,8,腎臓内,1
0212216,0,2024,2024-08-23,12,心療科,1
0212216,0,2024,2024-12-17,21,皮膚科,1
0212216,0,2024,2024-08-28,25,耳鼻科,1
0212216,0,2024,2024-07-02,2,脳神内,1
0212216,0,2024,2024-08-19,2,脳神内,1
0212216,0,2024,2024-10-15,2,脳神内,1
0212216,0,2024,2024-10-17,2,脳神内,1
0212216,0,2024,2024-10-29,2,脳神内,1
0212216,0,2024,2024-11-08,2,脳神内,1
0212224,0,2024,2024-08-29,5,呼吸内,1
0212224,0,2024,2024-10-04,5,呼吸内,1
0212224,0,2024,2024-06-06,7,循環内,1
0212224,0,2024,2024-06-18,7,循環内,1
0212224,0,2024,2024-07-23,7,循環内,1
0212224,0,2024,2024-10-10,7,循環内,1
0212224,0,2024,2024-11-07,7,循環内,1
0212224,0,2024,2025-01-24,15,心血外,1
0212224,0,2024,2025-02-28,15,心血外,1
0212224,0,2024,2025-03-28,15,心血外,1
0212224,0,2024,2024-05-14,34,救急科,1
0212224,0,2024,2024-06-17,34,救急科,1
0212224,0,2024,2025-01-13,34,救急科,1
0212224,0,2024,2025-02-11,34,救急科,1
0212224,0,2024,2024-05-07,18,整形外,1
0212224,0,2024,2024-06-13,18,整形外,1
0212224,0,2024,2024-07-09,18,整形外,1
0212224,0,2024,2024-10-01,18,整形外,1
0212224,0,2024,2024-11-26,22,泌尿器,1
0212224,0,2024,2024-12-27,22,泌尿器,1
0212224,0,2024,2025-01-06,22,泌尿器,1
0212224,0,2024,2024-06-19,50,消化内,1
0212224,0,2024,2024-08-01,50,消化内,1
0212224,0,2024,2024-10-17,50,消化内,1
0212224,0,2024,2025-03-28,50,消化内,1
0212224,0,2024,2024-06-10,14,消化外,1
0212224,0,2024,2024-05-23,21,皮膚科,1
0212224,0,2024,2024-05-02,2,脳神内,1
0212224,0,2024,2025-03-07,2,脳神内,1
0212224,0,2024,2024-11-21,20,脳神外,1
0212224,0,2024,2025-01-06,20,脳神外,1
0212224,0,2024,2024-05-10,8,腎臓内,1
0212224,0,2024,2024-05-17,8,腎臓内,1
0212224,0,2024,2024-05-31,8,腎臓内,1
0212224,0,2024,2024-06-07,8,腎臓内,1
0212224,0,2024,2024-06-13,8,腎臓内,1
0212224,0,2024,2024-06-14,8,腎臓内,3
0212224,0,2024,2024-06-18,8,腎臓内,1
0212224,0,2024,2024-07-12,8,腎臓内,2
0212224,0,2024,2024-08-09,8,腎臓内,1
0212224,0,2024,2024-08-30,8,腎臓内,1
0212224,0,2024,2024-10-11,8,腎臓内,1
0212224,0,2024,2024-10-18,8,腎臓内,2
0212224,0,2024,2024-10-25,8,腎臓内,1
0212224,0,2024,2024-11-01,8,腎臓内,1
0212224,0,2024,2024-11-08,8,腎臓内,1
0212224,0,2024,2024-11-22,8,腎臓内,1
0212224,0,2024,2024-11-29,8,腎臓内,1
0212224,0,2024,2024-12-06,8,腎臓内,1
0212224,0,2024,2024-12-20,8,腎臓内,1
0212224,0,2024,2025-01-10,8,腎臓内,2
0212224,0,2024,2025-01-22,8,腎臓内,1
0212224,0,2024,2025-01-24,8,腎臓内,1
0212224,0,2024,2025-01-31,8,腎臓内,1
0212224,0,2024,2025-02-28,8,腎臓内,1
0212224,0,2024,2025-03-07,8,腎臓内,2
0212240,0,2024,2024-10-18,7,循環内,1
0212240,0,2024,2024-11-01,15,心血外,1
0212240,0,2024,2025-01-10,15,心血外,1
0212240,0,2024,2024-07-27,34,救急科,1
0212240,0,2024,2025-02-12,32,歯口外,1
0212240,0,2024,2024-12-27,22,泌尿器,1
0212240,0,2024,2025-01-22,6,糖尿内,1
0212265,0,2024,2024-10-15,7,循環内,1
0212265,0,2024,2024-05-01,50,消化内,1
0212265,0,2024,2024-05-22,50,消化内,1
0212265,0,2024,2024-05-27,50,消化内,1
0212265,0,2024,2025-03-13,43,産婦人,1
0212265,0,2024,2024-06-27,6,糖尿内,1
0212265,0,2024,2024-10-24,36,総合診,1
0212265,0,2024,2025-01-16,2,脳神内,1
0212299,0,2024,2024-05-31,48,リウ膠,1
0212299,0,2024,2024-11-20,48,リウ膠,1
0212299,0,2024,2025-03-04,48,リウ膠,1
0212299,0,2024,2024-06-27,5,呼吸内,1
0212299,0,2024,2024-08-06,5,呼吸内,1
0212299,0,2024,2024-10-11,5,呼吸内,1
0212299,0,2024,2024-12-12,5,呼吸内,1
0212299,0,2024,2024-08-05,13,呼吸外,1
0212299,0,2024,2024-08-21,13,呼吸外,1
0212299,0,2024,2025-01-07,19,形成外,1
0212299,0,2024,2024-05-29,7,循環内,1
0212299,0,2024,2024-06-07,7,循環内,1
0212299,0,2024,2024-08-14,7,循環内,1
0212299,0,2024,2024-08-26,7,循環内,1
0212299,0,2024,2024-11-20,7,循環内,1
0212299,0,2024,2025-01-10,7,循環内,1
0212299,0,2024,2025-01-31,7,循環内,1
0212299,0,2024,2025-03-10,7,循環内,2
0212299,0,2024,2024-07-05,15,心血外,1
0212299,0,2024,2024-06-11,28,放診断,1
0212299,0,2024,2024-06-11,34,救急科,1
0212299,0,2024,2025-01-01,34,救急科,1
0212299,0,2024,2024-06-24,32,歯口外,1
0212299,0,2024,2024-05-02,22,泌尿器,1
0212299,0,2024,2024-07-10,22,泌尿器,1
0212299,0,2024,2024-12-25,22,泌尿器,1
0212299,0,2024,2024-05-10,50,消化内,1
0212299,0,2024,2024-05-31,50,消化内,2
0212299,0,2024,2024-07-29,50,消化内,1
0212299,0,2024,2024-08-19,50,消化内,1
0212299,0,2024,2024-08-22,50,消化内,1
0212299,0,2024,2024-10-09,50,消化内,1
0212299,0,2024,2024-10-25,50,消化内,2
0212299,0,2024,2024-11-08,50,消化内,1
0212299,0,2024,2024-11-12,50,消化内,1
0212299,0,2024,2024-11-20,50,消化内,1
0212299,0,2024,2024-12-02,50,消化内,1
0212299,0,2024,2024-12-04,50,消化内,1
0212299,0,2024,2024-12-25,50,消化内,2
0212299,0,2024,2024-12-26,50,消化内,1
0212299,0,2024,2025-01-27,50,消化内,1
0212299,0,2024,2025-01-29,50,消化内,1
0212299,0,2024,2025-02-07,50,消化内,1
0212299,0,2024,2025-02-12,50,消化内,1
0212299,0,2024,2025-02-14,50,消化内,1
0212299,0,2024,2025-03-19,50,消化内,1
0212299,0,2024,2024-05-23,14,消化外,1
0212299,0,2024,2024-11-26,14,消化外,1
0212299,0,2024,2024-12-10,14,消化外,1
0212299,0,2024,2025-03-13,14,消化外,1
0212299,0,2024,2025-03-27,14,消化外,1
0212299,0,2024,2024-06-18,21,皮膚科,1
0212299,0,2024,2024-07-10,21,皮膚科,1
0212299,0,2024,2024-11-09,21,皮膚科,1
0212299,0,2024,2024-06-10,26,眼科,1
0212299,0,2024,2024-07-24,6,糖尿内,1
0212299,0,2024,2024-10-09,6,糖尿内,1
0212299,0,2024,2024-06-17,36,総合診,1
0212299,0,2024,2024-06-03,25,耳鼻科,1
0212299,0,2024,2024-06-14,25,耳鼻科,1
0212299,0,2024,2024-05-13,9,脳卒中,1
0212299,0,2024,2024-06-28,9,脳卒中,1
0212299,0,2024,2024-06-04,2,脳神内,1
0212299,0,2024,2024-07-08,2,脳神内,1
0212299,0,2024,2024-08-20,2,脳神内,2
0212299,0,2024,2024-12-04,2,脳神内,1
0212299,0,2024,2025-02-26,2,脳神内,1
0212299,0,2024,2024-07-13,8,腎臓内,1
0212299,0,2024,2024-07-19,8,腎臓内,1
0212299,0,2024,2025-01-27,8,腎臓内,1
0212299,0,2024,2024-07-16,1,血液内,1
0212323,0,2024,2025-03-27,10,小児科,1
0212331,0,2024,2024-05-08,15,心血外,1
0212331,0,2024,2025-03-10,34,救急科,1
0212331,0,2024,2025-03-07,50,消化内,1
0212331,0,2024,2025-03-28,50,消化内,1
0212331,0,2024,2024-10-16,2,脳神内,1
0212364,0,2024,2024-06-03,21,皮膚科,1
0212364,0,2024,2024-06-14,21,皮膚科,1
0212364,0,2024,2024-07-25,21,皮膚科,1
0212364,0,2024,2024-07-26,21,皮膚科,1
0212372,0,2024,2024-08-21,48,リウ膠,1
0212372,0,2024,2025-01-23,19,形成外,1
0212372,0,2024,2024-05-14,18,整形外,1
0212372,0,2024,2024-10-23,18,整形外,1
0212372,0,2024,2024-12-13,18,整形外,1
0212372,0,2024,2024-07-13,22,泌尿器,1
0212372,0,2024,2024-07-09,50,消化内,1
0212372,0,2024,2024-12-17,50,消化内,1
0212372,0,2024,2025-02-10,50,消化内,1
0212372,0,2024,2025-02-12,50,消化内,1
0212372,0,2024,2024-07-02,26,眼科,1
0212372,0,2024,2024-07-11,26,眼科,1
0212372,0,2024,2025-03-14,26,眼科,1
0212372,0,2024,2024-05-16,6,糖尿内,1
0212372,0,2024,2025-01-28,36,総合診,1
0212372,0,2024,2024-07-30,25,耳鼻科,1
0212372,0,2024,2025-03-12,25,耳鼻科,1
0212372,0,2024,2024-08-16,8,腎臓内,1
0212372,0,2024,2025-01-16,1,血液内,1
0212380,0,2024,2025-03-17,7,循環内,1
0212380,0,2024,2024-07-19,28,放診断,1
0212380,0,2024,2024-07-23,50,消化内,1
0212380,0,2024,2024-12-02,50,消化内,1
0212380,0,2024,2024-12-09,50,消化内,1
0212380,0,2024,2025-01-15,50,消化内,1
0212380,0,2024,2024-05-01,8,腎臓内,1
0212380,0,2024,2024-07-12,8,腎臓内,1
0212380,0,2024,2024-12-20,8,腎臓内,1
0212398,0,2024,2025-01-06,5,呼吸内,1
0212398,0,2024,2025-02-21,19,形成外,1
0212398,0,2024,2024-07-29,7,循環内,1
0212398,0,2024,2024-10-22,7,循環内,1
0212398,0,2024,2024-05-05,34,救急科,1
0212398,0,2024,2024-08-11,34,救急科,1
0212398,0,2024,2024-06-12,18,整形外,1
0212398,0,2024,2024-07-19,18,整形外,1
0212398,0,2024,2024-11-25,18,整形外,1
0212398,0,2024,2024-06-05,22,泌尿器,1
0212398,0,2024,2024-05-15,50,消化内,1
0212398,0,2024,2024-11-05,50,消化内,1
0212398,0,2024,2024-06-04,21,皮膚科,1
0212398,0,2024,2024-11-08,21,皮膚科,1
0212398,0,2024,2024-05-10,36,総合診,1
0212398,0,2024,2025-03-12,25,耳鼻科,1
0212398,0,2024,2024-08-09,2,脳神内,1
0212398,0,2024,2024-12-25,2,脳神内,1
0212414,0,2024,2025-01-29,18,整形外,1
0212414,0,2024,2024-08-02,9,脳卒中,1
0212414,0,2024,2025-01-22,9,脳卒中,1
0212414,0,2024,2024-11-11,2,脳神内,1
0212414,0,2024,2025-02-27,2,脳神内,1
0212414,0,2024,2025-03-28,20,脳神外,1
0212422,0,2024,2025-01-15,32,歯口外,1
0212422,0,2024,2024-12-20,21,皮膚科,1
0212430,0,2024,2024-11-05,48,リウ膠,1
0212430,0,2024,2024-12-27,48,リウ膠,1
0212430,0,2024,2024-06-14,16,乳甲外,1
0212430,0,2024,2025-02-21,5,呼吸内,1
0212430,0,2024,2025-02-22,5,呼吸内,1
0212430,0,2024,2024-07-24,10,小児科,1
0212430,0,2024,2024-05-11,7,循環内,1
0212430,0,2024,2024-06-24,7,循環内,1
0212430,0,2024,2024-07-08,7,循環内,1
0212430,0,2024,2024-08-09,7,循環内,1
0212430,0,2024,2024-06-07,15,心血外,1
0212430,0,2024,2024-06-24,15,心血外,1
0212430,0,2024,2024-08-09,15,心血外,1
0212430,0,2024,2024-07-24,18,整形外,1
0212430,0,2024,2024-10-09,18,整形外,1
0212430,0,2024,2024-05-16,50,消化内,1
0212430,0,2024,2024-07-03,21,皮膚科,1
0212430,0,2024,2024-07-12,21,皮膚科,1
0212430,0,2024,2024-08-05,21,皮膚科,1
0212430,0,2024,2024-10-09,21,皮膚科,1
0212430,0,2024,2024-12-04,21,皮膚科,1
0212430,0,2024,2025-02-28,21,皮膚科,1
0212430,0,2024,2024-05-09,6,糖尿内,1
0212430,0,2024,2024-06-20,6,糖尿内,1
0212430,0,2024,2024-07-02,6,糖尿内,1
0212430,0,2024,2024-10-03,6,糖尿内,1
0212430,0,2024,2024-10-15,6,糖尿内,1
0212430,0,2024,2024-12-05,6,糖尿内,1
0212430,0,2024,2025-01-28,6,糖尿内,1
0212430,0,2024,2024-06-08,36,総合診,1
0212430,0,2024,2024-05-07,25,耳鼻科,1
0212430,0,2024,2024-07-01,25,耳鼻科,1
0212430,0,2024,2024-07-17,25,耳鼻科,1
0212430,0,2024,2024-07-29,25,耳鼻科,1
0212430,0,2024,2024-08-07,25,耳鼻科,1
0212430,0,2024,2024-08-21,25,耳鼻科,1
0212430,0,2024,2024-08-26,25,耳鼻科,1
0212430,0,2024,2024-08-31,25,耳鼻科,1
0212430,0,2024,2024-10-16,25,耳鼻科,2
0212430,0,2024,2024-10-28,25,耳鼻科,1
0212430,0,2024,2024-11-06,25,耳鼻科,1
0212430,0,2024,2024-11-11,25,耳鼻科,1
0212430,0,2024,2024-11-25,25,耳鼻科,1
0212430,0,2024,2025-02-05,25,耳鼻科,1
0212430,0,2024,2025-02-19,25,耳鼻科,1
0212430,0,2024,2024-06-07,2,脳神内,1
0212430,0,2024,2024-06-17,2,脳神内,1
0212430,0,2024,2024-10-22,2,脳神内,1
0212430,0,2024,2024-11-22,2,脳神内,1
0212430,0,2024,2024-12-20,2,脳神内,1
0212430,0,2024,2025-02-25,2,脳神内,1
0212430,0,2024,2025-03-03,2,脳神内,1
0212430,0,2024,2024-06-20,8,腎臓内,1
0212430,0,2024,2024-07-26,8,腎臓内,1
0212430,0,2024,2024-08-02,8,腎臓内,1
0212430,0,2024,2024-11-01,8,腎臓内,1
0212430,0,2024,2025-02-21,8,腎臓内,1
0212448,0,2024,2024-05-29,16,乳甲外,1
0212448,0,2024,2025-01-24,5,呼吸内,1
0212448,0,2024,2025-03-10,5,呼吸内,1
0212448,0,2024,2024-07-02,7,循環内,1
0212448,0,2024,2024-10-11,7,循環内,1
0212448,0,2024,2024-11-26,7,循環内,1
0212448,0,2024,2025-03-04,7,循環内,1
0212448,0,2024,2024-08-30,15,心血外,1
0212448,0,2024,2025-02-28,28,放診断,1
0212448,0,2024,2024-05-20,34,救急科,1
0212448,0,2024,2025-01-07,50,消化内,1
0212448,0,2024,2025-01-15,50,消化内,1
0212448,0,2024,2024-05-07,2,脳神内,1
0212448,0,2024,2024-07-04,2,脳神内,1
0212455,0,2024,2025-03-10,18,整形外,1
0212455,0,2024,2025-03-25,18,整形外,1
0212455,0,2024,2025-02-28,43,産婦人,1
0212455,0,2024,2024-06-28,20,脳神外,1
0212463,0,2024,2024-07-01,50,消化内,1
0212463,0,2024,2024-10-09,50,消化内,1
0212463,0,2024,2024-12-10,50,消化内,1
0212463,0,2024,2024-06-05,25,耳鼻科,1
0212463,0,2024,2024-07-19,25,耳鼻科,1
0212463,0,2024,2024-07-24,25,耳鼻科,1
0212463,0,2024,2024-07-26,25,耳鼻科,1
0212463,0,2024,2024-08-05,25,耳鼻科,1
0212463,0,2024,2024-08-20,25,耳鼻科,1
0212463,0,2024,2024-08-30,25,耳鼻科,1
0212463,0,2024,2024-10-04,25,耳鼻科,1
0212463,0,2024,2024-10-07,25,耳鼻科,1
0212463,0,2024,2024-11-18,25,耳鼻科,2
0212463,0,2024,2024-11-22,25,耳鼻科,1
0212463,0,2024,2024-11-25,25,耳鼻科,1
0212463,0,2024,2024-12-02,25,耳鼻科,1
0212463,0,2024,2025-02-05,25,耳鼻科,1
0212489,0,2024,2024-11-19,48,リウ膠,1
0212489,0,2024,2024-11-26,48,リウ膠,1
0212489,0,2024,2025-02-14,19,形成外,1
0212489,0,2024,2025-03-14,19,形成外,1
0212489,0,2024,2024-07-05,18,整形外,1
0212489,0,2024,2024-05-08,25,耳鼻科,1
0212489,0,2024,2024-05-25,25,耳鼻科,1
0212489,0,2024,2024-06-19,25,耳鼻科,1
0212489,0,2024,2024-08-02,25,耳鼻科,1
0212489,0,2024,2024-08-07,25,耳鼻科,1
0212489,0,2024,2024-11-09,25,耳鼻科,1
0212489,0,2024,2024-11-13,25,耳鼻科,1
0212489,0,2024,2024-12-18,25,耳鼻科,1
0212489,0,2024,2025-01-17,25,耳鼻科,1
0212489,0,2024,2025-02-14,25,耳鼻科,1
0212489,0,2024,2025-02-19,25,耳鼻科,4
0212489,0,2024,2025-03-25,25,耳鼻科,1
0212489,0,2024,2024-12-05,2,脳神内,1
0212513,0,2024,2025-02-19,19,形成外,1
0212513,0,2024,2024-05-20,21,皮膚科,1
0212513,0,2024,2024-07-03,21,皮膚科,1
0212513,0,2024,2024-10-15,21,皮膚科,1
0212521,0,2024,2025-03-26,2,脳神内,1
0212547,0,2024,2025-03-31,12,心療科,1
0212547,0,2024,2024-11-06,43,産婦人,1
0212547,0,2024,2025-02-19,36,総合診,1
0212547,0,2024,2025-02-27,36,総合診,1
0212554,0,2024,2024-05-07,48,リウ膠,1
0212554,0,2024,2024-06-10,16,乳甲外,1
0212554,0,2024,2024-08-06,16,乳甲外,1
0212554,0,2024,2024-08-19,16,乳甲外,1
0212554,0,2024,2024-11-26,16,乳甲外,1
0212554,0,2024,2024-12-02,16,乳甲外,1
0212554,0,2024,2025-01-08,16,乳甲外,1
0212554,0,2024,2025-01-09,16,乳甲外,1
0212554,0,2024,2025-01-10,16,乳甲外,1
0212554,0,2024,2025-01-24,16,乳甲外,1
0212554,0,2024,2025-02-07,16,乳甲外,1
0212554,0,2024,2025-02-21,16,乳甲外,1
0212554,0,2024,2025-03-28,16,乳甲外,1
0212554,0,2024,2024-07-31,5,呼吸内,1
0212554,0,2024,2024-11-29,5,呼吸内,1
0212554,0,2024,2025-01-30,5,呼吸内,1
0212554,0,2024,2025-02-14,13,呼吸外,1
0212554,0,2024,2024-07-16,17,小児外,1
0212554,0,2024,2024-08-07,10,小児科,2
0212554,0,2024,2024-06-24,19,形成外,1
0212554,0,2024,2024-06-25,19,形成外,1
0212554,0,2024,2024-07-25,19,形成外,1
0212554,0,2024,2024-10-21,19,形成外,1
0212554,0,2024,2024-11-07,19,形成外,1
0212554,0,2024,2024-11-14,19,形成外,1
0212554,0,2024,2024-05-16,7,循環内,1
0212554,0,2024,2024-05-21,7,循環内,1
0212554,0,2024,2025-02-25,7,循環内,1
0212554,0,2024,2024-07-29,12,心療科,1
0212554,0,2024,2025-03-21,12,心療科,1
0212554,0,2024,2024-05-29,15,心血外,1
0212554,0,2024,2024-06-12,15,心血外,1
0212554,0,2024,2024-06-14,15,心血外,1
0212554,0,2024,2024-07-03,15,心血外,1
0212554,0,2024,2024-07-29,15,心血外,1
0212554,0,2024,2024-10-09,15,心血外,1
0212554,0,2024,2024-12-04,15,心血外,1
0212554,0,2024,2024-12-20,15,心血外,1
0212554,0,2024,2024-12-27,15,心血外,1
0212554,0,2024,2025-01-17,15,心血外,1
0212554,0,2024,2025-01-24,15,心血外,1
0212554,0,2024,2025-03-26,15,心血外,1
0212554,0,2024,2024-12-02,28,放診断,1
0212554,0,2024,2024-06-10,18,整形外,1
0212554,0,2024,2024-06-24,18,整形外,1
0212554,0,2024,2024-07-08,18,整形外,1
0212554,0,2024,2024-07-09,18,整形外,1
0212554,0,2024,2024-07-17,18,整形外,1
0212554,0,2024,2024-07-26,18,整形外,1
0212554,0,2024,2024-10-08,18,整形外,1
0212554,0,2024,2024-10-10,18,整形外,1
0212554,0,2024,2024-10-28,18,整形外,1
0212554,0,2024,2024-10-29,18,整形外,1
0212554,0,2024,2024-11-07,18,整形外,1
0212554,0,2024,2025-02-25,18,整形外,1
0212554,0,2024,2025-03-18,18,整形外,1
0212554,0,2024,2024-05-31,22,泌尿器,1
0212554,0,2024,2024-07-03,22,泌尿器,1
0212554,0,2024,2024-10-21,22,泌尿器,1
0212554,0,2024,2024-10-28,22,泌尿器,1
0212554,0,2024,2025-01-17,22,泌尿器,1
0212554,0,2024,2024-05-07,50,消化内,1
0212554,0,2024,2024-05-15,50,消化内,1
0212554,0,2024,2024-07-19,50,消化内,1
0212554,0,2024,2024-12-24,50,消化内,1
0212554,0,2024,2025-01-27,50,消化内,1
0212554,0,2024,2024-06-03,14,消化外,1
0212554,0,2024,2024-08-01,14,消化外,1
0212554,0,2024,2024-05-27,43,産婦人,1
0212554,0,2024,2024-08-02,21,皮膚科,1
0212554,0,2024,2024-10-22,21,皮膚科,1
0212554,0,2024,2024-10-28,21,皮膚科,1
0212554,0,2024,2024-12-16,21,皮膚科,1
0212554,0,2024,2024-12-27,21,皮膚科,1
0212554,0,2024,2025-01-20,21,皮膚科,1
0212554,0,2024,2025-01-23,21,皮膚科,1
0212554,0,2024,2025-03-31,21,皮膚科,1
0212554,0,2024,2024-05-15,6,糖尿内,1
0212554,0,2024,2025-03-12,6,糖尿内,1
0212554,0,2024,2024-08-20,36,総合診,1
0212554,0,2024,2024-05-29,25,耳鼻科,1
0212554,0,2024,2024-10-23,25,耳鼻科,1
0212554,0,2024,2024-05-22,2,脳神内,1
0212554,0,2024,2024-11-07,2,脳神内,1
0212554,0,2024,2024-11-13,2,脳神内,1
0212554,0,2024,2024-12-16,2,脳神内,1
0212554,0,2024,2024-12-21,2,脳神内,1
0212554,0,2024,2025-01-08,2,脳神内,1
0212554,0,2024,2025-01-18,2,脳神内,1
0212554,0,2024,2025-03-07,2,脳神内,1
0212554,0,2024,2025-03-17,2,脳神内,1
0212554,0,2024,2024-06-10,8,腎臓内,1
0212554,0,2024,2024-07-29,8,腎臓内,1
0212554,0,2024,2024-10-25,8,腎臓内,1
0212554,0,2024,2024-11-11,8,腎臓内,1
0212554,0,2024,2024-12-21,8,腎臓内,1
0212554,0,2024,2025-01-20,8,腎臓内,1
0212554,0,2024,2025-01-27,8,腎臓内,1
0212554,0,2024,2025-02-04,8,腎臓内,1
0212554,0,2024,2025-02-10,8,腎臓内,1
0212554,0,2024,2025-02-28,8,腎臓内,1
0212554,0,2024,2025-03-31,8,腎臓内,1
0212554,0,2024,2024-10-10,1,血液内,1
0212554,0,2024,2025-01-20,1,血液内,1
0212554,0,2024,2024-05-08,37,麻酔科,1
0212554,0,2024,2024-08-07,37,麻酔科,1
0212554,0,2024,2024-08-27,37,麻酔科,1
0212562,0,2024,2024-06-20,18,整形外,1
0212562,0,2024,2024-08-27,18,整形外,1
0212562,0,2024,2024-10-03,18,整形外,1
0212562,0,2024,2024-11-26,18,整形外,1
0212562,0,2024,2025-02-19,18,整形外,1
0212562,0,2024,2024-11-20,43,産婦人,1
0212570,0,2024,2025-01-20,16,乳甲外,1
0212570,0,2024,2024-06-06,5,呼吸内,1
0212570,0,2024,2024-07-09,17,小児外,1
0212570,0,2024,2024-06-22,10,小児科,1
0212570,0,2024,2024-08-03,10,小児科,1
0212570,0,2024,2024-10-28,10,小児科,1
0212570,0,2024,2024-11-26,10,小児科,1
0212570,0,2024,2024-11-29,10,小児科,1
0212570,0,2024,2024-12-15,10,小児科,1
0212570,0,2024,2024-12-25,10,小児科,1
0212570,0,2024,2025-01-09,10,小児科,1
0212570,0,2024,2025-02-12,10,小児科,1
0212570,0,2024,2024-06-03,19,形成外,1
0212570,0,2024,2024-11-18,19,形成外,1
0212570,0,2024,2024-12-23,19,形成外,1
0212570,0,2024,2024-10-17,7,循環内,1
0212570,0,2024,2025-02-01,34,救急科,1
0212570,0,2024,2025-02-28,34,救急科,1
0212570,0,2024,2024-07-30,18,整形外,1
0212570,0,2024,2024-08-30,18,整形外,1
0212570,0,2024,2025-03-28,18,整形外,1
0212570,0,2024,2024-07-18,50,消化内,1
0212570,0,2024,2024-07-25,50,消化内,1
0212570,0,2024,2024-10-17,50,消化内,1
0212570,0,2024,2024-05-08,43,産婦人,1
0212570,0,2024,2024-05-10,43,産婦人,1
0212570,0,2024,2024-05-25,43,産婦人,1
0212570,0,2024,2024-05-30,43,産婦人,1
0212570,0,2024,2024-05-31,43,産婦人,1
0212570,0,2024,2024-06-02,43,産婦人,1
0212570,0,2024,2024-06-06,43,産婦人,1
0212570,0,2024,2024-06-13,43,産婦人,1
0212570,0,2024,2024-06-18,43,産婦人,2
0212570,0,2024,2024-06-20,43,産婦人,1
0212570,0,2024,2024-06-24,43,産婦人,2
0212570,0,2024,2024-07-01,43,産婦人,1
0212570,0,2024,2024-07-07,43,産婦人,1
0212570,0,2024,2024-07-11,43,産婦人,1
0212570,0,2024,2024-07-16,43,産婦人,1
0212570,0,2024,2024-07-22,43,産婦人,1
0212570,0,2024,2024-07-25,43,産婦人,1
0212570,0,2024,2024-07-26,43,産婦人,2
0212570,0,2024,2024-08-07,43,産婦人,1
0212570,0,2024,2024-08-08,43,産婦人,1
0212570,0,2024,2024-08-09,43,産婦人,1
0212570,0,2024,2024-08-11,43,産婦人,1
0212570,0,2024,2024-08-16,43,産婦人,1
0212570,0,2024,2024-08-21,43,産婦人,1
0212570,0,2024,2024-10-02,43,産婦人,1
0212570,0,2024,2024-10-03,43,産婦人,1
0212570,0,2024,2024-10-11,43,産婦人,1
0212570,0,2024,2024-10-23,43,産婦人,1
0212570,0,2024,2024-10-28,43,産婦人,1
0212570,0,2024,2024-10-29,43,産婦人,1
0212570,0,2024,2024-11-12,43,産婦人,1
0212570,0,2024,2024-11-13,43,産婦人,1
0212570,0,2024,2024-11-18,43,産婦人,1
0212570,0,2024,2024-11-19,43,産婦人,1
0212570,0,2024,2024-11-20,43,産婦人,1
0212570,0,2024,2024-12-05,43,産婦人,1
0212570,0,2024,2024-12-09,43,産婦人,1
0212570,0,2024,2024-12-10,43,産婦人,1
0212570,0,2024,2024-12-18,43,産婦人,1
0212570,0,2024,2024-12-20,43,産婦人,1
0212570,0,2024,2024-12-23,43,産婦人,1
0212570,0,2024,2024-12-27,43,産婦人,2
0212570,0,2024,2025-01-06,43,産婦人,1
0212570,0,2024,2025-01-07,43,産婦人,1
0212570,0,2024,2025-01-30,43,産婦人,1
0212570,0,2024,2025-02-05,43,産婦人,2
0212570,0,2024,2025-02-09,43,産婦人,1
0212570,0,2024,2025-02-18,43,産婦人,1
0212570,0,2024,2025-02-20,43,産婦人,1
0212570,0,2024,2025-03-11,43,産婦人,1
0212570,0,2024,2025-03-13,43,産婦人,1
0212570,0,2024,2024-08-05,21,皮膚科,1
0212570,0,2024,2024-11-11,21,皮膚科,1
0212570,0,2024,2025-01-22,21,皮膚科,1
0212570,0,2024,2024-07-25,36,総合診,1
0212570,0,2024,2024-08-22,36,総合診,1
0212570,0,2024,2024-10-21,36,総合診,1
0212570,0,2024,2025-03-01,2,脳神内,1
0212570,0,2024,2025-03-04,2,脳神内,1
0212588,0,2024,2024-05-15,26,眼科,1
0212588,0,2024,2024-08-09,26,眼科,1
0212588,0,2024,2024-10-07,26,眼科,1
0212588,0,2024,2025-01-08,26,眼科,1
0212588,0,2024,2025-01-29,26,眼科,1
0212588,0,2024,2025-03-24,26,眼科,1
0212596,0,2024,2025-01-18,34,救急科,1
0212596,0,2024,2025-02-19,36,総合診,1
0212596,0,2024,2024-07-24,25,耳鼻科,1
0212596,0,2024,2024-11-25,25,耳鼻科,1
0212596,0,2024,2025-01-27,25,耳鼻科,1
0212596,0,2024,2025-03-19,25,耳鼻科,1
0212604,0,2024,2025-03-24,18,整形外,1
0212604,0,2024,2024-07-04,2,脳神内,1
0212612,0,2024,2024-10-01,5,呼吸内,1
0212612,0,2024,2024-12-03,2,脳神内,1
0212620,0,2024,2024-05-07,26,眼科,1
0212620,0,2024,2024-05-09,26,眼科,1
0212620,0,2024,2024-06-10,26,眼科,1
0212620,0,2024,2024-06-11,26,眼科,1
0212620,0,2024,2024-07-25,26,眼科,1
0212620,0,2024,2024-07-31,26,眼科,1
0212620,0,2024,2024-08-07,26,眼科,1
0212620,0,2024,2024-08-28,26,眼科,1
0212620,0,2024,2024-10-17,26,眼科,1
0212620,0,2024,2024-10-18,26,眼科,2
0212620,0,2024,2024-12-27,26,眼科,1
0212620,0,2024,2025-01-24,26,眼科,1
0212620,0,2024,2025-01-27,26,眼科,1
0212620,0,2024,2025-01-30,26,眼科,1
0212620,0,2024,2025-02-04,26,眼科,1
0212620,0,2024,2025-02-07,26,眼科,1
0212620,0,2024,2025-02-19,26,眼科,1
0212620,0,2024,2025-03-17,26,眼科,1
0212620,0,2024,2024-05-20,2,脳神内,1
0212638,0,2024,2024-10-09,18,整形外,1
0212653,0,2024,2024-06-27,18,整形外,1
0212653,0,2024,2024-10-24,18,整形外,2
0212653,0,2024,2024-12-18,18,整形外,1
0212653,0,2024,2024-12-20,18,整形外,1
0212653,0,2024,2024-12-25,18,整形外,1
0212653,0,2024,2025-01-30,18,整形外,1
0212661,0,2024,2024-05-07,16,乳甲外,1
0212661,0,2024,2024-07-03,16,乳甲外,1
0212661,0,2024,2024-08-06,16,乳甲外,1
0212661,0,2024,2024-10-02,16,乳甲外,1
0212661,0,2024,2024-11-05,16,乳甲外,1
0212661,0,2024,2025-02-04,16,乳甲外,1
0212661,0,2024,2025-03-19,16,乳甲外,1
0212661,0,2024,2024-10-30,5,呼吸内,1
0212661,0,2024,2024-12-25,5,呼吸内,1
0212661,0,2024,2024-05-08,19,形成外,1
0212661,0,2024,2024-07-26,19,形成外,1
0212661,0,2024,2025-02-18,19,形成外,1
0212661,0,2024,2024-11-26,7,循環内,1
0212661,0,2024,2025-02-10,7,循環内,1
0212661,0,2024,2024-12-11,12,心療科,1
0212661,0,2024,2024-08-02,15,心血外,1
0212661,0,2024,2024-11-08,15,心血外,1
0212661,0,2024,2024-11-29,15,心血外,1
0212661,0,2024,2025-03-14,15,心血外,1
0212661,0,2024,2024-05-27,18,整形外,1
0212661,0,2024,2024-07-01,18,整形外,1
0212661,0,2024,2024-10-07,18,整形外,1
0212661,0,2024,2025-01-06,18,整形外,1
0212661,0,2024,2024-05-08,6,糖尿内,1
0212661,0,2024,2024-05-31,6,糖尿内,1
0212661,0,2024,2024-06-12,6,糖尿内,1
0212661,0,2024,2024-06-14,6,糖尿内,1
0212661,0,2024,2024-07-26,6,糖尿内,1
0212661,0,2024,2024-10-02,6,糖尿内,1
0212661,0,2024,2024-12-04,6,糖尿内,1
0212661,0,2024,2024-12-25,6,糖尿内,1
0212661,0,2024,2025-03-19,6,糖尿内,1
0212661,0,2024,2024-07-29,9,脳卒中,1
0212661,0,2024,2024-06-07,8,腎臓内,1
0212661,0,2024,2024-07-12,8,腎臓内,1
0212661,0,2024,2024-08-02,8,腎臓内,1
0212661,0,2024,2024-10-03,8,腎臓内,1
0212661,0,2024,2024-10-18,8,腎臓内,1
0212661,0,2024,2024-12-13,8,腎臓内,1
0212661,0,2024,2024-12-27,8,腎臓内,1
0212661,0,2024,2025-02-07,8,腎臓内,1
0212661,0,2024,2025-03-14,8,腎臓内,1
0212661,0,2024,2025-03-28,8,腎臓内,1
0212687,0,2024,2024-08-13,17,小児外,1
0212687,0,2024,2024-05-15,19,形成外,1
0212687,0,2024,2024-10-02,19,形成外,1
0212687,0,2024,2024-10-21,19,形成外,1
0212687,0,2024,2024-10-23,19,形成外,1
0212687,0,2024,2024-10-25,19,形成外,1
0212687,0,2024,2024-12-11,19,形成外,2
0212687,0,2024,2024-12-18,19,形成外,1
0212687,0,2024,2025-03-05,19,形成外,1
0212687,0,2024,2024-12-13,28,放診断,1
0212687,0,2024,2024-06-11,18,整形外,1
0212695,0,2024,2024-11-18,7,循環内,1
0212695,0,2024,2024-05-27,18,整形外,1
0212695,0,2024,2024-06-11,18,整形外,1
0212695,0,2024,2024-06-25,18,整形外,1
0212695,0,2024,2024-07-04,18,整形外,1
0212695,0,2024,2024-11-26,18,整形外,1
0212695,0,2024,2024-11-28,18,整形外,1
0212695,0,2024,2025-01-16,18,整形外,1
0212695,0,2024,2025-02-17,18,整形外,1
0212695,0,2024,2025-03-19,18,整形外,1
0212695,0,2024,2024-05-24,2,脳神内,1
0212703,0,2024,2024-07-22,7,循環内,1
0212703,0,2024,2024-10-29,7,循環内,1
0212703,0,2024,2024-10-06,34,救急科,1
0212703,0,2024,2024-08-29,18,整形外,1
0212703,0,2024,2024-10-02,22,泌尿器,1
0212703,0,2024,2024-07-12,50,消化内,1
0212703,0,2024,2024-10-02,50,消化内,1
0212703,0,2024,2025-02-10,50,消化内,1
0212703,0,2024,2024-12-12,14,消化外,1
0212703,0,2024,2025-03-25,2,脳神内,1
0212711,0,2024,2024-10-11,5,呼吸内,1
0212711,0,2024,2024-10-16,7,循環内,1
0212711,0,2024,2024-10-18,7,循環内,1
0212711,0,2024,2024-12-27,7,循環内,1
0212711,0,2024,2024-07-18,12,心療科,1
0212711,0,2024,2024-08-23,12,心療科,1
0212711,0,2024,2024-10-01,12,心療科,1
0212711,0,2024,2024-10-18,12,心療科,1
0212711,0,2024,2025-02-07,12,心療科,1
0212711,0,2024,2025-03-18,12,心療科,1
0212711,0,2024,2024-06-03,15,心血外,1
0212711,0,2024,2024-11-22,15,心血外,1
0212711,0,2024,2024-11-04,34,救急科,1
0212711,0,2024,2024-06-04,18,整形外,2
0212711,0,2024,2024-11-21,18,整形外,1
0212711,0,2024,2025-02-12,18,整形外,1
0212711,0,2024,2024-08-28,22,泌尿器,1
0212711,0,2024,2025-01-08,50,消化内,1
0212711,0,2024,2024-10-31,14,消化外,1
0212711,0,2024,2025-03-27,14,消化外,1
0212711,0,2024,2024-12-25,43,産婦人,1
0212711,0,2024,2024-08-15,21,皮膚科,1
0212711,0,2024,2024-05-08,6,糖尿内,1
0212711,0,2024,2024-08-02,25,耳鼻科,1
0212711,0,2024,2024-10-15,2,脳神内,1
0212711,0,2024,2024-06-21,20,脳神外,1
0212711,0,2024,2024-07-04,20,脳神外,1
0212711,0,2024,2024-11-08,20,脳神外,1
0212711,0,2024,2024-11-29,20,脳神外,1
0212711,0,2024,2025-01-17,20,脳神外,1
0212711,0,2024,2024-07-25,8,腎臓内,1
0212729,0,2024,2025-01-14,7,循環内,1
0212737,0,2024,2024-06-19,16,乳甲外,1
0212737,0,2024,2025-01-09,10,小児科,1
0212737,0,2024,2024-12-26,43,産婦人,1
0212778,0,2024,2024-07-06,26,眼科,1
0212778,0,2024,2024-08-30,26,眼科,1
0212778,0,2024,2025-01-14,26,眼科,1
0212778,0,2024,2025-03-27,26,眼科,1
0212778,0,2024,2024-10-24,6,糖尿内,1
0212786,0,2024,2024-05-15,12,心療科,1
0212786,0,2024,2024-07-08,12,心療科,1
0212786,0,2024,2024-12-27,12,心療科,1
0212786,0,2024,2025-03-19,25,耳鼻科,1
0212786,0,2024,2024-08-14,37,麻酔科,1
0212794,0,2024,2024-10-21,16,乳甲外,1
0212794,0,2024,2024-08-20,19,形成外,1
0212794,0,2024,2025-03-10,25,耳鼻科,1
0212794,0,2024,2024-10-17,2,脳神内,1
0212794,0,2024,2025-02-04,2,脳神内,1
0212794,0,2024,2024-07-04,20,脳神外,1
0212802,0,2024,2025-02-28,10,小児科,1
0212810,0,2024,2024-05-09,18,整形外,1
0212810,0,2024,2024-11-12,18,整形外,1
0212810,0,2024,2025-01-08,18,整形外,1
0212810,0,2024,2025-01-23,18,整形外,1
0212810,0,2024,2025-02-13,18,整形外,1
0212810,0,2024,2025-03-06,18,整形外,1
0212828,0,2024,2024-12-12,16,乳甲外,1
0212828,0,2024,2024-06-27,5,呼吸内,1
0212828,0,2024,2024-08-08,5,呼吸内,1
0212828,0,2024,2025-01-09,5,呼吸内,1
0212828,0,2024,2025-03-06,5,呼吸内,1
0212828,0,2024,2024-05-29,18,整形外,1
0212828,0,2024,2025-01-15,18,整形外,1
0212828,0,2024,2024-12-23,2,脳神内,1
0212844,0,2024,2024-08-15,7,循環内,1
0212844,0,2024,2024-11-14,7,循環内,1
0212844,0,2024,2025-01-08,7,循環内,1
0212844,0,2024,2025-01-23,7,循環内,1
0212844,0,2024,2024-06-06,12,心療科,1
0212844,0,2024,2024-11-21,12,心療科,1
0212844,0,2024,2025-01-16,12,心療科,1
0212844,0,2024,2025-03-13,12,心療科,1
0212844,0,2024,2024-05-27,15,心血外,1
0212844,0,2024,2024-10-02,15,心血外,1
0212844,0,2024,2024-11-18,15,心血外,1
0212885,0,2024,2024-11-07,48,リウ膠,1
0212885,0,2024,2025-01-29,48,リウ膠,1
0212885,0,2024,2025-02-12,48,リウ膠,1
0212885,0,2024,2025-03-18,48,リウ膠,1
0212885,0,2024,2025-01-10,31,リハ,1
0212885,0,2024,2024-05-17,16,乳甲外,1
0212885,0,2024,2024-07-18,16,乳甲外,1
0212885,0,2024,2024-07-23,16,乳甲外,1
0212885,0,2024,2024-08-10,16,乳甲外,1
0212885,0,2024,2024-08-13,16,乳甲外,1
0212885,0,2024,2024-12-20,16,乳甲外,1
0212885,0,2024,2024-07-30,5,呼吸内,1
0212885,0,2024,2024-11-19,5,呼吸内,1
0212885,0,2024,2024-11-22,5,呼吸内,1
0212885,0,2024,2024-11-25,5,呼吸内,1
0212885,0,2024,2024-12-10,5,呼吸内,1
0212885,0,2024,2024-05-02,13,呼吸外,1
0212885,0,2024,2024-07-22,13,呼吸外,1
0212885,0,2024,2025-02-06,13,呼吸外,1
0212885,0,2024,2025-03-06,13,呼吸外,1
0212885,0,2024,2024-12-02,17,小児外,1
0212885,0,2024,2024-11-18,10,小児科,1
0212885,0,2024,2024-11-30,10,小児科,1
0212885,0,2024,2024-10-23,19,形成外,1
0212885,0,2024,2024-05-08,7,循環内,1
0212885,0,2024,2024-05-29,7,循環内,1
0212885,0,2024,2024-05-30,7,循環内,1
0212885,0,2024,2024-06-05,7,循環内,1
0212885,0,2024,2024-07-19,7,循環内,1
0212885,0,2024,2024-10-09,7,循環内,1
0212885,0,2024,2024-10-11,7,循環内,1
0212885,0,2024,2024-10-15,7,循環内,1
0212885,0,2024,2024-10-17,7,循環内,1
0212885,0,2024,2024-10-18,7,循環内,1
0212885,0,2024,2024-11-01,7,循環内,1
0212885,0,2024,2024-12-03,7,循環内,1
0212885,0,2024,2024-12-04,7,循環内,1
0212885,0,2024,2025-01-24,7,循環内,1
0212885,0,2024,2025-02-05,7,循環内,1
0212885,0,2024,2025-02-27,7,循環内,1
0212885,0,2024,2025-03-04,7,循環内,1
0212885,0,2024,2025-03-05,7,循環内,1
0212885,0,2024,2024-05-24,12,心療科,1
0212885,0,2024,2024-06-05,15,心血外,1
0212885,0,2024,2024-06-26,15,心血外,1
0212885,0,2024,2024-11-06,15,心血外,1
0212885,0,2024,2024-12-16,15,心血外,1
0212885,0,2024,2025-02-19,15,心血外,1
0212885,0,2024,2025-03-14,15,心血外,1
0212885,0,2024,2025-01-24,28,放診断,1
0212885,0,2024,2024-05-31,34,救急科,1
0212885,0,2024,2024-11-02,34,救急科,1
0212885,0,2024,2024-11-16,34,救急科,1
0212885,0,2024,2024-11-26,34,救急科,1
0212885,0,2024,2024-12-07,34,救急科,1
0212885,0,2024,2024-12-19,34,救急科,1
0212885,0,2024,2024-05-29,18,整形外,1
0212885,0,2024,2024-06-13,18,整形外,1
0212885,0,2024,2024-06-26,18,整形外,1
0212885,0,2024,2024-08-20,18,整形外,1
0212885,0,2024,2024-10-05,18,整形外,1
0212885,0,2024,2024-12-19,18,整形外,1
0212885,0,2024,2024-12-27,18,整形外,1
0212885,0,2024,2025-01-16,18,整形外,1
0212885,0,2024,2025-01-29,18,整形外,1
0212885,0,2024,2025-03-03,18,整形外,1
0212885,0,2024,2025-03-26,18,整形外,1
0212885,0,2024,2024-05-15,22,泌尿器,1
0212885,0,2024,2024-06-21,22,泌尿器,1
0212885,0,2024,2024-05-10,50,消化内,1
0212885,0,2024,2024-05-15,50,消化内,1
0212885,0,2024,2024-06-14,50,消化内,1
0212885,0,2024,2024-07-18,50,消化内,1
0212885,0,2024,2024-10-02,50,消化内,1
0212885,0,2024,2024-10-04,50,消化内,1
0212885,0,2024,2024-10-10,50,消化内,1
0212885,0,2024,2024-11-01,50,消化内,1
0212885,0,2024,2024-11-14,50,消化内,1
0212885,0,2024,2024-11-18,50,消化内,1
0212885,0,2024,2025-01-06,50,消化内,1
0212885,0,2024,2025-01-08,50,消化内,1
0212885,0,2024,2025-02-28,50,消化内,1
0212885,0,2024,2025-03-10,50,消化内,1
0212885,0,2024,2025-03-28,50,消化内,1
0212885,0,2024,2024-05-27,14,消化外,1
0212885,0,2024,2024-06-20,14,消化外,1
0212885,0,2024,2024-11-09,14,消化外,1
0212885,0,2024,2024-12-26,14,消化外,1
0212885,0,2024,2025-02-03,14,消化外,1
0212885,0,2024,2025-02-13,14,消化外,1
0212885,0,2024,2024-11-22,43,産婦人,1
0212885,0,2024,2024-06-03,6,糖尿内,1
0212885,0,2024,2024-07-03,6,糖尿内,1
0212885,0,2024,2024-07-10,6,糖尿内,1
0212885,0,2024,2024-07-25,6,糖尿内,1
0212885,0,2024,2024-10-08,6,糖尿内,1
0212885,0,2024,2024-12-11,6,糖尿内,1
0212885,0,2024,2025-03-03,6,糖尿内,1
0212885,0,2024,2024-05-20,36,総合診,1
0212885,0,2024,2024-06-20,36,総合診,1
0212885,0,2024,2024-10-24,36,総合診,1
0212885,0,2024,2024-06-05,25,耳鼻科,1
0212885,0,2024,2024-07-26,25,耳鼻科,1
0212885,0,2024,2024-08-05,25,耳鼻科,1
0212885,0,2024,2024-10-21,25,耳鼻科,1
0212885,0,2024,2024-11-11,25,耳鼻科,1
0212885,0,2024,2025-02-07,25,耳鼻科,1
0212885,0,2024,2024-06-18,2,脳神内,1
0212885,0,2024,2024-07-26,2,脳神内,1
0212885,0,2024,2024-08-05,2,脳神内,1
0212885,0,2024,2024-08-15,2,脳神内,1
0212885,0,2024,2024-08-21,2,脳神内,1
0212885,0,2024,2024-10-08,2,脳神内,1
0212885,0,2024,2025-02-04,2,脳神内,1
0212885,0,2024,2025-03-04,2,脳神内,1
0212885,0,2024,2024-05-17,20,脳神外,1
0212885,0,2024,2024-12-16,20,脳神外,1
0212885,0,2024,2024-05-29,8,腎臓内,1
0212885,0,2024,2024-07-29,8,腎臓内,1
0212885,0,2024,2024-07-30,8,腎臓内,1
0212885,0,2024,2024-10-09,8,腎臓内,1
0212885,0,2024,2024-11-15,8,腎臓内,1
0212885,0,2024,2024-12-16,8,腎臓内,1
0212885,0,2024,2025-02-03,8,腎臓内,1
0212885,0,2024,2025-02-04,8,腎臓内,1
0212885,0,2024,2025-02-05,8,腎臓内,1
0212885,0,2024,2025-03-05,8,腎臓内,1
0212885,0,2024,2024-08-08,27,臨腫瘍,1
0212885,0,2024,2024-06-14,1,血液内,1
0212885,0,2024,2024-07-30,1,血液内,1
0212885,0,2024,2024-08-29,1,血液内,1
0212885,0,2024,2024-12-23,37,麻酔科,1
0212927,0,2024,2024-05-17,48,リウ膠,1
0212927,0,2024,2024-08-16,48,リウ膠,1
0212927,0,2024,2025-02-06,48,リウ膠,1
0212927,0,2024,2024-06-19,16,乳甲外,1
0212927,0,2024,2024-06-28,16,乳甲外,1
0212927,0,2024,2024-07-29,16,乳甲外,1
0212927,0,2024,2024-08-08,16,乳甲外,1
0212927,0,2024,2025-01-27,16,乳甲外,1
0212927,0,2024,2025-02-17,16,乳甲外,1
0212927,0,2024,2025-02-20,16,乳甲外,1
0212927,0,2024,2025-03-04,16,乳甲外,1
0212927,0,2024,2024-06-11,5,呼吸内,1
0212927,0,2024,2024-08-01,5,呼吸内,1
0212927,0,2024,2024-10-29,5,呼吸内,1
0212927,0,2024,2024-11-14,5,呼吸内,1
0212927,0,2024,2024-12-25,5,呼吸内,1
0212927,0,2024,2025-02-05,5,呼吸内,1
0212927,0,2024,2025-02-20,5,呼吸内,1
0212927,0,2024,2024-07-25,19,形成外,1
0212927,0,2024,2025-01-16,19,形成外,1
0212927,0,2024,2024-06-12,7,循環内,1
0212927,0,2024,2024-06-21,7,循環内,1
0212927,0,2024,2024-07-14,7,循環内,1
0212927,0,2024,2024-07-25,7,循環内,1
0212927,0,2024,2024-08-30,7,循環内,1
0212927,0,2024,2024-10-08,7,循環内,1
0212927,0,2024,2024-11-08,7,循環内,1
0212927,0,2024,2024-11-20,7,循環内,1
0212927,0,2024,2024-11-25,7,循環内,1
0212927,0,2024,2024-12-05,7,循環内,1
0212927,0,2024,2025-01-21,7,循環内,1
0212927,0,2024,2025-02-27,7,循環内,1
0212927,0,2024,2025-03-18,7,循環内,2
0212927,0,2024,2025-03-21,7,循環内,1
0212927,0,2024,2024-07-31,12,心療科,1
0212927,0,2024,2024-12-18,12,心療科,1
0212927,0,2024,2025-02-14,12,心療科,1
0212927,0,2024,2024-05-20,15,心血外,1
0212927,0,2024,2024-07-01,15,心血外,1
0212927,0,2024,2024-07-03,15,心血外,1
0212927,0,2024,2024-07-29,15,心血外,1
0212927,0,2024,2024-08-30,15,心血外,1
0212927,0,2024,2025-01-17,15,心血外,1
0212927,0,2024,2025-02-03,15,心血外,1
0212927,0,2024,2025-02-17,15,心血外,1
0212927,0,2024,2025-03-19,15,心血外,1
0212927,0,2024,2024-05-02,28,放診断,1
0212927,0,2024,2024-05-09,28,放診断,1
0212927,0,2024,2024-05-17,28,放診断,1
0212927,0,2024,2024-05-21,28,放診断,1
0212927,0,2024,2024-05-24,28,放診断,1
0212927,0,2024,2024-05-25,28,放診断,1
0212927,0,2024,2024-05-29,28,放診断,1
0212927,0,2024,2024-06-13,28,放診断,1
0212927,0,2024,2024-06-15,28,放診断,1
0212927,0,2024,2024-06-18,28,放診断,1
0212927,0,2024,2024-06-21,28,放診断,1
0212927,0,2024,2024-06-27,28,放診断,1
0212927,0,2024,2024-07-01,28,放診断,1
0212927,0,2024,2024-07-02,28,放診断,1
0212927,0,2024,2024-07-04,28,放診断,1
0212927,0,2024,2024-07-09,28,放診断,1
0212927,0,2024,2024-07-11,28,放診断,1
0212927,0,2024,2024-07-17,28,放診断,1
0212927,0,2024,2024-07-24,28,放診断,1
0212927,0,2024,2024-08-02,28,放診断,1
0212927,0,2024,2024-08-14,28,放診断,1
0212927,0,2024,2024-08-15,28,放診断,1
0212927,0,2024,2024-08-22,28,放診断,1
0212927,0,2024,2024-10-12,28,放診断,1
0212927,0,2024,2024-10-19,28,放診断,1
0212927,0,2024,2024-10-21,28,放診断,1
0212927,0,2024,2024-10-22,28,放診断,1
0212927,0,2024,2024-10-23,28,放診断,1
0212927,0,2024,2024-11-08,28,放診断,1
0212927,0,2024,2024-11-13,28,放診断,1
0212927,0,2024,2024-11-18,28,放診断,1
0212927,0,2024,2024-11-20,28,放診断,1
0212927,0,2024,2024-11-21,28,放診断,1
0212927,0,2024,2024-11-22,28,放診断,1
0212927,0,2024,2024-11-29,28,放診断,1
0212927,0,2024,2024-12-03,28,放診断,1
0212927,0,2024,2024-12-10,28,放診断,1
0212927,0,2024,2024-12-12,28,放診断,1
0212927,0,2024,2024-12-17,28,放診断,1
0212927,0,2024,2024-12-23,28,放診断,1
0212927,0,2024,2025-01-07,28,放診断,1
0212927,0,2024,2025-01-08,28,放診断,1
0212927,0,2024,2025-01-14,28,放診断,1
0212927,0,2024,2025-01-22,28,放診断,1
0212927,0,2024,2025-01-24,28,放診断,1
0212927,0,2024,2025-01-28,28,放診断,1
0212927,0,2024,2025-01-31,28,放診断,1
0212927,0,2024,2025-02-03,28,放診断,1
0212927,0,2024,2025-02-15,28,放診断,1
0212927,0,2024,2025-02-20,28,放診断,1
0212927,0,2024,2025-02-26,28,放診断,1
0212927,0,2024,2025-03-03,28,放診断,1
0212927,0,2024,2025-03-04,28,放診断,1
0212927,0,2024,2025-03-06,28,放診断,1
0212927,0,2024,2025-03-10,28,放診断,1
0212927,0,2024,2025-03-11,28,放診断,1
0212927,0,2024,2025-03-15,28,放診断,1
0212927,0,2024,2025-03-25,28,放診断,1
0212927,0,2024,2025-03-28,28,放診断,1
0212927,0,2024,2025-03-29,28,放診断,1
0212927,0,2024,2025-03-31,28,放診断,1
0212927,0,2024,2024-06-15,34,救急科,1
0212927,0,2024,2025-02-21,34,救急科,1
0212927,0,2024,2025-02-24,34,救急科,1
0212927,0,2024,2024-05-13,18,整形外,1
0212927,0,2024,2024-06-12,18,整形外,1
0212927,0,2024,2024-07-03,18,整形外,1
0212927,0,2024,2024-07-09,18,整形外,1
0212927,0,2024,2024-08-09,18,整形外,1
0212927,0,2024,2024-08-16,18,整形外,1
0212927,0,2024,2024-08-26,18,整形外,1
0212927,0,2024,2024-10-16,18,整形外,1
0212927,0,2024,2024-10-21,18,整形外,1
0212927,0,2024,2024-10-28,18,整形外,1
0212927,0,2024,2024-11-01,18,整形外,1
0212927,0,2024,2024-12-12,18,整形外,2
0212927,0,2024,2024-12-25,18,整形外,1
0212927,0,2024,2024-12-27,18,整形外,1
0212927,0,2024,2025-01-20,18,整形外,1
0212927,0,2024,2025-02-21,18,整形外,1
0212927,0,2024,2025-02-25,18,整形外,1
0212927,0,2024,2025-03-03,18,整形外,1
0212927,0,2024,2025-03-07,18,整形外,1
0212927,0,2024,2025-03-12,18,整形外,1
0212927,0,2024,2025-03-19,18,整形外,1
0212927,0,2024,2025-03-25,18,整形外,1
0212927,0,2024,2025-03-31,18,整形外,1
0212927,0,2024,2024-11-18,32,歯口外,1
0212927,0,2024,2024-05-01,22,泌尿器,1
0212927,0,2024,2024-05-16,22,泌尿器,1
0212927,0,2024,2024-05-28,22,泌尿器,1
0212927,0,2024,2024-06-11,22,泌尿器,1
0212927,0,2024,2024-06-21,22,泌尿器,1
0212927,0,2024,2024-08-20,22,泌尿器,1
0212927,0,2024,2024-08-21,22,泌尿器,1
0212927,0,2024,2024-12-03,22,泌尿器,1
0212927,0,2024,2025-01-08,22,泌尿器,1
0212927,0,2024,2025-01-15,22,泌尿器,1
0212927,0,2024,2025-02-04,22,泌尿器,1
0212927,0,2024,2025-02-25,22,泌尿器,1
0212927,0,2024,2025-02-26,22,泌尿器,2
0212927,0,2024,2025-03-03,22,泌尿器,1
0212927,0,2024,2024-05-20,50,消化内,1
0212927,0,2024,2024-05-23,50,消化内,1
0212927,0,2024,2024-06-10,50,消化内,2
0212927,0,2024,2024-06-14,50,消化内,1
0212927,0,2024,2024-06-22,50,消化内,1
0212927,0,2024,2024-06-24,50,消化内,1
0212927,0,2024,2024-07-08,50,消化内,1
0212927,0,2024,2024-07-12,50,消化内,1
0212927,0,2024,2024-07-13,50,消化内,1
0212927,0,2024,2024-07-25,50,消化内,1
0212927,0,2024,2024-08-01,50,消化内,1
0212927,0,2024,2024-08-09,50,消化内,1
0212927,0,2024,2024-08-13,50,消化内,1
0212927,0,2024,2024-10-02,50,消化内,1
0212927,0,2024,2024-10-03,50,消化内,1
0212927,0,2024,2024-10-08,50,消化内,1
0212927,0,2024,2024-10-15,50,消化内,1
0212927,0,2024,2024-10-16,50,消化内,1
0212927,0,2024,2024-10-28,50,消化内,1
0212927,0,2024,2024-11-01,50,消化内,1
0212927,0,2024,2024-11-07,50,消化内,1
0212927,0,2024,2024-11-12,50,消化内,1
0212927,0,2024,2024-12-25,50,消化内,1
0212927,0,2024,2024-12-29,50,消化内,1
0212927,0,2024,2025-01-25,50,消化内,1
0212927,0,2024,2025-02-18,50,消化内,1
0212927,0,2024,2025-02-28,50,消化内,2
0212927,0,2024,2025-03-18,50,消化内,1
0212927,0,2024,2025-03-26,50,消化内,1
0212927,0,2024,2024-05-23,14,消化外,1
0212927,0,2024,2024-06-13,14,消化外,1
0212927,0,2024,2024-06-27,14,消化外,1
0212927,0,2024,2024-10-01,14,消化外,1
0212927,0,2024,2024-10-21,14,消化外,1
0212927,0,2024,2024-11-01,14,消化外,1
0212927,0,2024,2024-12-04,14,消化外,1
0212927,0,2024,2024-12-05,14,消化外,1
0212927,0,2024,2024-12-25,14,消化外,1
0212927,0,2024,2025-01-27,14,消化外,1
0212927,0,2024,2025-02-18,14,消化外,1
0212927,0,2024,2025-03-12,14,消化外,1
0212927,0,2024,2024-05-29,21,皮膚科,1
0212927,0,2024,2024-06-03,21,皮膚科,1
0212927,0,2024,2024-06-19,21,皮膚科,1
0212927,0,2024,2024-10-04,21,皮膚科,1
0212927,0,2024,2024-10-29,21,皮膚科,1
0212927,0,2024,2024-07-29,26,眼科,1
0212927,0,2024,2024-08-08,26,眼科,1
0212927,0,2024,2024-05-27,6,糖尿内,1
0212927,0,2024,2024-06-26,6,糖尿内,1
0212927,0,2024,2025-02-26,6,糖尿内,1
0212927,0,2024,2024-05-01,36,総合診,1
0212927,0,2024,2024-06-28,25,耳鼻科,1
0212927,0,2024,2024-07-08,25,耳鼻科,1
0212927,0,2024,2024-08-23,25,耳鼻科,1
0212927,0,2024,2025-01-04,25,耳鼻科,1
0212927,0,2024,2025-01-10,25,耳鼻科,1
0212927,0,2024,2024-05-01,9,脳卒中,1
0212927,0,2024,2024-05-22,9,脳卒中,1
0212927,0,2024,2024-07-03,9,脳卒中,1
0212927,0,2024,2024-08-19,9,脳卒中,1
0212927,0,2024,2024-08-27,9,脳卒中,1
0212927,0,2024,2024-11-22,9,脳卒中,1
0212927,0,2024,2024-12-13,9,脳卒中,1
0212927,0,2024,2024-12-24,9,脳卒中,1
0212927,0,2024,2025-02-07,9,脳卒中,1
0212927,0,2024,2025-03-26,9,脳卒中,1
0212927,0,2024,2024-05-22,2,脳神内,1
0212927,0,2024,2024-05-23,2,脳神内,1
0212927,0,2024,2024-05-30,2,脳神内,1
0212927,0,2024,2024-06-20,2,脳神内,1
0212927,0,2024,2024-07-01,2,脳神内,1
0212927,0,2024,2024-07-02,2,脳神内,1
0212927,0,2024,2024-08-07,2,脳神内,1
0212927,0,2024,2024-08-08,2,脳神内,1
0212927,0,2024,2024-11-05,2,脳神内,1
0212927,0,2024,2024-11-28,2,脳神内,1
0212927,0,2024,2024-12-13,2,脳神内,1
0212927,0,2024,2024-12-20,2,脳神内,1
0212927,0,2024,2024-12-23,2,脳神内,1
0212927,0,2024,2025-02-18,2,脳神内,1
0212927,0,2024,2025-02-19,2,脳神内,1
0212927,0,2024,2025-02-27,2,脳神内,1
0212927,0,2024,2025-03-10,2,脳神内,1
0212927,0,2024,2024-06-03,20,脳神外,1
0212927,0,2024,2024-06-13,20,脳神外,1
0212927,0,2024,2024-07-26,20,脳神外,1
0212927,0,2024,2024-11-08,20,脳神外,1
0212927,0,2024,2025-01-20,20,脳神外,1
0212927,0,2024,2025-01-23,20,脳神外,1
0212927,0,2024,2024-06-26,8,腎臓内,1
0212927,0,2024,2024-07-09,8,腎臓内,1
0212927,0,2024,2024-10-11,8,腎臓内,1
0212927,0,2024,2025-03-27,8,腎臓内,1
0212927,0,2024,2024-05-09,27,臨腫瘍,1
0212927,0,2024,2024-08-28,27,臨腫瘍,1
0212927,0,2024,2024-10-18,27,臨腫瘍,1
0212927,0,2024,2025-02-12,27,臨腫瘍,1
0212927,0,2024,2025-02-19,27,臨腫瘍,1
0212927,0,2024,2025-03-24,27,臨腫瘍,1
0212927,0,2024,2024-07-24,1,血液内,1
0212927,0,2024,2024-11-19,1,血液内,1
0212927,0,2024,2024-12-04,1,血液内,1
0212927,0,2024,2024-12-10,1,血液内,1
0212935,0,2024,2025-03-10,21,皮膚科,1
0212943,0,2024,2024-12-04,48,リウ膠,1
0212943,0,2024,2024-12-05,48,リウ膠,1
0212943,0,2024,2024-05-13,16,乳甲外,1
0212943,0,2024,2024-12-14,10,小児科,1
0212943,0,2024,2025-02-22,10,小児科,1
0212943,0,2024,2025-03-07,10,小児科,1
0212943,0,2024,2024-07-03,19,形成外,1
0212943,0,2024,2025-02-27,19,形成外,1
0212943,0,2024,2025-03-22,19,形成外,1
0212943,0,2024,2024-05-04,34,救急科,1
0212943,0,2024,2024-08-22,34,救急科,1
0212943,0,2024,2024-11-27,34,救急科,1
0212943,0,2024,2024-12-12,34,救急科,1
0212943,0,2024,2024-06-19,50,消化内,1
0212943,0,2024,2024-10-22,50,消化内,1
0212943,0,2024,2024-11-11,50,消化内,1
0212943,0,2024,2024-11-17,20,脳神外,1
0212968,0,2024,2024-05-13,31,リハ,1
0212968,0,2024,2024-06-10,31,リハ,1
0212968,0,2024,2024-07-08,31,リハ,1
0212968,0,2024,2024-07-22,31,リハ,1
0212968,0,2024,2024-08-05,31,リハ,1
0212968,0,2024,2024-10-07,31,リハ,1
0212968,0,2024,2025-01-20,31,リハ,1
0212968,0,2024,2025-03-03,31,リハ,1
0212968,0,2024,2025-03-31,31,リハ,2
0212968,0,2024,2024-11-18,16,乳甲外,1
0212968,0,2024,2024-10-24,19,形成外,1
0212968,0,2024,2025-03-07,19,形成外,1
0212968,0,2024,2024-07-30,7,循環内,1
0212968,0,2024,2024-12-06,7,循環内,1
0212968,0,2024,2025-01-14,7,循環内,1
0212968,0,2024,2025-03-19,7,循環内,1
0212968,0,2024,2024-06-03,15,心血外,1
0212968,0,2024,2024-08-26,15,心血外,1
0212968,0,2024,2024-05-10,28,放診断,1
0212968,0,2024,2024-05-18,28,放診断,1
0212968,0,2024,2024-05-22,28,放診断,1
0212968,0,2024,2024-05-28,28,放診断,1
0212968,0,2024,2024-06-03,28,放診断,1
0212968,0,2024,2024-06-05,28,放診断,1
0212968,0,2024,2024-06-12,28,放診断,1
0212968,0,2024,2024-06-26,28,放診断,1
0212968,0,2024,2024-06-27,28,放診断,1
0212968,0,2024,2024-06-28,28,放診断,1
0212968,0,2024,2024-07-03,28,放診断,1
0212968,0,2024,2024-07-08,28,放診断,2
0212968,0,2024,2024-07-10,28,放診断,1
0212968,0,2024,2024-07-13,28,放診断,1
0212968,0,2024,2024-07-18,28,放診断,1
0212968,0,2024,2024-07-26,28,放診断,2
0212968,0,2024,2024-08-01,28,放診断,1
0212968,0,2024,2024-08-05,28,放診断,2
0212968,0,2024,2024-08-06,28,放診断,1
0212968,0,2024,2024-08-08,28,放診断,1
0212968,0,2024,2024-08-13,28,放診断,1
0212968,0,2024,2024-08-15,28,放診断,1
0212968,0,2024,2024-08-19,28,放診断,1
0212968,0,2024,2024-08-21,28,放診断,1
0212968,0,2024,2024-08-24,28,放診断,1
0212968,0,2024,2024-10-01,28,放診断,1
0212968,0,2024,2024-10-08,28,放診断,1
0212968,0,2024,2024-10-11,28,放診断,1
0212968,0,2024,2024-11-05,28,放診断,1
0212968,0,2024,2024-11-07,28,放診断,1
0212968,0,2024,2024-11-08,28,放診断,1
0212968,0,2024,2024-11-11,28,放診断,1
0212968,0,2024,2024-11-15,28,放診断,1
0212968,0,2024,2024-11-21,28,放診断,1
0212968,0,2024,2024-11-22,28,放診断,1
0212968,0,2024,2024-11-26,28,放診断,2
0212968,0,2024,2024-11-28,28,放診断,1
0212968,0,2024,2024-11-30,28,放診断,1
0212968,0,2024,2024-12-05,28,放診断,1
0212968,0,2024,2024-12-11,28,放診断,1
0212968,0,2024,2024-12-16,28,放診断,1
0212968,0,2024,2024-12-20,28,放診断,1
0212968,0,2024,2025-01-09,28,放診断,1
0212968,0,2024,2025-01-10,28,放診断,1
0212968,0,2024,2025-01-15,28,放診断,1
0212968,0,2024,2025-01-16,28,放診断,1
0212968,0,2024,2025-01-17,28,放診断,1
0212968,0,2024,2025-01-24,28,放診断,1
0212968,0,2024,2025-01-29,28,放診断,2
0212968,0,2024,2025-01-30,28,放診断,1
0212968,0,2024,2025-02-05,28,放診断,1
0212968,0,2024,2025-02-13,28,放診断,1
0212968,0,2024,2025-02-21,28,放診断,2
0212968,0,2024,2025-02-25,28,放診断,1
0212968,0,2024,2025-03-01,28,放診断,1
0212968,0,2024,2025-03-14,28,放診断,1
0212968,0,2024,2025-03-17,28,放診断,1
0212968,0,2024,2025-03-22,28,放診断,1
0212968,0,2024,2025-03-26,28,放診断,1
0212968,0,2024,2024-05-27,18,整形外,1
0212968,0,2024,2024-05-28,18,整形外,1
0212968,0,2024,2024-06-03,18,整形外,1
0212968,0,2024,2024-06-04,18,整形外,1
0212968,0,2024,2024-06-06,18,整形外,1
0212968,0,2024,2024-06-21,18,整形外,1
0212968,0,2024,2024-06-28,18,整形外,1
0212968,0,2024,2024-07-12,18,整形外,1
0212968,0,2024,2024-07-19,18,整形外,1
0212968,0,2024,2024-08-14,18,整形外,1
0212968,0,2024,2024-08-23,18,整形外,1
0212968,0,2024,2024-10-07,18,整形外,1
0212968,0,2024,2024-10-15,18,整形外,1
0212968,0,2024,2024-10-16,18,整形外,1
0212968,0,2024,2024-11-27,18,整形外,2
0212968,0,2024,2024-12-03,18,整形外,1
0212968,0,2024,2024-12-11,18,整形外,1
0212968,0,2024,2024-12-17,18,整形外,1
0212968,0,2024,2024-12-18,18,整形外,1
0212968,0,2024,2025-01-10,18,整形外,1
0212968,0,2024,2025-01-17,18,整形外,1
0212968,0,2024,2025-01-23,18,整形外,1
0212968,0,2024,2025-01-29,18,整形外,1
0212968,0,2024,2025-02-04,18,整形外,1
0212968,0,2024,2025-02-25,18,整形外,1
0212968,0,2024,2025-02-26,18,整形外,2
0212968,0,2024,2025-03-11,18,整形外,1
0212968,0,2024,2025-03-19,18,整形外,1
0212968,0,2024,2024-05-27,50,消化内,1
0212968,0,2024,2024-07-03,50,消化内,1
0212968,0,2024,2024-08-05,50,消化内,1
0212968,0,2024,2024-08-07,50,消化内,1
0212968,0,2024,2024-08-30,50,消化内,1
0212968,0,2024,2024-10-29,50,消化内,1
0212968,0,2024,2024-11-21,50,消化内,1
0212968,0,2024,2025-01-06,50,消化内,1
0212968,0,2024,2025-01-14,50,消化内,1
0212968,0,2024,2024-12-17,26,眼科,1
0212968,0,2024,2024-05-21,36,総合診,1
0212968,0,2024,2024-10-31,36,総合診,1
0212968,0,2024,2025-01-30,36,総合診,1
0212968,0,2024,2024-06-14,9,脳卒中,1
0212968,0,2024,2024-07-16,9,脳卒中,1
0212968,0,2024,2024-11-26,9,脳卒中,1
0212968,0,2024,2024-06-04,2,脳神内,1
0212968,0,2024,2024-08-14,2,脳神内,1
0212968,0,2024,2024-08-28,2,脳神内,1
0212968,0,2024,2024-12-10,2,脳神内,1
0212968,0,2024,2025-03-06,2,脳神内,1
0212968,0,2024,2025-03-03,20,脳神外,1
0212968,0,2024,2024-07-17,8,腎臓内,1
0212968,0,2024,2025-03-31,8,腎臓内,1
0212968,0,2024,2024-05-31,1,血液内,1
0212968,0,2024,2025-01-10,1,血液内,1
0212976,0,2024,2025-01-24,7,循環内,1
0212976,0,2024,2024-12-03,12,心療科,1
0212976,0,2024,2024-07-23,18,整形外,1
0212976,0,2024,2024-05-02,43,産婦人,1
0212976,0,2024,2024-06-11,43,産婦人,1
0212976,0,2024,2024-07-05,43,産婦人,1
0212976,0,2024,2024-07-11,43,産婦人,2
0212976,0,2024,2024-08-28,43,産婦人,1
0212976,0,2024,2024-11-08,43,産婦人,1
0212976,0,2024,2024-11-27,43,産婦人,1
0212976,0,2024,2024-12-10,43,産婦人,1
0212976,0,2024,2024-12-23,43,産婦人,2
0212976,0,2024,2025-01-07,43,産婦人,2
0212976,0,2024,2025-01-27,43,産婦人,2
0212976,0,2024,2025-02-04,43,産婦人,2
0212976,0,2024,2025-03-11,43,産婦人,1
0212976,0,2024,2025-01-08,8,腎臓内,1
0212984,0,2024,2025-02-14,15,心血外,1
0212984,0,2024,2024-05-28,28,放診断,1
0212984,0,2024,2024-07-31,50,消化内,1
0212984,0,2024,2024-08-24,50,消化内,1
0212984,0,2024,2024-05-16,14,消化外,1
0212984,0,2024,2024-05-21,21,皮膚科,1
0212984,0,2024,2025-01-28,21,皮膚科,1
0212984,0,2024,2025-03-06,6,糖尿内,1
0212992,0,2024,2024-05-24,26,眼科,1
0212992,0,2024,2024-06-28,26,眼科,1
0212992,0,2024,2024-08-10,26,眼科,1
0212992,0,2024,2025-01-25,26,眼科,1
0212992,0,2024,2025-02-07,26,眼科,1
0212992,0,2024,2025-03-28,26,眼科,1
0213008,0,2024,2024-06-14,48,リウ膠,1
0213008,0,2024,2024-10-23,48,リウ膠,1
0213008,0,2024,2024-11-26,13,呼吸外,1
0213008,0,2024,2024-08-01,19,形成外,1
0213008,0,2024,2024-06-26,7,循環内,1
0213008,0,2024,2024-11-20,7,循環内,1
0213008,0,2024,2024-12-20,7,循環内,1
0213008,0,2024,2025-01-16,7,循環内,1
0213008,0,2024,2025-02-19,7,循環内,1
0213008,0,2024,2025-03-12,7,循環内,1
0213008,0,2024,2024-06-07,28,放診断,1
0213008,0,2024,2024-07-01,28,放診断,1
0213008,0,2024,2024-07-08,28,放診断,1
0213008,0,2024,2024-12-09,28,放診断,1
0213008,0,2024,2024-12-12,28,放診断,1
0213008,0,2024,2024-10-12,34,救急科,1
0213008,0,2024,2025-03-19,34,救急科,1
0213008,0,2024,2024-07-17,32,歯口外,1
0213008,0,2024,2024-05-07,50,消化内,1
0213008,0,2024,2024-07-22,50,消化内,1
0213008,0,2024,2024-08-09,50,消化内,1
0213008,0,2024,2025-02-10,50,消化内,1
0213008,0,2024,2024-10-08,43,産婦人,1
0213008,0,2024,2024-05-10,26,眼科,2
0213008,0,2024,2024-06-26,26,眼科,1
0213008,0,2024,2024-08-14,26,眼科,1
0213008,0,2024,2024-10-04,26,眼科,1
0213008,0,2024,2024-11-01,26,眼科,1
0213008,0,2024,2024-12-20,26,眼科,2
0213008,0,2024,2025-01-10,26,眼科,1
0213008,0,2024,2025-01-17,26,眼科,1
0213008,0,2024,2025-02-05,26,眼科,1
0213008,0,2024,2025-03-25,26,眼科,1
0213008,0,2024,2024-06-10,6,糖尿内,1
0213008,0,2024,2024-06-25,6,糖尿内,1
0213008,0,2024,2024-08-22,6,糖尿内,1
0213008,0,2024,2024-05-14,25,耳鼻科,1
0213008,0,2024,2025-01-04,2,脳神内,1
0213008,0,2024,2025-01-20,2,脳神内,1
0213008,0,2024,2024-06-05,8,腎臓内,1
0213008,0,2024,2024-10-09,1,血液内,1
0213016,0,2024,2024-12-23,31,リハ,1
0213016,0,2024,2024-06-10,10,小児科,1
0213016,0,2024,2024-07-02,10,小児科,1
0213032,0,2024,2024-08-13,18,整形外,1
0213032,0,2024,2024-08-28,27,臨腫瘍,1
0213040,0,2024,2024-10-29,48,リウ膠,1
0213040,0,2024,2025-01-31,48,リウ膠,1
0213040,0,2024,2024-07-16,16,乳甲外,1
0213040,0,2024,2024-10-29,16,乳甲外,1
0213040,0,2024,2024-05-23,5,呼吸内,1
0213040,0,2024,2024-08-02,5,呼吸内,1
0213040,0,2024,2024-10-16,5,呼吸内,1
0213040,0,2024,2025-01-28,5,呼吸内,1
0213040,0,2024,2024-06-06,7,循環内,2
0213040,0,2024,2024-06-13,7,循環内,1
0213040,0,2024,2024-06-27,7,循環内,1
0213040,0,2024,2024-07-11,7,循環内,1
0213040,0,2024,2024-07-18,7,循環内,1
0213040,0,2024,2024-07-19,7,循環内,1
0213040,0,2024,2024-08-04,7,循環内,1
0213040,0,2024,2024-08-07,7,循環内,1
0213040,0,2024,2024-08-15,7,循環内,1
0213040,0,2024,2024-08-22,7,循環内,1
0213040,0,2024,2024-08-28,7,循環内,1
0213040,0,2024,2024-10-31,7,循環内,2
0213040,0,2024,2024-11-28,7,循環内,1
0213040,0,2024,2024-12-04,7,循環内,1
0213040,0,2024,2024-12-19,7,循環内,1
0213040,0,2024,2025-01-08,7,循環内,1
0213040,0,2024,2025-01-09,7,循環内,1
0213040,0,2024,2025-01-16,7,循環内,1
0213040,0,2024,2025-02-27,7,循環内,1
0213040,0,2024,2025-03-13,7,循環内,1
0213040,0,2024,2025-03-21,7,循環内,1
0213040,0,2024,2024-05-24,15,心血外,1
0213040,0,2024,2024-06-14,15,心血外,1
0213040,0,2024,2024-06-19,15,心血外,2
0213040,0,2024,2024-07-12,15,心血外,1
0213040,0,2024,2024-07-17,15,心血外,1
0213040,0,2024,2024-07-22,15,心血外,1
0213040,0,2024,2024-07-26,15,心血外,1
0213040,0,2024,2024-11-22,15,心血外,1
0213040,0,2024,2024-12-02,15,心血外,1
0213040,0,2024,2024-12-11,15,心血外,1
0213040,0,2024,2024-12-13,15,心血外,1
0213040,0,2024,2024-12-23,15,心血外,1
0213040,0,2024,2025-01-10,15,心血外,1
0213040,0,2024,2025-01-31,15,心血外,2
0213040,0,2024,2025-03-04,15,心血外,1
0213040,0,2024,2025-03-07,15,心血外,1
0213040,0,2024,2025-03-14,15,心血外,1
0213040,0,2024,2025-03-17,15,心血外,1
0213040,0,2024,2025-03-28,15,心血外,1
0213040,0,2024,2024-05-25,34,救急科,1
0213040,0,2024,2024-06-28,34,救急科,1
0213040,0,2024,2024-07-02,34,救急科,1
0213040,0,2024,2024-08-26,34,救急科,1
0213040,0,2024,2024-08-30,34,救急科,1
0213040,0,2024,2024-12-30,34,救急科,1
0213040,0,2024,2024-05-11,18,整形外,1
0213040,0,2024,2024-05-21,18,整形外,1
0213040,0,2024,2024-06-04,18,整形外,1
0213040,0,2024,2024-06-19,18,整形外,1
0213040,0,2024,2024-06-21,18,整形外,1
0213040,0,2024,2024-06-28,18,整形外,1
0213040,0,2024,2024-07-08,18,整形外,1
0213040,0,2024,2024-07-18,18,整形外,1
0213040,0,2024,2024-08-20,18,整形外,1
0213040,0,2024,2024-10-03,18,整形外,1
0213040,0,2024,2024-10-07,18,整形外,1
0213040,0,2024,2024-10-08,18,整形外,1
0213040,0,2024,2024-10-15,18,整形外,1
0213040,0,2024,2024-12-03,18,整形外,2
0213040,0,2024,2024-12-06,18,整形外,1
0213040,0,2024,2024-12-17,18,整形外,1
0213040,0,2024,2024-12-19,18,整形外,1
0213040,0,2024,2024-12-27,18,整形外,1
0213040,0,2024,2025-01-06,18,整形外,1
0213040,0,2024,2025-01-14,18,整形外,1
0213040,0,2024,2025-01-19,18,整形外,1
0213040,0,2024,2025-02-12,18,整形外,1
0213040,0,2024,2025-02-14,18,整形外,1
0213040,0,2024,2025-02-19,18,整形外,1
0213040,0,2024,2025-02-26,18,整形外,1
0213040,0,2024,2025-02-28,18,整形外,1
0213040,0,2024,2025-03-13,18,整形外,1
0213040,0,2024,2025-03-17,18,整形外,2
0213040,0,2024,2025-03-19,18,整形外,1
0213040,0,2024,2025-03-26,18,整形外,1
0213040,0,2024,2024-06-24,22,泌尿器,1
0213040,0,2024,2024-07-11,22,泌尿器,1
0213040,0,2024,2024-07-26,22,泌尿器,1
0213040,0,2024,2024-08-02,22,泌尿器,1
0213040,0,2024,2024-08-05,22,泌尿器,1
0213040,0,2024,2024-10-07,22,泌尿器,1
0213040,0,2024,2024-10-21,22,泌尿器,1
0213040,0,2024,2024-11-11,22,泌尿器,2
0213040,0,2024,2024-11-26,22,泌尿器,1
0213040,0,2024,2024-12-09,22,泌尿器,1
0213040,0,2024,2024-12-17,22,泌尿器,1
0213040,0,2024,2025-01-06,22,泌尿器,1
0213040,0,2024,2025-03-31,22,泌尿器,1
0213040,0,2024,2024-05-22,50,消化内,1
0213040,0,2024,2024-06-15,50,消化内,1
0213040,0,2024,2024-07-23,50,消化内,1
0213040,0,2024,2024-08-20,50,消化内,1
0213040,0,2024,2024-10-02,50,消化内,1
0213040,0,2024,2024-11-02,50,消化内,1
0213040,0,2024,2024-12-10,50,消化内,1
0213040,0,2024,2025-01-06,50,消化内,1
0213040,0,2024,2025-01-09,50,消化内,1
0213040,0,2024,2025-01-20,50,消化内,1
0213040,0,2024,2025-01-22,50,消化内,1
0213040,0,2024,2025-02-10,50,消化内,1
0213040,0,2024,2025-02-13,50,消化内,1
0213040,0,2024,2025-03-11,50,消化内,1
0213040,0,2024,2025-03-18,50,消化内,1
0213040,0,2024,2025-03-31,50,消化内,1
0213040,0,2024,2025-03-18,14,消化外,1
0213040,0,2024,2025-03-31,14,消化外,1
0213040,0,2024,2024-05-08,21,皮膚科,1
0213040,0,2024,2024-05-17,21,皮膚科,1
0213040,0,2024,2024-05-27,21,皮膚科,1
0213040,0,2024,2024-06-07,21,皮膚科,1
0213040,0,2024,2024-06-10,21,皮膚科,1
0213040,0,2024,2024-06-14,21,皮膚科,1
0213040,0,2024,2024-06-24,21,皮膚科,1
0213040,0,2024,2024-07-02,21,皮膚科,1
0213040,0,2024,2024-07-29,21,皮膚科,2
0213040,0,2024,2024-08-09,21,皮膚科,1
0213040,0,2024,2024-10-07,21,皮膚科,1
0213040,0,2024,2024-10-15,21,皮膚科,1
0213040,0,2024,2024-10-22,21,皮膚科,1
0213040,0,2024,2024-10-29,21,皮膚科,1
0213040,0,2024,2024-12-02,21,皮膚科,1
0213040,0,2024,2024-12-18,21,皮膚科,1
0213040,0,2024,2024-12-20,21,皮膚科,2
0213040,0,2024,2024-12-25,21,皮膚科,1
0213040,0,2024,2025-03-17,21,皮膚科,1
0213040,0,2024,2024-05-20,26,眼科,1
0213040,0,2024,2024-08-28,26,眼科,1
0213040,0,2024,2024-12-16,26,眼科,1
0213040,0,2024,2025-03-14,26,眼科,1
0213040,0,2024,2024-05-13,25,耳鼻科,1
0213040,0,2024,2024-10-07,25,耳鼻科,1
0213040,0,2024,2024-11-25,25,耳鼻科,1
0213040,0,2024,2024-06-13,9,脳卒中,1
0213040,0,2024,2024-07-17,9,脳卒中,1
0213040,0,2024,2024-10-18,9,脳卒中,1
0213040,0,2024,2024-08-26,2,脳神内,1
0213040,0,2024,2024-10-07,2,脳神内,1
0213040,0,2024,2025-01-21,2,脳神内,1
0213040,0,2024,2025-03-14,2,脳神内,1
0213040,0,2024,2024-07-02,20,脳神外,1
0213040,0,2024,2024-07-12,20,脳神外,1
0213040,0,2024,2024-10-01,20,脳神外,1
0213040,0,2024,2024-10-18,20,脳神外,1
0213040,0,2024,2024-11-01,20,脳神外,1
0213040,0,2024,2024-12-03,20,脳神外,1
0213040,0,2024,2025-01-11,20,脳神外,1
0213040,0,2024,2025-02-06,20,脳神外,1
0213040,0,2024,2024-05-24,8,腎臓内,1
0213040,0,2024,2024-06-07,8,腎臓内,1
0213040,0,2024,2024-06-11,8,腎臓内,1
0213040,0,2024,2024-06-14,8,腎臓内,1
0213040,0,2024,2024-06-21,8,腎臓内,1
0213040,0,2024,2024-07-12,8,腎臓内,1
0213040,0,2024,2024-08-02,8,腎臓内,2
0213040,0,2024,2024-08-23,8,腎臓内,3
0213040,0,2024,2024-08-30,8,腎臓内,1
0213040,0,2024,2024-10-01,8,腎臓内,1
0213040,0,2024,2024-10-02,8,腎臓内,1
0213040,0,2024,2024-10-04,8,腎臓内,1
0213040,0,2024,2024-10-07,8,腎臓内,1
0213040,0,2024,2024-10-11,8,腎臓内,1
0213040,0,2024,2024-10-18,8,腎臓内,1
0213040,0,2024,2024-11-29,8,腎臓内,1
0213040,0,2024,2024-12-06,8,腎臓内,2
0213040,0,2024,2024-12-13,8,腎臓内,1
0213040,0,2024,2024-12-20,8,腎臓内,2
0213040,0,2024,2024-12-26,8,腎臓内,1
0213040,0,2024,2025-02-28,8,腎臓内,1
0213040,0,2024,2025-03-14,8,腎臓内,4
0213040,0,2024,2025-03-21,8,腎臓内,1
0213040,0,2024,2024-05-23,1,血液内,1
0213040,0,2024,2024-06-24,1,血液内,1
0213040,0,2024,2025-02-03,1,血液内,1
0213040,0,2024,2025-03-13,1,血液内,1
0213040,0,2024,2025-03-27,1,血液内,1
0213040,0,2024,2024-11-20,37,麻酔科,1
0213057,0,2024,2024-05-22,25,耳鼻科,1
0213057,0,2024,2024-08-19,25,耳鼻科,1
0213057,0,2024,2024-11-06,25,耳鼻科,1
0213057,0,2024,2024-11-20,25,耳鼻科,1
0213057,0,2024,2024-12-02,25,耳鼻科,1
0213057,0,2024,2025-01-15,25,耳鼻科,1
0213057,0,2024,2025-01-20,25,耳鼻科,2
0213057,0,2024,2025-02-12,25,耳鼻科,1
0213057,0,2024,2025-03-31,25,耳鼻科,1
0213065,0,2024,2024-08-16,48,リウ膠,1
0213065,0,2024,2025-03-25,48,リウ膠,1
0213065,0,2024,2024-05-27,31,リハ,1
0213065,0,2024,2024-06-24,31,リハ,1
0213065,0,2024,2025-02-03,31,リハ,1
0213065,0,2024,2025-02-17,31,リハ,1
0213065,0,2024,2025-03-10,31,リハ,1
0213065,0,2024,2025-03-17,31,リハ,1
0213065,0,2024,2024-06-18,16,乳甲外,1
0213065,0,2024,2024-05-09,5,呼吸内,1
0213065,0,2024,2024-06-25,5,呼吸内,1
0213065,0,2024,2024-07-26,5,呼吸内,1
0213065,0,2024,2024-12-18,5,呼吸内,1
0213065,0,2024,2025-01-14,5,呼吸内,1
0213065,0,2024,2025-01-16,5,呼吸内,1
0213065,0,2024,2025-01-27,5,呼吸内,1
0213065,0,2024,2025-02-20,5,呼吸内,1
0213065,0,2024,2025-03-13,5,呼吸内,1
0213065,0,2024,2024-05-17,13,呼吸外,1
0213065,0,2024,2024-07-03,13,呼吸外,1
0213065,0,2024,2024-07-10,13,呼吸外,1
0213065,0,2024,2025-01-08,13,呼吸外,1
0213065,0,2024,2025-02-12,13,呼吸外,1
0213065,0,2024,2025-02-19,13,呼吸外,1
0213065,0,2024,2024-07-18,17,小児外,3
0213065,0,2024,2024-05-13,19,形成外,1
0213065,0,2024,2024-05-30,19,形成外,1
0213065,0,2024,2024-06-25,19,形成外,1
0213065,0,2024,2024-07-30,19,形成外,1
0213065,0,2024,2024-08-13,19,形成外,2
0213065,0,2024,2024-08-28,19,形成外,1
0213065,0,2024,2024-10-11,19,形成外,1
0213065,0,2024,2024-10-22,19,形成外,1
0213065,0,2024,2024-10-29,19,形成外,1
0213065,0,2024,2024-11-05,19,形成外,1
0213065,0,2024,2024-11-09,19,形成外,1
0213065,0,2024,2024-12-06,19,形成外,1
0213065,0,2024,2024-12-28,19,形成外,1
0213065,0,2024,2025-01-28,19,形成外,1
0213065,0,2024,2025-01-29,19,形成外,1
0213065,0,2024,2025-02-14,19,形成外,1
0213065,0,2024,2025-03-11,19,形成外,1
0213065,0,2024,2024-05-29,7,循環内,1
0213065,0,2024,2024-11-27,7,循環内,1
0213065,0,2024,2024-12-27,7,循環内,1
0213065,0,2024,2025-03-21,7,循環内,1
0213065,0,2024,2025-03-28,7,循環内,1
0213065,0,2024,2024-05-29,15,心血外,2
0213065,0,2024,2024-08-05,15,心血外,2
0213065,0,2024,2024-12-24,15,心血外,1
0213065,0,2024,2024-12-25,15,心血外,1
0213065,0,2024,2024-12-27,15,心血外,2
0213065,0,2024,2025-03-10,15,心血外,1
0213065,0,2024,2025-03-24,15,心血外,1
0213065,0,2024,2024-07-19,28,放診断,1
0213065,0,2024,2024-08-20,34,救急科,1
0213065,0,2024,2024-11-02,34,救急科,1
0213065,0,2024,2024-05-01,18,整形外,1
0213065,0,2024,2024-05-08,18,整形外,1
0213065,0,2024,2024-05-28,18,整形外,1
0213065,0,2024,2024-06-03,18,整形外,1
0213065,0,2024,2024-06-12,18,整形外,1
0213065,0,2024,2024-07-11,18,整形外,1
0213065,0,2024,2024-07-17,18,整形外,1
0213065,0,2024,2024-08-05,18,整形外,1
0213065,0,2024,2024-08-19,18,整形外,1
0213065,0,2024,2024-10-07,18,整形外,1
0213065,0,2024,2024-10-10,18,整形外,1
0213065,0,2024,2024-10-29,18,整形外,1
0213065,0,2024,2024-10-30,18,整形外,1
0213065,0,2024,2024-10-31,18,整形外,1
0213065,0,2024,2024-11-11,18,整形外,1
0213065,0,2024,2024-11-20,18,整形外,1
0213065,0,2024,2024-11-25,18,整形外,1
0213065,0,2024,2024-12-02,18,整形外,1
0213065,0,2024,2024-12-05,18,整形外,1
0213065,0,2024,2024-12-11,18,整形外,1
0213065,0,2024,2025-01-30,18,整形外,1
0213065,0,2024,2025-02-03,18,整形外,1
0213065,0,2024,2025-02-06,18,整形外,1
0213065,0,2024,2025-02-14,18,整形外,1
0213065,0,2024,2025-02-20,18,整形外,1
0213065,0,2024,2025-03-18,18,整形外,2
0213065,0,2024,2024-10-04,32,歯口外,1
0213065,0,2024,2024-05-31,22,泌尿器,1
0213065,0,2024,2024-06-12,22,泌尿器,1
0213065,0,2024,2024-06-17,22,泌尿器,1
0213065,0,2024,2024-06-19,22,泌尿器,1
0213065,0,2024,2024-07-01,22,泌尿器,1
0213065,0,2024,2024-07-08,22,泌尿器,1
0213065,0,2024,2024-08-08,22,泌尿器,1
0213065,0,2024,2024-08-28,22,泌尿器,1
0213065,0,2024,2024-10-09,22,泌尿器,1
0213065,0,2024,2024-10-23,22,泌尿器,1
0213065,0,2024,2024-10-25,22,泌尿器,1
0213065,0,2024,2024-11-20,22,泌尿器,1
0213065,0,2024,2024-11-27,22,泌尿器,1
0213065,0,2024,2024-11-29,22,泌尿器,1
0213065,0,2024,2025-01-08,22,泌尿器,2
0213065,0,2024,2025-02-06,22,泌尿器,1
0213065,0,2024,2025-02-17,22,泌尿器,1
0213065,0,2024,2025-02-21,22,泌尿器,1
0213065,0,2024,2025-02-27,22,泌尿器,1
0213065,0,2024,2025-03-10,22,泌尿器,1
0213065,0,2024,2025-03-19,22,泌尿器,1
0213065,0,2024,2025-03-24,22,泌尿器,1
0213065,0,2024,2024-07-11,50,消化内,1
0213065,0,2024,2024-10-01,50,消化内,1
0213065,0,2024,2024-12-23,50,消化内,1
0213065,0,2024,2024-05-28,14,消化外,1
0213065,0,2024,2024-06-27,14,消化外,1
0213065,0,2024,2024-11-26,14,消化外,1
0213065,0,2024,2024-05-21,21,皮膚科,1
0213065,0,2024,2024-06-17,21,皮膚科,1
0213065,0,2024,2024-06-18,21,皮膚科,1
0213065,0,2024,2024-07-10,21,皮膚科,1
0213065,0,2024,2024-07-16,21,皮膚科,1
0213065,0,2024,2024-07-17,21,皮膚科,1
0213065,0,2024,2024-07-26,21,皮膚科,1
0213065,0,2024,2024-08-13,21,皮膚科,1
0213065,0,2024,2024-10-11,21,皮膚科,1
0213065,0,2024,2024-10-25,21,皮膚科,1
0213065,0,2024,2024-11-15,21,皮膚科,1
0213065,0,2024,2024-11-26,21,皮膚科,1
0213065,0,2024,2024-12-19,21,皮膚科,1
0213065,0,2024,2025-01-03,21,皮膚科,1
0213065,0,2024,2025-01-31,21,皮膚科,1
0213065,0,2024,2025-03-28,21,皮膚科,1
0213065,0,2024,2024-07-11,6,糖尿内,1
0213065,0,2024,2024-06-18,25,耳鼻科,1
0213065,0,2024,2024-11-08,25,耳鼻科,1
0213065,0,2024,2025-01-29,25,耳鼻科,1
0213065,0,2024,2025-03-03,25,耳鼻科,1
0213065,0,2024,2024-05-20,9,脳卒中,1
0213065,0,2024,2024-06-27,9,脳卒中,1
0213065,0,2024,2024-05-20,2,脳神内,1
0213065,0,2024,2024-06-06,2,脳神内,1
0213065,0,2024,2024-07-08,2,脳神内,1
0213065,0,2024,2024-10-08,2,脳神内,1
0213065,0,2024,2024-10-09,2,脳神内,1
0213065,0,2024,2024-10-21,2,脳神内,1
0213065,0,2024,2025-01-23,2,脳神内,1
0213065,0,2024,2025-02-06,2,脳神内,1
0213065,0,2024,2025-03-28,2,脳神内,1
0213065,0,2024,2024-05-05,20,脳神外,1
0213065,0,2024,2024-06-04,20,脳神外,1
0213065,0,2024,2024-06-21,20,脳神外,1
0213065,0,2024,2024-06-24,20,脳神外,1
0213065,0,2024,2024-07-08,20,脳神外,1
0213065,0,2024,2024-07-17,20,脳神外,1
0213065,0,2024,2024-07-19,20,脳神外,1
0213065,0,2024,2024-07-27,20,脳神外,1
0213065,0,2024,2024-08-16,20,脳神外,1
0213065,0,2024,2024-08-19,20,脳神外,1
0213065,0,2024,2024-10-07,20,脳神外,1
0213065,0,2024,2024-10-16,20,脳神外,1
0213065,0,2024,2024-10-21,20,脳神外,1
0213065,0,2024,2024-11-14,20,脳神外,1
0213065,0,2024,2024-11-21,20,脳神外,1
0213065,0,2024,2024-11-25,20,脳神外,1
0213065,0,2024,2024-12-04,20,脳神外,1
0213065,0,2024,2024-12-18,20,脳神外,1
0213065,0,2024,2024-12-27,20,脳神外,1
0213065,0,2024,2025-02-15,20,脳神外,1
0213065,0,2024,2025-03-17,20,脳神外,1
0213065,0,2024,2025-03-21,20,脳神外,1
0213065,0,2024,2024-10-30,8,腎臓内,1
0213065,0,2024,2025-01-24,8,腎臓内,1
0213065,0,2024,2024-05-20,1,血液内,1
0213065,0,2024,2024-06-07,1,血液内,1
0213065,0,2024,2024-11-06,1,血液内,1
0213065,0,2024,2024-12-06,1,血液内,1
0213065,0,2024,2024-12-17,1,血液内,1
0213073,0,2024,2024-05-02,19,形成外,2
0213073,0,2024,2024-05-23,19,形成外,1
0213073,0,2024,2024-05-30,19,形成外,1
0213073,0,2024,2024-10-05,28,放診断,1
0213073,0,2024,2024-05-10,26,眼科,1
0213073,0,2024,2024-05-23,26,眼科,1
0213073,0,2024,2024-06-20,26,眼科,1
0213073,0,2024,2024-08-05,26,眼科,1
0213073,0,2024,2024-08-13,26,眼科,1
0213073,0,2024,2024-10-01,26,眼科,1
0213073,0,2024,2024-10-10,26,眼科,1
0213073,0,2024,2024-11-26,26,眼科,1
0213073,0,2024,2024-06-21,20,脳神外,1
0213081,0,2024,2024-11-06,50,消化内,1
0213099,0,2024,2024-05-20,7,循環内,1
0213099,0,2024,2024-05-31,7,循環内,1
0213099,0,2024,2025-02-27,7,循環内,1
0213099,0,2024,2024-05-15,15,心血外,1
0213099,0,2024,2024-05-20,15,心血外,1
0213099,0,2024,2024-05-27,18,整形外,1
0213099,0,2024,2024-08-13,18,整形外,1
0213099,0,2024,2024-08-26,18,整形外,1
0213099,0,2024,2024-08-30,18,整形外,1
0213099,0,2024,2025-01-23,18,整形外,1
0213099,0,2024,2024-05-22,50,消化内,1
0213099,0,2024,2024-07-22,21,皮膚科,1
0213099,0,2024,2024-07-17,6,糖尿内,1
0213099,0,2024,2024-05-14,9,脳卒中,1
0213099,0,2024,2024-12-10,9,脳卒中,1
0213099,0,2024,2025-02-05,9,脳卒中,1
0213115,0,2024,2024-07-03,21,皮膚科,1
0213115,0,2024,2024-07-24,21,皮膚科,1
0213115,0,2024,2025-01-15,21,皮膚科,1
0213115,0,2024,2025-02-12,21,皮膚科,1
0213123,0,2024,2024-06-17,48,リウ膠,1
0213123,0,2024,2024-06-17,5,呼吸内,1
0213123,0,2024,2024-07-20,5,呼吸内,1
0213123,0,2024,2024-08-20,5,呼吸内,1
0213123,0,2024,2024-08-27,5,呼吸内,1
0213123,0,2024,2024-08-28,5,呼吸内,1
0213123,0,2024,2025-03-11,5,呼吸内,1
0213123,0,2024,2024-07-02,7,循環内,1
0213123,0,2024,2024-10-17,7,循環内,1
0213123,0,2024,2024-11-21,7,循環内,1
0213123,0,2024,2024-12-24,7,循環内,1
0213123,0,2024,2025-02-04,7,循環内,1
0213123,0,2024,2025-02-07,7,循環内,1
0213123,0,2024,2025-01-14,15,心血外,1
0213123,0,2024,2024-05-15,18,整形外,1
0213123,0,2024,2024-06-05,18,整形外,1
0213123,0,2024,2024-07-22,18,整形外,1
0213123,0,2024,2024-08-01,50,消化内,1
0213123,0,2024,2024-08-21,50,消化内,1
0213123,0,2024,2024-10-02,50,消化内,1
0213123,0,2024,2024-10-16,50,消化内,1
0213123,0,2024,2024-11-30,50,消化内,1
0213123,0,2024,2025-01-07,50,消化内,1
0213123,0,2024,2025-02-17,50,消化内,1
0213123,0,2024,2024-07-22,43,産婦人,1
0213123,0,2024,2024-11-19,21,皮膚科,1
0213123,0,2024,2024-06-17,6,糖尿内,1
0213123,0,2024,2024-06-07,25,耳鼻科,1
0213123,0,2024,2024-11-11,25,耳鼻科,1
0213123,0,2024,2024-05-22,2,脳神内,1
0213123,0,2024,2024-07-17,2,脳神内,1
0213123,0,2024,2024-12-29,20,脳神外,1
0213123,0,2024,2024-07-12,8,腎臓内,1
0213123,0,2024,2024-11-22,8,腎臓内,1
0213123,0,2024,2024-12-06,8,腎臓内,1
0213123,0,2024,2024-12-17,8,腎臓内,1
0213123,0,2024,2025-01-17,8,腎臓内,1
0213123,0,2024,2025-01-31,8,腎臓内,1
0213123,0,2024,2025-03-14,8,腎臓内,1
0213123,0,2024,2025-03-28,8,腎臓内,1
0213131,0,2024,2024-05-22,48,リウ膠,1
0213131,0,2024,2024-07-05,16,乳甲外,1
0213131,0,2024,2024-12-12,7,循環内,1
0213131,0,2024,2025-03-07,15,心血外,1
0213131,0,2024,2024-06-07,28,放診断,1
0213131,0,2024,2025-01-21,18,整形外,1
0213131,0,2024,2025-03-04,50,消化内,1
0213131,0,2024,2025-03-19,25,耳鼻科,1
0213164,0,2024,2024-12-17,48,リウ膠,1
0213164,0,2024,2024-12-20,48,リウ膠,1
0213164,0,2024,2024-05-31,16,乳甲外,1
0213164,0,2024,2024-06-14,16,乳甲外,1
0213164,0,2024,2024-10-26,5,呼吸内,1
0213164,0,2024,2024-11-07,5,呼吸内,1
0213164,0,2024,2024-12-02,5,呼吸内,1
0213164,0,2024,2025-01-22,5,呼吸内,1
0213164,0,2024,2025-02-25,5,呼吸内,1
0213164,0,2024,2025-03-03,5,呼吸内,1
0213164,0,2024,2024-05-13,13,呼吸外,1
0213164,0,2024,2024-11-06,13,呼吸外,1
0213164,0,2024,2024-05-23,7,循環内,1
0213164,0,2024,2024-07-12,7,循環内,1
0213164,0,2024,2024-08-10,7,循環内,1
0213164,0,2024,2024-08-21,7,循環内,1
0213164,0,2024,2024-10-30,7,循環内,1
0213164,0,2024,2025-01-30,7,循環内,1
0213164,0,2024,2024-07-03,15,心血外,1
0213164,0,2024,2024-10-18,15,心血外,1
0213164,0,2024,2025-02-25,15,心血外,1
0213164,0,2024,2025-01-29,29,放治療,1
0213164,0,2024,2025-03-11,34,救急科,1
0213164,0,2024,2024-06-10,18,整形外,1
0213164,0,2024,2024-07-05,18,整形外,1
0213164,0,2024,2024-07-18,18,整形外,1
0213164,0,2024,2024-12-09,18,整形外,1
0213164,0,2024,2024-12-11,18,整形外,1
0213164,0,2024,2025-01-15,18,整形外,1
0213164,0,2024,2025-01-27,18,整形外,1
0213164,0,2024,2025-01-29,18,整形外,1
0213164,0,2024,2025-03-18,18,整形外,1
0213164,0,2024,2024-05-27,50,消化内,2
0213164,0,2024,2024-05-31,50,消化内,1
0213164,0,2024,2024-08-01,50,消化内,1
0213164,0,2024,2024-08-30,50,消化内,1
0213164,0,2024,2024-11-29,50,消化内,1
0213164,0,2024,2024-12-03,50,消化内,1
0213164,0,2024,2024-06-13,14,消化外,1
0213164,0,2024,2024-07-29,14,消化外,1
0213164,0,2024,2024-11-13,14,消化外,1
0213164,0,2024,2025-02-17,14,消化外,1
0213164,0,2024,2024-07-26,21,皮膚科,1
0213164,0,2024,2024-07-31,21,皮膚科,1
0213164,0,2024,2024-10-18,21,皮膚科,1
0213164,0,2024,2024-11-22,21,皮膚科,1
0213164,0,2024,2024-11-29,21,皮膚科,1
0213164,0,2024,2024-12-20,21,皮膚科,1
0213164,0,2024,2025-02-28,21,皮膚科,1
0213164,0,2024,2024-11-07,26,眼科,1
0213164,0,2024,2024-06-08,6,糖尿内,1
0213164,0,2024,2024-05-09,36,総合診,1
0213164,0,2024,2024-07-26,25,耳鼻科,1
0213164,0,2024,2024-11-20,25,耳鼻科,1
0213164,0,2024,2024-12-11,25,耳鼻科,2
0213164,0,2024,2024-07-01,2,脳神内,1
0213164,0,2024,2024-11-18,2,脳神内,1
0213164,0,2024,2025-01-29,2,脳神内,1
0213164,0,2024,2025-03-24,2,脳神内,1
0213164,0,2024,2024-05-17,8,腎臓内,1
0213164,0,2024,2024-05-20,8,腎臓内,1
0213164,0,2024,2024-05-22,8,腎臓内,1
0213164,0,2024,2024-06-07,8,腎臓内,1
0213164,0,2024,2024-06-25,8,腎臓内,1
0213164,0,2024,2024-06-28,8,腎臓内,2
0213164,0,2024,2024-07-12,8,腎臓内,1
0213164,0,2024,2024-07-19,8,腎臓内,2
0213164,0,2024,2024-08-16,8,腎臓内,1
0213164,0,2024,2024-08-23,8,腎臓内,1
0213164,0,2024,2024-10-16,8,腎臓内,1
0213164,0,2024,2024-10-18,8,腎臓内,1
0213164,0,2024,2024-11-01,8,腎臓内,1
0213164,0,2024,2024-11-15,8,腎臓内,1
0213164,0,2024,2024-11-29,8,腎臓内,2
0213164,0,2024,2024-12-06,8,腎臓内,1
0213164,0,2024,2024-12-13,8,腎臓内,1
0213164,0,2024,2025-01-10,8,腎臓内,1
0213164,0,2024,2025-01-17,8,腎臓内,1
0213164,0,2024,2025-01-24,8,腎臓内,1
0213164,0,2024,2025-01-31,8,腎臓内,2
0213164,0,2024,2025-02-21,8,腎臓内,1
0213164,0,2024,2025-03-14,8,腎臓内,1
0213164,0,2024,2025-03-28,8,腎臓内,1
0213164,0,2024,2024-08-07,1,血液内,1
0213164,0,2024,2024-10-31,1,血液内,1
0213164,0,2024,2024-12-20,1,血液内,1
0213164,0,2024,2025-01-29,1,血液内,1
0213164,0,2024,2025-03-26,1,血液内,1
0213172,0,2024,2024-05-28,48,リウ膠,1
0213172,0,2024,2025-02-13,48,リウ膠,1
0213172,0,2024,2024-11-08,19,形成外,1
0213172,0,2024,2024-11-20,19,形成外,1
0213172,0,2024,2025-02-26,19,形成外,1
0213172,0,2024,2024-10-16,15,心血外,1
0213172,0,2024,2024-10-30,15,心血外,1
0213172,0,2024,2024-12-11,34,救急科,1
0213172,0,2024,2024-05-02,21,皮膚科,1
0213172,0,2024,2024-05-17,21,皮膚科,1
0213172,0,2024,2024-05-31,21,皮膚科,1
0213172,0,2024,2024-06-04,21,皮膚科,1
0213172,0,2024,2024-06-11,21,皮膚科,1
0213172,0,2024,2024-06-17,21,皮膚科,1
0213172,0,2024,2024-06-28,21,皮膚科,2
0213172,0,2024,2024-07-03,21,皮膚科,1
0213172,0,2024,2024-07-17,21,皮膚科,1
0213172,0,2024,2024-07-23,21,皮膚科,1
0213172,0,2024,2024-07-29,21,皮膚科,1
0213172,0,2024,2024-07-31,21,皮膚科,2
0213172,0,2024,2024-08-02,21,皮膚科,1
0213172,0,2024,2024-08-07,21,皮膚科,1
0213172,0,2024,2024-08-26,21,皮膚科,2
0213172,0,2024,2024-10-07,21,皮膚科,1
0213172,0,2024,2024-10-15,21,皮膚科,1
0213172,0,2024,2024-10-18,21,皮膚科,1
0213172,0,2024,2024-10-21,21,皮膚科,1
0213172,0,2024,2024-10-30,21,皮膚科,1
0213172,0,2024,2024-10-31,21,皮膚科,1
0213172,0,2024,2024-11-15,21,皮膚科,1
0213172,0,2024,2024-11-19,21,皮膚科,1
0213172,0,2024,2024-11-20,21,皮膚科,1
0213172,0,2024,2024-11-26,21,皮膚科,1
0213172,0,2024,2024-11-29,21,皮膚科,2
0213172,0,2024,2024-12-04,21,皮膚科,1
0213172,0,2024,2024-12-05,21,皮膚科,1
0213172,0,2024,2024-12-06,21,皮膚科,1
0213172,0,2024,2024-12-11,21,皮膚科,1
0213172,0,2024,2024-12-13,21,皮膚科,1
0213172,0,2024,2024-12-19,21,皮膚科,1
0213172,0,2024,2024-12-23,21,皮膚科,1
0213172,0,2024,2024-12-26,21,皮膚科,1
0213172,0,2024,2025-01-10,21,皮膚科,1
0213172,0,2024,2025-01-17,21,皮膚科,1
0213172,0,2024,2025-01-20,21,皮膚科,1
0213172,0,2024,2025-01-24,21,皮膚科,1
0213172,0,2024,2025-01-30,21,皮膚科,1
0213172,0,2024,2025-02-05,21,皮膚科,2
0213172,0,2024,2025-02-19,21,皮膚科,2
0213172,0,2024,2025-02-21,21,皮膚科,1
0213172,0,2024,2025-02-28,21,皮膚科,1
0213172,0,2024,2025-03-07,21,皮膚科,1
0213172,0,2024,2025-03-27,21,皮膚科,1
0213172,0,2024,2025-03-31,21,皮膚科,1
0213172,0,2024,2024-08-08,2,脳神内,1
0213214,0,2024,2024-06-14,16,乳甲外,1
0213214,0,2024,2024-06-11,18,整形外,1
0213214,0,2024,2024-07-18,18,整形外,1
0213214,0,2024,2024-08-22,18,整形外,2
0213214,0,2024,2024-12-10,50,消化内,1
0213214,0,2024,2025-03-12,14,消化外,1
0213214,0,2024,2024-06-17,9,脳卒中,1
0213214,0,2024,2025-02-19,9,脳卒中,1
0213214,0,2024,2024-06-14,2,脳神内,1
0213214,0,2024,2025-01-14,20,脳神外,1
0213214,0,2024,2025-02-06,20,脳神外,1
0213214,0,2024,2024-12-10,1,血液内,1
0213222,0,2024,2024-05-22,18,整形外,1
0213222,0,2024,2024-05-07,21,皮膚科,1
0213222,0,2024,2024-05-15,21,皮膚科,1
0213222,0,2024,2024-05-22,21,皮膚科,1
0213222,0,2024,2024-05-24,21,皮膚科,1
0213222,0,2024,2024-06-03,21,皮膚科,1
0213222,0,2024,2024-06-04,21,皮膚科,1
0213222,0,2024,2024-06-10,21,皮膚科,2
0213222,0,2024,2024-06-11,21,皮膚科,1
0213222,0,2024,2024-06-12,21,皮膚科,1
0213222,0,2024,2024-06-24,21,皮膚科,1
0213222,0,2024,2024-06-25,21,皮膚科,1
0213222,0,2024,2024-07-01,21,皮膚科,1
0213222,0,2024,2024-07-02,21,皮膚科,1
0213222,0,2024,2024-07-08,21,皮膚科,2
0213222,0,2024,2024-07-09,21,皮膚科,1
0213222,0,2024,2024-07-17,21,皮膚科,2
0213222,0,2024,2024-07-22,21,皮膚科,1
0213222,0,2024,2024-07-23,21,皮膚科,1
0213222,0,2024,2024-07-29,21,皮膚科,2
0213222,0,2024,2024-08-01,21,皮膚科,1
0213222,0,2024,2024-08-07,21,皮膚科,1
0213222,0,2024,2024-08-27,21,皮膚科,1
0213222,0,2024,2024-10-01,21,皮膚科,1
0213222,0,2024,2024-10-04,21,皮膚科,1
0213222,0,2024,2024-10-07,21,皮膚科,2
0213222,0,2024,2024-10-10,21,皮膚科,1
0213222,0,2024,2024-10-15,21,皮膚科,1
0213222,0,2024,2024-10-18,21,皮膚科,1
0213222,0,2024,2024-10-23,21,皮膚科,1
0213222,0,2024,2024-10-25,21,皮膚科,1
0213222,0,2024,2024-10-29,21,皮膚科,1
0213222,0,2024,2024-11-01,21,皮膚科,1
0213222,0,2024,2024-11-06,21,皮膚科,1
0213222,0,2024,2024-11-13,21,皮膚科,1
0213222,0,2024,2024-11-15,21,皮膚科,1
0213222,0,2024,2024-11-19,21,皮膚科,1
0213222,0,2024,2024-11-25,21,皮膚科,1
0213222,0,2024,2024-11-26,21,皮膚科,1
0213222,0,2024,2024-11-28,21,皮膚科,1
0213222,0,2024,2024-12-02,21,皮膚科,1
0213222,0,2024,2024-12-04,21,皮膚科,2
0213222,0,2024,2024-12-11,21,皮膚科,1
0213222,0,2024,2024-12-13,21,皮膚科,1
0213222,0,2024,2024-12-26,21,皮膚科,1
0213222,0,2024,2025-01-17,21,皮膚科,1
0213222,0,2024,2025-01-21,21,皮膚科,1
0213222,0,2024,2025-01-24,21,皮膚科,1
0213222,0,2024,2025-02-07,21,皮膚科,1
0213222,0,2024,2025-02-18,21,皮膚科,1
0213222,0,2024,2025-02-19,21,皮膚科,1
0213222,0,2024,2025-02-22,21,皮膚科,1
0213222,0,2024,2025-02-25,21,皮膚科,1
0213222,0,2024,2025-02-28,21,皮膚科,1
0213222,0,2024,2025-03-12,21,皮膚科,2
0213222,0,2024,2025-03-18,21,皮膚科,2
0213222,0,2024,2025-03-24,21,皮膚科,1
0213222,0,2024,2025-03-27,21,皮膚科,1
0213222,0,2024,2025-03-28,21,皮膚科,1
0213230,0,2024,2025-02-19,12,心療科,1
0213230,0,2024,2025-01-23,2,脳神内,1
0213248,0,2024,2024-08-02,48,リウ膠,1
0213248,0,2024,2024-07-01,31,リハ,2
0213248,0,2024,2024-08-05,31,リハ,1
0213248,0,2024,2024-08-19,31,リハ,2
0213248,0,2024,2024-08-26,31,リハ,2
0213248,0,2024,2024-10-07,31,リハ,1
0213248,0,2024,2024-10-21,31,リハ,2
0213248,0,2024,2024-11-18,31,リハ,1
0213248,0,2024,2024-11-25,31,リハ,1
0213248,0,2024,2024-12-09,31,リハ,1
0213248,0,2024,2025-01-20,31,リハ,1
0213248,0,2024,2025-01-27,31,リハ,1
0213248,0,2024,2025-02-03,31,リハ,1
0213248,0,2024,2025-02-10,31,リハ,2
0213248,0,2024,2025-02-17,31,リハ,1
0213248,0,2024,2025-03-10,31,リハ,1
0213248,0,2024,2024-06-17,16,乳甲外,1
0213248,0,2024,2024-08-23,16,乳甲外,1
0213248,0,2024,2025-03-03,16,乳甲外,1
0213248,0,2024,2024-06-06,5,呼吸内,1
0213248,0,2024,2024-10-22,5,呼吸内,1
0213248,0,2024,2024-10-24,5,呼吸内,1
0213248,0,2024,2024-12-19,5,呼吸内,1
0213248,0,2024,2024-10-02,13,呼吸外,1
0213248,0,2024,2025-01-15,13,呼吸外,1
0213248,0,2024,2025-03-22,13,呼吸外,1
0213248,0,2024,2024-06-26,19,形成外,1
0213248,0,2024,2024-07-26,19,形成外,1
0213248,0,2024,2024-11-07,19,形成外,1
0213248,0,2024,2024-07-12,7,循環内,1
0213248,0,2024,2024-11-29,7,循環内,1
0213248,0,2024,2025-02-12,7,循環内,1
0213248,0,2024,2024-08-02,15,心血外,1
0213248,0,2024,2024-12-11,15,心血外,1
0213248,0,2024,2025-01-24,15,心血外,1
0213248,0,2024,2025-01-31,15,心血外,2
0213248,0,2024,2025-02-14,15,心血外,1
0213248,0,2024,2025-02-28,15,心血外,2
0213248,0,2024,2025-03-03,15,心血外,1
0213248,0,2024,2025-03-14,15,心血外,2
0213248,0,2024,2025-03-21,15,心血外,1
0213248,0,2024,2024-11-27,28,放診断,1
0213248,0,2024,2024-08-22,34,救急科,1
0213248,0,2024,2024-10-31,34,救急科,1
0213248,0,2024,2024-12-05,34,救急科,1
0213248,0,2024,2024-12-09,34,救急科,1
0213248,0,2024,2025-02-04,34,救急科,1
0213248,0,2024,2024-05-07,18,整形外,1
0213248,0,2024,2024-05-09,18,整形外,1
0213248,0,2024,2024-05-16,18,整形外,1
0213248,0,2024,2024-06-13,18,整形外,1
0213248,0,2024,2024-06-17,18,整形外,2
0213248,0,2024,2024-06-19,18,整形外,1
0213248,0,2024,2024-06-24,18,整形外,1
0213248,0,2024,2024-06-25,18,整形外,1
0213248,0,2024,2024-06-26,18,整形外,2
0213248,0,2024,2024-07-12,18,整形外,1
0213248,0,2024,2024-07-23,18,整形外,1
0213248,0,2024,2024-08-05,18,整形外,1
0213248,0,2024,2024-08-06,18,整形外,1
0213248,0,2024,2024-08-19,18,整形外,1
0213248,0,2024,2024-08-20,18,整形外,1
0213248,0,2024,2024-08-22,18,整形外,1
0213248,0,2024,2024-08-23,18,整形外,1
0213248,0,2024,2024-08-26,18,整形外,1
0213248,0,2024,2024-08-28,18,整形外,1
0213248,0,2024,2024-10-09,18,整形外,1
0213248,0,2024,2024-10-16,18,整形外,1
0213248,0,2024,2024-10-23,18,整形外,1
0213248,0,2024,2024-10-30,18,整形外,1
0213248,0,2024,2024-11-05,18,整形外,1
0213248,0,2024,2024-11-06,18,整形外,1
0213248,0,2024,2024-11-07,18,整形外,1
0213248,0,2024,2024-11-11,18,整形外,1
0213248,0,2024,2024-11-13,18,整形外,1
0213248,0,2024,2024-11-18,18,整形外,1
0213248,0,2024,2024-11-19,18,整形外,1
0213248,0,2024,2024-11-25,18,整形外,1
0213248,0,2024,2024-11-27,18,整形外,1
0213248,0,2024,2024-11-28,18,整形外,1
0213248,0,2024,2024-12-02,18,整形外,1
0213248,0,2024,2024-12-16,18,整形外,1
0213248,0,2024,2024-12-20,18,整形外,1
0213248,0,2024,2025-01-03,18,整形外,1
0213248,0,2024,2025-01-08,18,整形外,3
0213248,0,2024,2025-01-14,18,整形外,1
0213248,0,2024,2025-01-27,18,整形外,1
0213248,0,2024,2025-02-01,18,整形外,1
0213248,0,2024,2025-02-07,18,整形外,2
0213248,0,2024,2025-02-26,18,整形外,1
0213248,0,2024,2025-03-03,18,整形外,1
0213248,0,2024,2025-03-14,18,整形外,2
0213248,0,2024,2025-03-21,18,整形外,1
0213248,0,2024,2025-03-25,18,整形外,1
0213248,0,2024,2025-03-28,18,整形外,1
0213248,0,2024,2025-03-31,18,整形外,1
0213248,0,2024,2024-05-15,32,歯口外,1
0213248,0,2024,2024-05-22,32,歯口外,1
0213248,0,2024,2024-05-29,32,歯口外,1
0213248,0,2024,2024-05-31,32,歯口外,1
0213248,0,2024,2024-06-05,32,歯口外,1
0213248,0,2024,2024-06-26,32,歯口外,1
0213248,0,2024,2024-07-31,32,歯口外,1
0213248,0,2024,2024-08-14,32,歯口外,1
0213248,0,2024,2024-10-12,32,歯口外,1
0213248,0,2024,2024-10-16,32,歯口外,1
0213248,0,2024,2024-11-06,32,歯口外,1
0213248,0,2024,2024-11-13,32,歯口外,2
0213248,0,2024,2024-11-20,32,歯口外,1
0213248,0,2024,2024-11-27,32,歯口外,1
0213248,0,2024,2024-12-04,32,歯口外,1
0213248,0,2024,2024-12-14,32,歯口外,1
0213248,0,2024,2024-12-18,32,歯口外,1
0213248,0,2024,2024-12-25,32,歯口外,1
0213248,0,2024,2025-01-04,32,歯口外,1
0213248,0,2024,2025-01-08,32,歯口外,1
0213248,0,2024,2025-02-08,32,歯口外,1
0213248,0,2024,2025-02-12,32,歯口外,1
0213248,0,2024,2025-02-26,32,歯口外,1
0213248,0,2024,2025-03-01,32,歯口外,1
0213248,0,2024,2025-03-19,32,歯口外,1
0213248,0,2024,2024-06-03,22,泌尿器,1
0213248,0,2024,2024-10-09,22,泌尿器,1
0213248,0,2024,2025-03-24,22,泌尿器,1
0213248,0,2024,2024-11-16,50,消化内,1
0213248,0,2024,2024-11-29,50,消化内,1
0213248,0,2024,2024-12-27,50,消化内,2
0213248,0,2024,2024-05-02,14,消化外,1
0213248,0,2024,2024-05-07,14,消化外,1
0213248,0,2024,2024-05-10,14,消化外,1
0213248,0,2024,2024-05-16,14,消化外,1
0213248,0,2024,2024-07-08,14,消化外,1
0213248,0,2024,2024-07-11,14,消化外,1
0213248,0,2024,2024-10-04,14,消化外,1
0213248,0,2024,2025-03-07,14,消化外,1
0213248,0,2024,2024-05-17,21,皮膚科,1
0213248,0,2024,2024-05-25,21,皮膚科,1
0213248,0,2024,2024-05-27,21,皮膚科,1
0213248,0,2024,2024-08-07,21,皮膚科,1
0213248,0,2024,2025-02-03,21,皮膚科,1
0213248,0,2024,2024-07-22,6,糖尿内,1
0213248,0,2024,2024-10-21,6,糖尿内,1
0213248,0,2024,2024-11-22,6,糖尿内,1
0213248,0,2024,2025-03-17,6,糖尿内,1
0213248,0,2024,2025-03-26,6,糖尿内,1
0213248,0,2024,2024-07-08,25,耳鼻科,1
0213248,0,2024,2025-01-20,25,耳鼻科,1
0213248,0,2024,2024-05-21,9,脳卒中,1
0213248,0,2024,2024-08-20,9,脳卒中,1
0213248,0,2024,2024-12-12,9,脳卒中,1
0213248,0,2024,2024-07-22,2,脳神内,2
0213248,0,2024,2024-07-25,2,脳神内,1
0213248,0,2024,2024-11-21,2,脳神内,1
0213248,0,2024,2024-11-25,2,脳神内,1
0213248,0,2024,2024-11-29,2,脳神内,1
0213248,0,2024,2025-01-23,2,脳神内,1
0213248,0,2024,2025-02-26,2,脳神内,1
0213248,0,2024,2024-08-23,20,脳神外,1
0213248,0,2024,2024-11-07,20,脳神外,1
0213248,0,2024,2025-02-17,20,脳神外,1
0213248,0,2024,2025-03-21,20,脳神外,1
0213248,0,2024,2024-05-17,8,腎臓内,1
0213248,0,2024,2024-11-11,1,血液内,1
0213248,0,2024,2024-06-26,37,麻酔科,1
0213255,0,2024,2024-05-24,7,循環内,1
0213255,0,2024,2024-07-17,7,循環内,1
0213255,0,2024,2024-10-01,7,循環内,1
0213255,0,2024,2024-10-10,7,循環内,1
0213255,0,2024,2024-10-18,7,循環内,1
0213255,0,2024,2025-02-02,7,循環内,1
0213255,0,2024,2025-02-12,7,循環内,1
0213255,0,2024,2025-01-11,12,心療科,1
0213255,0,2024,2024-10-18,15,心血外,1
0213255,0,2024,2025-01-04,15,心血外,1
0213255,0,2024,2024-08-23,18,整形外,1
0213255,0,2024,2024-05-21,50,消化内,1
0213255,0,2024,2024-06-13,50,消化内,1
0213255,0,2024,2024-06-19,21,皮膚科,1
0213255,0,2024,2024-11-05,21,皮膚科,1
0213255,0,2024,2024-05-24,26,眼科,1
0213255,0,2024,2024-05-15,6,糖尿内,1
0213255,0,2024,2024-10-08,9,脳卒中,1
0213255,0,2024,2024-12-10,2,脳神内,1
0213255,0,2024,2024-05-22,8,腎臓内,1
0213255,0,2024,2024-07-02,8,腎臓内,1
0213255,0,2024,2024-07-17,8,腎臓内,1
0213255,0,2024,2024-08-09,8,腎臓内,1
0213255,0,2024,2024-10-01,8,腎臓内,1
0213255,0,2024,2024-10-04,8,腎臓内,1
0213255,0,2024,2024-12-27,8,腎臓内,1
0213255,0,2024,2025-03-14,8,腎臓内,1
0213255,0,2024,2025-03-17,8,腎臓内,1
0213255,0,2024,2024-10-16,1,血液内,1
0213263,0,2024,2024-06-11,48,リウ膠,1
0213263,0,2024,2024-07-02,48,リウ膠,1
0213263,0,2024,2024-07-17,48,リウ膠,1
0213263,0,2024,2024-05-28,16,乳甲外,1
0213263,0,2024,2024-06-17,16,乳甲外,1
0213263,0,2024,2024-07-19,16,乳甲外,1
0213263,0,2024,2024-07-16,5,呼吸内,1
0213263,0,2024,2024-08-16,5,呼吸内,1
0213263,0,2024,2024-08-20,5,呼吸内,1
0213263,0,2024,2025-02-06,19,形成外,1
0213263,0,2024,2025-02-07,19,形成外,1
0213263,0,2024,2024-10-18,34,救急科,1
0213263,0,2024,2024-12-20,34,救急科,1
0213263,0,2024,2024-05-31,18,整形外,1
0213263,0,2024,2024-06-20,18,整形外,1
0213263,0,2024,2024-07-11,18,整形外,1
0213263,0,2024,2024-11-12,18,整形外,1
0213263,0,2024,2024-12-04,18,整形外,1
0213263,0,2024,2024-12-09,18,整形外,1
0213263,0,2024,2025-02-03,18,整形外,1
0213263,0,2024,2025-02-12,18,整形外,1
0213263,0,2024,2025-02-17,18,整形外,1
0213263,0,2024,2025-02-26,18,整形外,1
0213263,0,2024,2024-07-02,22,泌尿器,1
0213263,0,2024,2024-12-17,50,消化内,1
0213263,0,2024,2024-10-21,43,産婦人,1
0213263,0,2024,2025-02-26,43,産婦人,1
0213263,0,2024,2024-05-07,21,皮膚科,1
0213263,0,2024,2024-06-03,21,皮膚科,1
0213263,0,2024,2024-06-10,21,皮膚科,1
0213263,0,2024,2024-06-17,21,皮膚科,1
0213263,0,2024,2024-10-25,21,皮膚科,1
0213263,0,2024,2024-12-17,21,皮膚科,1
0213263,0,2024,2025-01-27,21,皮膚科,1
0213263,0,2024,2025-01-31,21,皮膚科,1
0213263,0,2024,2025-03-05,21,皮膚科,1
0213263,0,2024,2024-11-11,6,糖尿内,1
0213263,0,2024,2024-07-05,25,耳鼻科,1
0213263,0,2024,2025-03-11,9,脳卒中,1
0213263,0,2024,2025-03-12,9,脳卒中,1
0213263,0,2024,2024-10-10,2,脳神内,1
0213263,0,2024,2024-10-24,2,脳神内,1
0213263,0,2024,2024-12-23,2,脳神内,1
0213263,0,2024,2025-02-18,2,脳神内,1
0213263,0,2024,2025-03-28,2,脳神内,1
0213263,0,2024,2024-08-15,20,脳神外,1
0213263,0,2024,2024-11-11,20,脳神外,1
0213263,0,2024,2025-01-20,20,脳神外,1
0213263,0,2024,2025-01-24,20,脳神外,1
0213263,0,2024,2025-03-14,20,脳神外,1
0213263,0,2024,2024-07-26,8,腎臓内,1
0213263,0,2024,2025-03-28,8,腎臓内,1
0213263,0,2024,2024-12-09,1,血液内,1
0213263,0,2024,2025-01-21,1,血液内,1
0213271,0,2024,2024-06-21,14,消化外,1
0213271,0,2024,2024-07-17,6,糖尿内,1
0213289,0,2024,2024-10-11,18,整形外,1
0213289,0,2024,2025-01-17,18,整形外,1
0213289,0,2024,2024-05-22,43,産婦人,1
0213289,0,2024,2024-06-25,43,産婦人,1
0213289,0,2024,2024-06-26,43,産婦人,1
0213289,0,2024,2024-07-10,43,産婦人,1
0213289,0,2024,2024-07-16,43,産婦人,1
0213289,0,2024,2024-07-19,43,産婦人,1
0213289,0,2024,2024-10-19,43,産婦人,1
0213289,0,2024,2024-11-13,43,産婦人,1
0213289,0,2024,2024-12-04,43,産婦人,1
0213289,0,2024,2024-12-11,43,産婦人,1
0213289,0,2024,2024-12-23,43,産婦人,1
0213289,0,2024,2024-12-25,43,産婦人,1
0213289,0,2024,2025-02-10,43,産婦人,1
0213289,0,2024,2025-02-19,43,産婦人,1
0213289,0,2024,2025-03-03,43,産婦人,1
0213289,0,2024,2025-03-07,43,産婦人,1
0213289,0,2024,2025-03-25,43,産婦人,1
0213289,0,2024,2024-05-13,6,糖尿内,1
0213305,0,2024,2024-05-01,25,耳鼻科,1
0213305,0,2024,2024-11-16,25,耳鼻科,1
0213305,0,2024,2024-11-21,25,耳鼻科,1
0213305,0,2024,2025-03-27,25,耳鼻科,1
0213313,0,2024,2024-07-19,15,心血外,1
0213313,0,2024,2025-02-21,18,整形外,1
0213313,0,2024,2024-10-10,50,消化内,1
0213321,0,2024,2024-10-23,25,耳鼻科,1
0213347,0,2024,2024-05-16,5,呼吸内,1
0213347,0,2024,2024-12-12,5,呼吸内,1
0213347,0,2024,2024-06-11,34,救急科,1
0213347,0,2024,2024-08-29,34,救急科,1
0213347,0,2024,2024-05-09,50,消化内,1
0213347,0,2024,2024-11-14,50,消化内,1
0213347,0,2024,2025-03-14,50,消化内,1
0213347,0,2024,2024-12-04,43,産婦人,1
0213347,0,2024,2024-12-02,21,皮膚科,1
0213347,0,2024,2024-05-09,6,糖尿内,1
0213347,0,2024,2025-01-28,6,糖尿内,1
0213347,0,2024,2024-05-27,25,耳鼻科,1
0213347,0,2024,2024-08-19,25,耳鼻科,1
0213347,0,2024,2024-10-23,25,耳鼻科,1
0213347,0,2024,2024-10-28,25,耳鼻科,1
0213347,0,2024,2024-12-26,1,血液内,1
0213354,0,2024,2024-10-30,26,眼科,1
0213362,0,2024,2024-10-30,18,整形外,1
0213362,0,2024,2024-08-28,50,消化内,1
0213370,0,2024,2024-05-10,31,リハ,1
0213370,0,2024,2025-01-14,12,心療科,1
0213370,0,2024,2025-02-03,12,心療科,1
0213388,0,2024,2024-05-10,19,形成外,1
0213388,0,2024,2024-05-15,19,形成外,1
0213388,0,2024,2024-05-22,19,形成外,1
0213388,0,2024,2024-05-29,19,形成外,1
0213388,0,2024,2024-06-05,19,形成外,1
0213388,0,2024,2024-06-10,19,形成外,1
0213388,0,2024,2024-06-11,19,形成外,1
0213388,0,2024,2024-06-14,19,形成外,1
0213388,0,2024,2024-06-18,19,形成外,1
0213388,0,2024,2024-06-19,19,形成外,1
0213388,0,2024,2024-06-24,19,形成外,1
0213388,0,2024,2024-06-28,19,形成外,1
0213388,0,2024,2024-07-02,19,形成外,1
0213388,0,2024,2024-07-10,19,形成外,1
0213388,0,2024,2024-07-12,19,形成外,2
0213388,0,2024,2024-07-30,19,形成外,1
0213388,0,2024,2024-07-31,19,形成外,2
0213388,0,2024,2024-08-09,19,形成外,1
0213388,0,2024,2024-08-21,19,形成外,1
0213388,0,2024,2024-10-01,19,形成外,1
0213388,0,2024,2024-10-04,19,形成外,1
0213388,0,2024,2024-10-15,19,形成外,2
0213388,0,2024,2024-10-22,19,形成外,1
0213388,0,2024,2024-10-23,19,形成外,1
0213388,0,2024,2024-10-25,19,形成外,1
0213388,0,2024,2024-11-27,19,形成外,1
0213388,0,2024,2024-12-13,19,形成外,1
0213388,0,2024,2024-12-17,19,形成外,1
0213388,0,2024,2024-12-18,19,形成外,1
0213388,0,2024,2025-01-17,19,形成外,2
0213388,0,2024,2025-01-22,19,形成外,2
0213388,0,2024,2025-01-24,19,形成外,1
0213388,0,2024,2025-01-28,19,形成外,1
0213388,0,2024,2025-01-29,19,形成外,1
0213388,0,2024,2025-02-04,19,形成外,2
0213388,0,2024,2025-02-12,19,形成外,1
0213388,0,2024,2025-02-18,19,形成外,1
0213388,0,2024,2025-03-07,19,形成外,1
0213388,0,2024,2025-03-14,19,形成外,1
0213388,0,2024,2025-03-21,19,形成外,1
0213388,0,2024,2024-06-17,34,救急科,1
0213388,0,2024,2025-03-27,18,整形外,1
0213388,0,2024,2024-05-10,21,皮膚科,1
0213388,0,2024,2024-05-17,21,皮膚科,1
0213388,0,2024,2024-08-02,21,皮膚科,1
0213388,0,2024,2024-08-05,21,皮膚科,1
0213388,0,2024,2024-08-20,21,皮膚科,1
0213388,0,2024,2024-08-30,21,皮膚科,1
0213388,0,2024,2024-08-31,21,皮膚科,1
0213388,0,2024,2024-10-01,21,皮膚科,1
0213388,0,2024,2024-10-07,21,皮膚科,1
0213388,0,2024,2024-12-17,21,皮膚科,1
0213388,0,2024,2025-01-24,21,皮膚科,2
0213388,0,2024,2025-01-27,21,皮膚科,1
0213396,0,2024,2024-10-28,17,小児外,1
0213396,0,2024,2024-06-13,10,小児科,1
0213396,0,2024,2024-07-03,10,小児科,1
0213396,0,2024,2024-07-04,10,小児科,1
0213396,0,2024,2024-07-11,10,小児科,1
0213396,0,2024,2024-10-02,10,小児科,1
0213396,0,2024,2024-10-03,10,小児科,1
0213396,0,2024,2024-12-26,10,小児科,1
0213396,0,2024,2025-01-09,10,小児科,1
0213396,0,2024,2024-05-16,34,救急科,1
0213396,0,2024,2024-07-03,34,救急科,1
0213396,0,2024,2024-10-31,34,救急科,1
0213404,0,2024,2024-10-01,5,呼吸内,1
0213404,0,2024,2024-05-10,7,循環内,1
0213404,0,2024,2024-05-24,7,循環内,1
0213404,0,2024,2024-05-07,50,消化内,1
0213404,0,2024,2024-05-24,50,消化内,1
0213404,0,2024,2024-06-07,50,消化内,1
0213404,0,2024,2024-06-24,50,消化内,1
0213404,0,2024,2024-07-12,50,消化内,1
0213404,0,2024,2024-08-01,50,消化内,1
0213404,0,2024,2024-08-26,50,消化内,1
0213404,0,2024,2024-10-02,50,消化内,1
0213404,0,2024,2024-11-28,50,消化内,1
0213404,0,2024,2025-01-08,50,消化内,1
0213404,0,2024,2025-03-17,25,耳鼻科,1
0213412,0,2024,2025-02-12,7,循環内,1
0213412,0,2024,2025-02-13,7,循環内,1
0213412,0,2024,2024-10-04,12,心療科,1
0213412,0,2024,2024-05-07,2,脳神内,1
0213412,0,2024,2024-05-10,2,脳神内,1
0213412,0,2024,2024-05-13,2,脳神内,1
0213412,0,2024,2024-06-07,2,脳神内,1
0213412,0,2024,2024-06-21,2,脳神内,1
0213412,0,2024,2025-03-03,2,脳神内,1
0213420,0,2024,2024-06-19,26,眼科,1
0213420,0,2024,2024-07-02,26,眼科,1
0213420,0,2024,2024-07-26,26,眼科,1
0213420,0,2024,2024-08-16,26,眼科,2
0213420,0,2024,2024-08-30,26,眼科,1
0213420,0,2024,2024-10-18,26,眼科,1
0213420,0,2024,2024-12-24,26,眼科,1
0213420,0,2024,2025-01-24,26,眼科,1
0213438,0,2024,2024-10-24,19,形成外,1
0213438,0,2024,2024-05-21,26,眼科,1
0213438,0,2024,2024-12-27,26,眼科,1
0213438,0,2024,2025-01-10,26,眼科,1
0213446,0,2024,2024-11-14,48,リウ膠,1
0213446,0,2024,2025-03-14,48,リウ膠,1
0213446,0,2024,2024-06-28,16,乳甲外,1
0213446,0,2024,2024-12-24,5,呼吸内,1
0213446,0,2024,2024-07-01,17,小児外,1
0213446,0,2024,2024-07-09,17,小児外,1
0213446,0,2024,2025-01-21,17,小児外,1
0213446,0,2024,2024-07-10,7,循環内,1
0213446,0,2024,2024-07-31,7,循環内,1
0213446,0,2024,2024-10-23,34,救急科,1
0213446,0,2024,2025-03-29,34,救急科,1
0213446,0,2024,2024-07-25,18,整形外,1
0213446,0,2024,2024-05-07,22,泌尿器,1
0213446,0,2024,2024-05-20,22,泌尿器,1
0213446,0,2024,2024-05-21,22,泌尿器,1
0213446,0,2024,2024-06-06,22,泌尿器,1
0213446,0,2024,2024-06-07,22,泌尿器,1
0213446,0,2024,2024-06-19,22,泌尿器,1
0213446,0,2024,2024-06-20,22,泌尿器,1
0213446,0,2024,2024-06-21,22,泌尿器,2
0213446,0,2024,2024-06-28,22,泌尿器,1
0213446,0,2024,2024-07-01,22,泌尿器,1
0213446,0,2024,2024-07-03,22,泌尿器,1
0213446,0,2024,2024-07-08,22,泌尿器,1
0213446,0,2024,2024-07-12,22,泌尿器,1
0213446,0,2024,2024-07-26,22,泌尿器,2
0213446,0,2024,2024-07-29,22,泌尿器,1
0213446,0,2024,2024-08-01,22,泌尿器,1
0213446,0,2024,2024-08-02,22,泌尿器,1
0213446,0,2024,2024-08-07,22,泌尿器,1
0213446,0,2024,2024-08-13,22,泌尿器,1
0213446,0,2024,2024-08-14,22,泌尿器,1
0213446,0,2024,2024-08-19,22,泌尿器,1
0213446,0,2024,2024-08-21,22,泌尿器,1
0213446,0,2024,2024-10-11,22,泌尿器,2
0213446,0,2024,2024-10-25,22,泌尿器,1
0213446,0,2024,2024-10-28,22,泌尿器,1
0213446,0,2024,2024-10-30,22,泌尿器,1
0213446,0,2024,2024-11-07,22,泌尿器,1
0213446,0,2024,2024-11-08,22,泌尿器,1
0213446,0,2024,2024-11-11,22,泌尿器,1
0213446,0,2024,2024-11-13,22,泌尿器,3
0213446,0,2024,2024-11-18,22,泌尿器,1
0213446,0,2024,2024-11-20,22,泌尿器,1
0213446,0,2024,2024-11-22,22,泌尿器,1
0213446,0,2024,2024-12-02,22,泌尿器,1
0213446,0,2024,2024-12-09,22,泌尿器,1
0213446,0,2024,2024-12-11,22,泌尿器,1
0213446,0,2024,2024-12-12,22,泌尿器,1
0213446,0,2024,2024-12-18,22,泌尿器,1
0213446,0,2024,2024-12-25,22,泌尿器,2
0213446,0,2024,2025-01-04,22,泌尿器,1
0213446,0,2024,2025-01-08,22,泌尿器,1
0213446,0,2024,2025-01-10,22,泌尿器,2
0213446,0,2024,2025-01-21,22,泌尿器,1
0213446,0,2024,2025-01-22,22,泌尿器,1
0213446,0,2024,2025-01-28,22,泌尿器,1
0213446,0,2024,2025-01-29,22,泌尿器,1
0213446,0,2024,2025-02-05,22,泌尿器,1
0213446,0,2024,2025-02-07,22,泌尿器,2
0213446,0,2024,2025-02-12,22,泌尿器,1
0213446,0,2024,2025-02-14,22,泌尿器,1
0213446,0,2024,2025-02-21,22,泌尿器,1
0213446,0,2024,2025-03-03,22,泌尿器,1
0213446,0,2024,2025-03-17,22,泌尿器,1
0213446,0,2024,2025-03-18,22,泌尿器,1
0213446,0,2024,2025-03-26,22,泌尿器,1
0213446,0,2024,2025-03-28,22,泌尿器,2
0213446,0,2024,2025-03-31,22,泌尿器,1
0213446,0,2024,2024-11-01,50,消化内,1
0213446,0,2024,2024-11-19,50,消化内,1
0213446,0,2024,2024-07-17,25,耳鼻科,1
0213446,0,2024,2025-02-19,25,耳鼻科,1
0213446,0,2024,2024-08-26,2,脳神内,1
0213446,0,2024,2024-08-23,8,腎臓内,1
0213446,0,2024,2024-11-25,1,血液内,1
0213446,0,2024,2024-12-26,1,血液内,1
0213446,0,2024,2025-01-11,1,血液内,1
0213529,0,2024,2024-05-17,26,眼科,1
0213529,0,2024,2024-06-28,26,眼科,1
0213529,0,2024,2024-11-28,26,眼科,1
0213529,0,2024,2024-12-25,26,眼科,1
0213529,0,2024,2025-02-07,26,眼科,1
0213529,0,2024,2025-02-19,26,眼科,1
0213529,0,2024,2025-03-26,26,眼科,1
0213529,0,2024,2024-11-07,2,脳神内,1
0214625,0,2024,2024-10-02,18,整形外,1
0218329,0,2024,2024-08-15,26,眼科,1
0223600,0,2024,2024-05-06,10,小児科,1
0223618,0,2024,2024-12-13,50,消化内,1
0223618,0,2024,2025-03-07,50,消化内,1
0223790,0,2024,2024-07-12,26,眼科,1
0223840,0,2024,2024-11-28,18,整形外,1
0224111,0,2024,2024-08-27,21,皮膚科,1
0300868,0,2024,2024-11-19,32,歯口外,1
0300868,0,2024,2024-10-23,8,腎臓内,1
0301480,0,2024,2024-07-09,26,眼科,1
0301613,0,2024,2024-05-07,16,乳甲外,1
0301647,0,2024,2025-01-29,16,乳甲外,1
0301647,0,2024,2024-07-25,18,整形外,1
0301647,0,2024,2024-08-23,18,整形外,1
0301647,0,2024,2025-03-10,18,整形外,1
0301845,0,2024,2024-05-27,22,泌尿器,1
0301878,0,2024,2024-05-07,16,乳甲外,1
0301886,0,2024,2024-11-01,21,皮膚科,1
0301985,0,2024,2024-06-14,26,眼科,1
0301985,0,2024,2024-07-01,26,眼科,1
0301985,0,2024,2024-08-24,26,眼科,1
0301985,0,2024,2024-10-07,26,眼科,1
0301985,0,2024,2024-10-19,26,眼科,1
0301985,0,2024,2024-10-23,26,眼科,1
0301985,0,2024,2024-10-25,26,眼科,1
0301985,0,2024,2024-12-16,26,眼科,1
0301985,0,2024,2025-01-20,26,眼科,1
0301985,0,2024,2025-02-05,26,眼科,1
0301985,0,2024,2025-03-12,26,眼科,1
0301985,0,2024,2025-03-19,26,眼科,1
0302017,0,2024,2024-06-04,26,眼科,1
0302017,0,2024,2024-07-09,26,眼科,1
0302017,0,2024,2024-08-06,26,眼科,1
0302017,0,2024,2024-08-20,26,眼科,1
0302017,0,2024,2024-08-27,26,眼科,1
0302017,0,2024,2024-10-29,26,眼科,1
0302033,0,2024,2024-11-11,25,耳鼻科,1
0310036,0,2024,2024-06-19,18,整形外,1
0310051,0,2024,2024-11-01,16,乳甲外,1
0310051,0,2024,2024-05-15,13,呼吸外,1
0310051,0,2024,2024-07-06,13,呼吸外,1
0310051,0,2024,2024-12-11,13,呼吸外,1
0310051,0,2024,2024-05-15,15,心血外,1
0310051,0,2024,2024-12-11,15,心血外,1
0310051,0,2024,2024-05-15,29,放治療,1
0310051,0,2024,2024-10-18,18,整形外,1
0310051,0,2024,2025-02-08,6,糖尿内,1
0310051,0,2024,2024-06-21,8,腎臓内,1
0310051,0,2024,2024-07-05,8,腎臓内,1
0310051,0,2024,2024-07-17,8,腎臓内,1
0310051,0,2024,2024-10-04,8,腎臓内,1
0310051,0,2024,2024-11-01,8,腎臓内,1
0310051,0,2024,2025-01-10,8,腎臓内,1
0310051,0,2024,2025-03-07,8,腎臓内,1
0310051,0,2024,2025-03-27,8,腎臓内,1
0310127,0,2024,2024-11-26,7,循環内,1
0310127,0,2024,2024-10-31,20,脳神外,1
0310176,0,2024,2024-06-11,18,整形外,2
0310176,0,2024,2024-10-10,18,整形外,1
0310176,0,2024,2025-03-04,18,整形外,1
0310176,0,2024,2024-05-10,32,歯口外,1
0310176,0,2024,2024-06-19,22,泌尿器,1
0310176,0,2024,2024-08-27,14,消化外,1
0310176,0,2024,2024-06-19,43,産婦人,1
0310176,0,2024,2025-02-11,26,眼科,1
0310176,0,2024,2025-02-05,6,糖尿内,1
0310176,0,2024,2024-06-19,2,脳神内,1
0310176,0,2024,2024-06-24,2,脳神内,1
0310176,0,2024,2025-01-09,20,脳神外,1
0310176,0,2024,2025-02-21,20,脳神外,1
0310176,0,2024,2025-01-28,1,血液内,1
0310242,0,2024,2024-05-21,19,形成外,1
0310242,0,2024,2024-07-09,19,形成外,1
0310242,0,2024,2024-08-27,19,形成外,1
0310242,0,2024,2024-10-15,19,形成外,1
0310242,0,2024,2025-03-18,19,形成外,1
0310242,0,2024,2024-07-12,15,心血外,1
0310242,0,2024,2024-10-04,15,心血外,1
0310242,0,2024,2025-02-07,15,心血外,1
0310242,0,2024,2024-10-01,18,整形外,1
0310242,0,2024,2024-06-20,1,血液内,1
0310242,0,2024,2024-12-26,1,血液内,1
0310242,0,2024,2025-03-13,1,血液内,1
0310366,0,2024,2024-11-27,32,歯口外,1
0310366,0,2024,2024-11-06,6,糖尿内,1
0310366,0,2024,2024-05-01,25,耳鼻科,1
0310366,0,2024,2024-05-08,25,耳鼻科,1
0310366,0,2024,2024-05-13,25,耳鼻科,1
0310366,0,2024,2024-06-03,25,耳鼻科,1
0310366,0,2024,2024-06-05,25,耳鼻科,1
0310366,0,2024,2024-06-07,25,耳鼻科,1
0310366,0,2024,2024-06-10,25,耳鼻科,2
0310366,0,2024,2024-06-17,25,耳鼻科,3
0310366,0,2024,2024-06-28,25,耳鼻科,1
0310366,0,2024,2024-07-01,25,耳鼻科,1
0310366,0,2024,2024-07-24,25,耳鼻科,1
0310366,0,2024,2024-07-26,25,耳鼻科,1
0310366,0,2024,2024-07-29,25,耳鼻科,2
0310366,0,2024,2024-07-31,25,耳鼻科,2
0310366,0,2024,2024-08-14,25,耳鼻科,1
0310366,0,2024,2024-08-21,25,耳鼻科,2
0310366,0,2024,2024-08-28,25,耳鼻科,1
0310366,0,2024,2024-10-16,25,耳鼻科,2
0310366,0,2024,2024-10-18,25,耳鼻科,1
0310366,0,2024,2024-10-25,25,耳鼻科,1
0310366,0,2024,2024-10-30,25,耳鼻科,1
0310366,0,2024,2024-11-06,25,耳鼻科,1
0310366,0,2024,2024-11-11,25,耳鼻科,1
0310366,0,2024,2024-11-15,25,耳鼻科,1
0310366,0,2024,2024-11-22,25,耳鼻科,1
0310366,0,2024,2024-11-27,25,耳鼻科,1
0310366,0,2024,2024-11-29,25,耳鼻科,1
0310366,0,2024,2024-12-02,25,耳鼻科,1
0310366,0,2024,2024-12-13,25,耳鼻科,1
0310366,0,2024,2024-12-16,25,耳鼻科,1
0310366,0,2024,2025-01-07,25,耳鼻科,1
0310366,0,2024,2025-01-22,25,耳鼻科,1
0310366,0,2024,2025-01-29,25,耳鼻科,1
0310366,0,2024,2025-02-03,25,耳鼻科,1
0310366,0,2024,2025-02-05,25,耳鼻科,2
0310366,0,2024,2025-02-12,25,耳鼻科,3
0310366,0,2024,2025-02-19,25,耳鼻科,1
0310366,0,2024,2025-02-21,25,耳鼻科,1
0310366,0,2024,2025-02-26,25,耳鼻科,2
0310366,0,2024,2025-03-03,25,耳鼻科,1
0310366,0,2024,2025-03-10,25,耳鼻科,1
0310366,0,2024,2025-03-24,25,耳鼻科,1
0310366,0,2024,2025-03-26,25,耳鼻科,1
0310374,0,2024,2024-07-08,17,小児外,1
0310374,0,2024,2025-01-24,12,心療科,1
0310374,0,2024,2024-05-23,50,消化内,1
0310432,0,2024,2024-05-07,18,整形外,1
0310432,0,2024,2024-05-20,18,整形外,1
0310432,0,2024,2025-02-12,18,整形外,1
0310465,0,2024,2024-07-12,26,眼科,1
0310465,0,2024,2024-07-24,26,眼科,1
0310507,0,2024,2025-03-06,27,臨腫瘍,1
0310507,0,2024,2025-03-11,27,臨腫瘍,1
0310531,0,2024,2024-10-29,48,リウ膠,1
0310531,0,2024,2024-12-27,48,リウ膠,1
0310531,0,2024,2024-08-08,16,乳甲外,1
0310531,0,2024,2024-10-21,5,呼吸内,1
0310531,0,2024,2025-02-10,13,呼吸外,1
0310531,0,2024,2024-06-11,17,小児外,1
0310531,0,2024,2024-07-08,19,形成外,1
0310531,0,2024,2024-10-29,19,形成外,1
0310531,0,2024,2025-01-29,19,形成外,1
0310531,0,2024,2025-03-03,19,形成外,1
0310531,0,2024,2025-03-11,19,形成外,1
0310531,0,2024,2025-03-31,19,形成外,1
0310531,0,2024,2024-05-27,7,循環内,1
0310531,0,2024,2024-11-06,15,心血外,1
0310531,0,2024,2024-06-18,18,整形外,1
0310531,0,2024,2024-10-11,18,整形外,1
0310531,0,2024,2024-11-20,18,整形外,1
0310531,0,2024,2025-03-10,18,整形外,1
0310531,0,2024,2024-12-16,22,泌尿器,1
0310531,0,2024,2025-01-08,22,泌尿器,1
0310531,0,2024,2024-07-08,43,産婦人,1
0310531,0,2024,2024-12-20,21,皮膚科,1
0310531,0,2024,2024-12-04,26,眼科,1
0310531,0,2024,2025-01-29,25,耳鼻科,1
0310531,0,2024,2025-03-17,2,脳神内,1
0310531,0,2024,2024-05-02,20,脳神外,1
0310531,0,2024,2024-05-27,20,脳神外,1
0310531,0,2024,2024-08-29,20,脳神外,1
0310531,0,2024,2024-10-28,20,脳神外,1
0310531,0,2024,2024-11-07,20,脳神外,1
0310531,0,2024,2025-01-20,20,脳神外,1
0310531,0,2024,2024-08-15,27,臨腫瘍,1
0310531,0,2024,2024-08-22,27,臨腫瘍,1
0310556,0,2024,2025-03-06,10,小児科,1
0310606,0,2024,2024-10-09,22,泌尿器,1
0310606,0,2024,2024-10-02,21,皮膚科,1
0310614,0,2024,2024-05-28,18,整形外,1
0310614,0,2024,2024-07-09,18,整形外,1
0310614,0,2024,2024-08-27,18,整形外,1
0310614,0,2024,2024-10-10,18,整形外,1
0310614,0,2024,2024-10-21,18,整形外,1
0310614,0,2024,2024-11-29,18,整形外,1
0310614,0,2024,2025-03-17,18,整形外,1
0310614,0,2024,2024-07-30,36,総合診,1
0310622,0,2024,2025-03-13,2,脳神内,1
0310648,0,2024,2025-03-28,22,泌尿器,1
0310648,0,2024,2024-12-19,50,消化内,1
0310663,0,2024,2024-08-19,16,乳甲外,1
0310663,0,2024,2024-12-20,16,乳甲外,1
0310663,0,2024,2024-11-25,19,形成外,1
0310663,0,2024,2025-02-06,7,循環内,1
0310663,0,2024,2024-06-21,15,心血外,1
0310663,0,2024,2024-07-29,18,整形外,1
0310663,0,2024,2024-07-31,18,整形外,1
0310663,0,2024,2024-08-05,18,整形外,1
0310663,0,2024,2024-07-10,22,泌尿器,1
0310663,0,2024,2024-07-23,22,泌尿器,1
0310663,0,2024,2024-05-20,50,消化内,1
0310663,0,2024,2024-06-13,21,皮膚科,1
0310663,0,2024,2024-07-23,21,皮膚科,1
0310663,0,2024,2024-12-03,21,皮膚科,2
0310663,0,2024,2024-07-23,6,糖尿内,1
0310663,0,2024,2024-08-19,25,耳鼻科,1
0310663,0,2024,2024-10-07,25,耳鼻科,1
0310689,0,2024,2025-01-10,16,乳甲外,1
0310721,0,2024,2024-10-04,7,循環内,1
0310739,0,2024,2024-10-24,48,リウ膠,1
0310739,0,2024,2024-07-17,36,総合診,1
0310739,0,2024,2024-10-07,2,脳神内,1
0310739,0,2024,2025-02-10,2,脳神内,1
0310762,0,2024,2024-11-08,15,心血外,1
0310770,0,2024,2024-08-08,48,リウ膠,1
0310770,0,2024,2024-08-15,48,リウ膠,1
0310770,0,2024,2024-07-09,16,乳甲外,1
0310770,0,2024,2024-06-28,5,呼吸内,1
0310770,0,2024,2024-07-20,5,呼吸内,1
0310770,0,2024,2025-01-06,5,呼吸内,1
0310770,0,2024,2025-01-27,5,呼吸内,1
0310770,0,2024,2024-06-19,13,呼吸外,1
0310770,0,2024,2024-12-11,13,呼吸外,1
0310770,0,2024,2024-06-14,7,循環内,1
0310770,0,2024,2024-11-07,28,放診断,1
0310770,0,2024,2024-10-10,18,整形外,1
0310770,0,2024,2024-05-28,50,消化内,1
0310770,0,2024,2024-06-28,50,消化内,1
0310770,0,2024,2024-07-23,50,消化内,1
0310770,0,2024,2024-07-27,50,消化内,1
0310770,0,2024,2024-10-01,50,消化内,2
0310770,0,2024,2024-10-11,50,消化内,1
0310770,0,2024,2024-10-18,50,消化内,1
0310770,0,2024,2024-11-05,50,消化内,1
0310770,0,2024,2024-11-26,50,消化内,1
0310770,0,2024,2025-01-14,50,消化内,1
0310770,0,2024,2024-06-17,14,消化外,1
0310770,0,2024,2024-08-03,14,消化外,1
0310770,0,2024,2024-08-20,14,消化外,1
0310770,0,2024,2024-11-26,14,消化外,1
0310770,0,2024,2024-12-19,14,消化外,1
0310770,0,2024,2025-02-25,14,消化外,1
0310770,0,2024,2025-03-25,14,消化外,1
0310770,0,2024,2025-03-31,14,消化外,1
0310770,0,2024,2024-08-19,21,皮膚科,1
0310770,0,2024,2024-06-28,6,糖尿内,1
0310770,0,2024,2024-07-17,8,腎臓内,1
0310770,0,2024,2024-06-18,27,臨腫瘍,1
0310796,0,2024,2024-06-03,25,耳鼻科,1
0310804,0,2024,2025-03-25,5,呼吸内,1
0310804,0,2024,2025-01-29,12,心療科,1
0310804,0,2024,2025-03-12,21,皮膚科,1
0310804,0,2024,2024-10-09,8,腎臓内,1
0310820,0,2024,2024-06-24,7,循環内,1
0310820,0,2024,2025-01-31,15,心血外,1
0310820,0,2024,2024-06-10,50,消化内,1
0310820,0,2024,2024-05-29,8,腎臓内,1
0310820,0,2024,2024-12-10,8,腎臓内,1
0310846,0,2024,2024-06-21,48,リウ膠,1
0310846,0,2024,2024-07-23,48,リウ膠,2
0310846,0,2024,2024-10-04,48,リウ膠,1
0310846,0,2024,2025-03-26,48,リウ膠,1
0310846,0,2024,2025-03-28,48,リウ膠,1
0310846,0,2024,2024-05-02,17,小児外,1
0310846,0,2024,2024-05-23,17,小児外,1
0310846,0,2024,2025-03-24,19,形成外,1
0310846,0,2024,2024-07-29,21,皮膚科,1
0310846,0,2024,2024-08-23,8,腎臓内,2
0310846,0,2024,2024-08-03,1,血液内,1
0310887,0,2024,2024-07-13,34,救急科,1
0310887,0,2024,2024-10-15,18,整形外,1
0310887,0,2024,2024-06-12,22,泌尿器,1
0310887,0,2024,2024-12-28,50,消化内,1
0310895,0,2024,2024-12-18,16,乳甲外,1
0310895,0,2024,2024-12-18,43,産婦人,1
0310895,0,2024,2025-03-12,43,産婦人,1
0400601,0,2024,2025-02-03,32,歯口外,1
0400684,0,2024,2025-01-29,32,歯口外,1
0401173,0,2024,2024-11-26,7,循環内,1
0401173,0,2024,2024-07-26,26,眼科,1
0401249,0,2024,2024-05-07,25,耳鼻科,1
0401249,0,2024,2024-06-03,25,耳鼻科,1
0401249,0,2024,2024-06-15,25,耳鼻科,1
0401249,0,2024,2024-08-05,25,耳鼻科,1
0401249,0,2024,2024-11-16,25,耳鼻科,1
0401249,0,2024,2025-01-20,25,耳鼻科,1
0401298,0,2024,2024-10-21,7,循環内,1
0401371,0,2024,2024-06-21,5,呼吸内,1
0401371,0,2024,2024-07-05,5,呼吸内,1
0401371,0,2024,2024-07-08,7,循環内,1
0401371,0,2024,2025-01-31,34,救急科,1
0401371,0,2024,2024-10-22,14,消化外,1
0401371,0,2024,2024-08-07,8,腎臓内,1
0401397,0,2024,2025-03-18,50,消化内,1
0401454,0,2024,2024-06-11,21,皮膚科,1
0401454,0,2024,2024-07-17,21,皮膚科,1
0401470,0,2024,2024-06-25,17,小児外,1
0401470,0,2024,2024-06-10,19,形成外,1
0401470,0,2024,2024-07-08,18,整形外,1
0401470,0,2024,2025-01-28,18,整形外,1
0410018,0,2024,2024-12-09,2,脳神内,1
0410018,0,2024,2025-01-07,2,脳神内,1
0410018,0,2024,2024-07-25,8,腎臓内,1
0410125,0,2024,2025-02-19,50,消化内,1
0410158,0,2024,2025-02-10,34,救急科,1
0410158,0,2024,2024-06-27,18,整形外,1
0410158,0,2024,2025-03-03,18,整形外,1
0410182,0,2024,2024-06-17,18,整形外,1
0410281,0,2024,2024-05-01,25,耳鼻科,1
0410331,0,2024,2025-01-28,43,産婦人,1
0410349,0,2024,2024-06-21,16,乳甲外,1
0410349,0,2024,2024-06-17,18,整形外,1
0410349,0,2024,2024-05-13,8,腎臓内,1
0410356,0,2024,2024-11-12,8,腎臓内,1
0410372,0,2024,2024-06-26,26,眼科,1
0410372,0,2024,2025-01-21,26,眼科,1
0410372,0,2024,2024-06-07,6,糖尿内,1
0410398,0,2024,2024-07-24,50,消化内,1
0410398,0,2024,2024-05-23,2,脳神内,1
0410406,0,2024,2025-01-20,16,乳甲外,1
0410406,0,2024,2025-03-03,18,整形外,1
0410406,0,2024,2024-10-23,21,皮膚科,1
0410497,0,2024,2024-08-26,22,泌尿器,1
0410497,0,2024,2025-01-08,8,腎臓内,1
0410547,0,2024,2024-07-02,7,循環内,1
0410547,0,2024,2024-07-31,7,循環内,1
0410547,0,2024,2024-08-19,7,循環内,1
0410547,0,2024,2024-10-21,7,循環内,1
0410547,0,2024,2024-11-25,7,循環内,1
0410547,0,2024,2024-12-16,7,循環内,1
0410547,0,2024,2024-12-24,7,循環内,1
0410547,0,2024,2025-01-20,7,循環内,1
0410547,0,2024,2025-01-24,7,循環内,1
0410547,0,2024,2025-01-27,7,循環内,1
0410547,0,2024,2025-01-20,14,消化外,1
0410547,0,2024,2024-06-17,21,皮膚科,1
0410547,0,2024,2024-10-17,21,皮膚科,1
0410547,0,2024,2024-10-21,9,脳卒中,1
0410547,0,2024,2024-11-14,9,脳卒中,1
0410547,0,2024,2025-01-27,9,脳卒中,1
0410547,0,2024,2025-03-10,9,脳卒中,1
0410547,0,2024,2024-05-10,8,腎臓内,2
0410547,0,2024,2024-06-07,8,腎臓内,1
0410547,0,2024,2024-06-14,8,腎臓内,1
0410547,0,2024,2024-06-28,8,腎臓内,1
0410547,0,2024,2024-07-05,8,腎臓内,1
0410547,0,2024,2024-07-12,8,腎臓内,2
0410547,0,2024,2024-07-26,8,腎臓内,1
0410547,0,2024,2024-08-30,8,腎臓内,1
0410547,0,2024,2024-10-04,8,腎臓内,1
0410547,0,2024,2024-11-07,8,腎臓内,1
0410547,0,2024,2024-11-15,8,腎臓内,1
0410547,0,2024,2024-11-29,8,腎臓内,1
0410547,0,2024,2024-12-13,8,腎臓内,1
0410547,0,2024,2024-12-20,8,腎臓内,1
0410547,0,2024,2025-01-31,8,腎臓内,1
0410547,0,2024,2025-02-14,8,腎臓内,1
0410547,0,2024,2025-02-21,8,腎臓内,1
0410547,0,2024,2025-02-28,8,腎臓内,1
0410547,0,2024,2025-03-14,8,腎臓内,1
0410547,0,2024,2025-03-21,8,腎臓内,1
0410554,0,2024,2024-10-11,7,循環内,1
0410554,0,2024,2025-03-14,50,消化内,1
0410554,0,2024,2025-01-06,14,消化外,1
0410562,0,2024,2025-02-14,7,循環内,1
0410562,0,2024,2024-11-08,2,脳神内,1
0500525,0,2024,2024-07-17,32,歯口外,1
0500525,0,2024,2024-08-28,32,歯口外,1
0500525,0,2024,2024-11-15,32,歯口外,1
0500525,0,2024,2025-01-08,32,歯口外,1
0500525,0,2024,2025-03-13,32,歯口外,1
0500608,0,2024,2024-05-21,32,歯口外,1
0500608,0,2024,2024-06-20,32,歯口外,1
0500608,0,2024,2024-11-16,32,歯口外,1
0500608,0,2024,2024-11-26,32,歯口外,1
0500608,0,2024,2025-01-14,32,歯口外,1
0500608,0,2024,2025-03-08,32,歯口外,1
0500608,0,2024,2025-03-19,32,歯口外,1
0500681,0,2024,2024-11-20,32,歯口外,1
0501022,0,2024,2025-03-10,16,乳甲外,1
0501063,0,2024,2025-01-12,34,救急科,1
0501063,0,2024,2024-12-14,14,消化外,1
0501089,0,2024,2024-08-19,8,腎臓内,1
0501162,0,2024,2024-05-02,34,救急科,1
0501204,0,2024,2024-06-07,50,消化内,1
0501204,0,2024,2024-06-14,50,消化内,1
0501204,0,2024,2024-06-28,14,消化外,1
0501204,0,2024,2024-10-11,14,消化外,1
0510022,0,2024,2024-10-31,7,循環内,1
0510045,0,2024,2024-05-01,32,歯口外,1
0510045,0,2024,2024-05-08,32,歯口外,1
0510045,0,2024,2024-05-15,32,歯口外,1
0510045,0,2024,2025-02-12,32,歯口外,1
0510045,0,2024,2025-02-26,32,歯口外,1
0510045,0,2024,2025-03-14,32,歯口外,1
0510052,0,2024,2024-08-16,32,歯口外,1
0510052,0,2024,2024-11-18,32,歯口外,1
0510052,0,2024,2025-01-15,32,歯口外,1
0510064,0,2024,2024-11-26,16,乳甲外,1
0510064,0,2024,2025-03-25,16,乳甲外,1
0510064,0,2024,2024-05-27,12,心療科,1
0510064,0,2024,2025-03-13,12,心療科,1
0510064,0,2024,2025-03-26,12,心療科,1
0510064,0,2024,2025-01-05,34,救急科,1
0510064,0,2024,2024-06-07,50,消化内,1
0510064,0,2024,2024-10-07,50,消化内,1
0510064,0,2024,2024-12-02,50,消化内,1
0510064,0,2024,2025-01-30,50,消化内,1
0510064,0,2024,2024-10-07,43,産婦人,1
0510064,0,2024,2025-02-18,43,産婦人,1
0510064,0,2024,2024-10-07,8,腎臓内,1
0510098,0,2024,2024-07-08,48,リウ膠,1
0510098,0,2024,2024-08-19,48,リウ膠,1
0510098,0,2024,2024-10-16,48,リウ膠,1
0510098,0,2024,2024-12-09,48,リウ膠,1
0510098,0,2024,2025-01-14,48,リウ膠,1
0510098,0,2024,2025-01-24,48,リウ膠,1
0510098,0,2024,2024-05-21,16,乳甲外,1
0510098,0,2024,2024-05-23,16,乳甲外,1
0510098,0,2024,2024-05-28,16,乳甲外,1
0510098,0,2024,2024-05-30,16,乳甲外,1
0510098,0,2024,2024-07-04,16,乳甲外,1
0510098,0,2024,2024-07-25,16,乳甲外,1
0510098,0,2024,2024-08-01,16,乳甲外,1
0510098,0,2024,2024-08-08,16,乳甲外,1
0510098,0,2024,2024-10-01,16,乳甲外,1
0510098,0,2024,2024-10-03,16,乳甲外,1
0510098,0,2024,2024-10-10,16,乳甲外,2
0510098,0,2024,2024-10-17,16,乳甲外,1
0510098,0,2024,2024-10-24,16,乳甲外,1
0510098,0,2024,2024-11-05,16,乳甲外,1
0510098,0,2024,2024-11-14,16,乳甲外,1
0510098,0,2024,2024-12-26,16,乳甲外,1
0510098,0,2024,2025-01-27,16,乳甲外,1
0510098,0,2024,2025-01-30,16,乳甲外,1
0510098,0,2024,2025-02-01,16,乳甲外,1
0510098,0,2024,2025-02-15,16,乳甲外,1
0510098,0,2024,2025-02-20,16,乳甲外,1
0510098,0,2024,2025-03-06,16,乳甲外,2
0510098,0,2024,2025-03-18,16,乳甲外,2
0510098,0,2024,2025-03-27,16,乳甲外,2
0510098,0,2024,2024-06-11,5,呼吸内,1
0510098,0,2024,2024-07-30,5,呼吸内,1
0510098,0,2024,2024-10-01,5,呼吸内,1
0510098,0,2024,2024-12-11,5,呼吸内,1
0510098,0,2024,2024-07-02,13,呼吸外,1
0510098,0,2024,2025-02-03,13,呼吸外,1
0510098,0,2024,2024-06-04,17,小児外,1
0510098,0,2024,2024-08-06,17,小児外,1
0510098,0,2024,2024-08-19,17,小児外,1
0510098,0,2024,2024-08-26,17,小児外,1
0510098,0,2024,2024-05-11,10,小児科,1
0510098,0,2024,2024-05-15,10,小児科,1
0510098,0,2024,2024-05-24,10,小児科,1
0510098,0,2024,2024-06-17,10,小児科,1
0510098,0,2024,2024-06-19,10,小児科,1
0510098,0,2024,2024-07-03,10,小児科,1
0510098,0,2024,2024-07-11,10,小児科,2
0510098,0,2024,2024-07-27,10,小児科,1
0510098,0,2024,2024-08-16,10,小児科,1
0510098,0,2024,2024-10-15,10,小児科,1
0510098,0,2024,2024-10-16,10,小児科,1
0510098,0,2024,2024-11-08,10,小児科,1
0510098,0,2024,2024-12-07,10,小児科,1
0510098,0,2024,2024-12-13,10,小児科,1
0510098,0,2024,2024-12-24,10,小児科,1
0510098,0,2024,2025-01-17,10,小児科,1
0510098,0,2024,2025-01-27,10,小児科,1
0510098,0,2024,2025-02-10,10,小児科,1
0510098,0,2024,2025-02-13,10,小児科,1
0510098,0,2024,2025-03-03,10,小児科,1
0510098,0,2024,2025-03-05,10,小児科,1
0510098,0,2024,2024-11-18,19,形成外,1
0510098,0,2024,2025-01-17,19,形成外,1
0510098,0,2024,2025-03-03,19,形成外,1
0510098,0,2024,2025-03-14,19,形成外,1
0510098,0,2024,2024-06-17,7,循環内,1
0510098,0,2024,2024-07-09,7,循環内,1
0510098,0,2024,2024-08-22,7,循環内,1
0510098,0,2024,2024-10-11,7,循環内,1
0510098,0,2024,2024-11-06,7,循環内,1
0510098,0,2024,2024-11-08,7,循環内,1
0510098,0,2024,2024-11-29,7,循環内,1
0510098,0,2024,2024-12-13,7,循環内,1
0510098,0,2024,2024-12-20,7,循環内,1
0510098,0,2024,2025-01-08,7,循環内,1
0510098,0,2024,2025-01-20,7,循環内,1
0510098,0,2024,2025-01-27,7,循環内,1
0510098,0,2024,2025-02-18,7,循環内,2
0510098,0,2024,2025-02-19,7,循環内,1
0510098,0,2024,2025-02-20,7,循環内,1
0510098,0,2024,2025-03-15,7,循環内,1
0510098,0,2024,2025-03-18,7,循環内,1
0510098,0,2024,2024-05-01,15,心血外,1
0510098,0,2024,2024-05-13,15,心血外,1
0510098,0,2024,2024-07-01,15,心血外,3
0510098,0,2024,2024-07-10,15,心血外,2
0510098,0,2024,2024-08-14,15,心血外,2
0510098,0,2024,2024-11-13,15,心血外,1
0510098,0,2024,2024-12-11,15,心血外,1
0510098,0,2024,2025-01-22,15,心血外,1
0510098,0,2024,2024-06-07,34,救急科,1
0510098,0,2024,2024-06-13,34,救急科,1
0510098,0,2024,2024-06-23,34,救急科,1
0510098,0,2024,2024-06-29,34,救急科,1
0510098,0,2024,2024-07-29,34,救急科,1
0510098,0,2024,2024-08-26,34,救急科,1
0510098,0,2024,2024-11-07,34,救急科,1
0510098,0,2024,2025-03-19,34,救急科,1
0510098,0,2024,2024-05-01,18,整形外,1
0510098,0,2024,2024-05-02,18,整形外,2
0510098,0,2024,2024-05-13,18,整形外,1
0510098,0,2024,2024-06-06,18,整形外,1
0510098,0,2024,2024-07-29,18,整形外,1
0510098,0,2024,2024-08-20,18,整形外,1
0510098,0,2024,2024-08-21,18,整形外,1
0510098,0,2024,2024-10-02,18,整形外,1
0510098,0,2024,2024-10-31,18,整形外,1
0510098,0,2024,2024-11-30,18,整形外,1
0510098,0,2024,2024-12-24,18,整形外,1
0510098,0,2024,2024-12-25,18,整形外,1
0510098,0,2024,2024-12-26,18,整形外,1
0510098,0,2024,2025-01-18,18,整形外,1
0510098,0,2024,2025-02-17,18,整形外,1
0510098,0,2024,2025-03-13,18,整形外,1
0510098,0,2024,2025-03-26,18,整形外,1
0510098,0,2024,2024-06-12,32,歯口外,1
0510098,0,2024,2024-12-06,32,歯口外,1
0510098,0,2024,2024-06-29,22,泌尿器,1
0510098,0,2024,2024-07-03,22,泌尿器,1
0510098,0,2024,2024-07-22,22,泌尿器,1
0510098,0,2024,2024-08-05,22,泌尿器,1
0510098,0,2024,2024-10-02,22,泌尿器,1
0510098,0,2024,2024-10-23,22,泌尿器,1
0510098,0,2024,2024-11-29,22,泌尿器,1
0510098,0,2024,2024-12-04,22,泌尿器,1
0510098,0,2024,2025-01-17,22,泌尿器,1
0510098,0,2024,2025-02-26,22,泌尿器,1
0510098,0,2024,2025-03-03,22,泌尿器,1
0510098,0,2024,2025-03-10,22,泌尿器,1
0510098,0,2024,2025-03-17,22,泌尿器,2
0510098,0,2024,2025-03-31,22,泌尿器,1
0510098,0,2024,2024-05-21,50,消化内,1
0510098,0,2024,2024-06-18,50,消化内,1
0510098,0,2024,2024-06-27,50,消化内,1
0510098,0,2024,2024-07-03,50,消化内,1
0510098,0,2024,2024-07-05,50,消化内,1
0510098,0,2024,2024-07-19,50,消化内,1
0510098,0,2024,2024-08-19,50,消化内,1
0510098,0,2024,2024-08-27,50,消化内,1
0510098,0,2024,2024-10-07,50,消化内,1
0510098,0,2024,2024-10-29,50,消化内,2
0510098,0,2024,2024-11-27,50,消化内,1
0510098,0,2024,2024-12-04,50,消化内,1
0510098,0,2024,2024-12-11,50,消化内,1
0510098,0,2024,2025-01-09,50,消化内,1
0510098,0,2024,2025-01-18,50,消化内,1
0510098,0,2024,2025-01-23,50,消化内,1
0510098,0,2024,2025-01-27,50,消化内,2
0510098,0,2024,2025-02-12,50,消化内,1
0510098,0,2024,2025-03-11,50,消化内,1
0510098,0,2024,2025-03-12,50,消化内,1
0510098,0,2024,2025-03-19,50,消化内,1
0510098,0,2024,2025-03-24,50,消化内,1
0510098,0,2024,2024-06-17,14,消化外,1
0510098,0,2024,2024-07-09,14,消化外,1
0510098,0,2024,2024-07-26,14,消化外,1
0510098,0,2024,2024-08-22,14,消化外,1
0510098,0,2024,2024-10-17,14,消化外,1
0510098,0,2024,2024-11-29,14,消化外,1
0510098,0,2024,2024-12-25,14,消化外,1
0510098,0,2024,2025-01-20,14,消化外,1
0510098,0,2024,2025-02-27,14,消化外,1
0510098,0,2024,2025-03-03,14,消化外,2
0510098,0,2024,2024-12-20,43,産婦人,1
0510098,0,2024,2024-05-24,21,皮膚科,1
0510098,0,2024,2024-07-12,21,皮膚科,1
0510098,0,2024,2024-08-06,21,皮膚科,1
0510098,0,2024,2024-08-16,21,皮膚科,1
0510098,0,2024,2024-10-22,21,皮膚科,1
0510098,0,2024,2025-02-05,21,皮膚科,1
0510098,0,2024,2024-06-19,6,糖尿内,1
0510098,0,2024,2024-07-25,6,糖尿内,1
0510098,0,2024,2024-11-06,6,糖尿内,1
0510098,0,2024,2024-12-04,6,糖尿内,1
0510098,0,2024,2024-06-05,25,耳鼻科,2
0510098,0,2024,2024-07-12,25,耳鼻科,1
0510098,0,2024,2024-08-16,25,耳鼻科,1
0510098,0,2024,2024-08-19,25,耳鼻科,1
0510098,0,2024,2024-08-28,25,耳鼻科,1
0510098,0,2024,2024-11-13,25,耳鼻科,1
0510098,0,2024,2025-01-22,25,耳鼻科,1
0510098,0,2024,2025-03-31,25,耳鼻科,2
0510098,0,2024,2024-12-23,9,脳卒中,1
0510098,0,2024,2024-06-06,2,脳神内,1
0510098,0,2024,2024-08-28,2,脳神内,1
0510098,0,2024,2024-10-16,2,脳神内,1
0510098,0,2024,2024-11-06,2,脳神内,1
0510098,0,2024,2024-05-21,20,脳神外,1
0510098,0,2024,2024-05-28,20,脳神外,1
0510098,0,2024,2024-06-04,20,脳神外,1
0510098,0,2024,2024-06-11,20,脳神外,1
0510098,0,2024,2024-08-07,20,脳神外,1
0510098,0,2024,2024-08-19,20,脳神外,1
0510098,0,2024,2025-02-17,20,脳神外,1
0510098,0,2024,2024-05-14,8,腎臓内,1
0510098,0,2024,2024-05-29,8,腎臓内,1
0510098,0,2024,2024-06-11,8,腎臓内,1
0510098,0,2024,2024-07-05,8,腎臓内,1
0510098,0,2024,2024-07-12,8,腎臓内,1
0510098,0,2024,2024-07-24,8,腎臓内,1
0510098,0,2024,2024-08-17,8,腎臓内,1
0510098,0,2024,2024-10-04,8,腎臓内,1
0510098,0,2024,2024-10-10,8,腎臓内,1
0510098,0,2024,2024-10-25,8,腎臓内,1
0510098,0,2024,2024-11-06,8,腎臓内,1
0510098,0,2024,2025-01-28,8,腎臓内,1
0510098,0,2024,2025-03-21,8,腎臓内,1
0510098,0,2024,2024-07-01,1,血液内,1
0510098,0,2024,2024-08-16,1,血液内,1
0510098,0,2024,2024-08-20,1,血液内,1
0510098,0,2024,2024-11-13,1,血液内,1
0510098,0,2024,2025-02-13,1,血液内,1
0510221,0,2024,2024-05-22,5,呼吸内,1
0510221,0,2024,2024-07-03,18,整形外,1
0510221,0,2024,2025-01-15,21,皮膚科,1
0510247,0,2024,2024-05-29,48,リウ膠,1
0510247,0,2024,2024-12-04,48,リウ膠,1
0510247,0,2024,2024-05-27,22,泌尿器,1
0510247,0,2024,2024-05-29,43,産婦人,1
0510247,0,2024,2024-05-24,2,脳神内,1
0510247,0,2024,2024-06-03,2,脳神内,1
0510247,0,2024,2024-06-28,2,脳神内,1
0510247,0,2024,2024-07-30,2,脳神内,1
0510247,0,2024,2024-08-05,2,脳神内,1
0510247,0,2024,2024-11-15,2,脳神内,1
0510247,0,2024,2025-03-10,2,脳神内,1
0510247,0,2024,2025-03-14,2,脳神内,1
0510247,0,2024,2024-07-22,20,脳神外,1
0510270,0,2024,2024-12-13,16,乳甲外,1
0510270,0,2024,2025-02-26,34,救急科,1
0510270,0,2024,2024-05-14,18,整形外,1
0510270,0,2024,2024-08-27,18,整形外,1
0510270,0,2024,2025-03-27,18,整形外,1
0510288,0,2024,2024-07-30,25,耳鼻科,1
0510288,0,2024,2024-08-21,25,耳鼻科,1
0510288,0,2024,2024-08-26,25,耳鼻科,1
0510288,0,2024,2024-11-25,25,耳鼻科,1
0510288,0,2024,2024-11-27,25,耳鼻科,1
0510288,0,2024,2025-01-24,25,耳鼻科,1
0510288,0,2024,2025-02-19,25,耳鼻科,1
0510288,0,2024,2025-03-03,25,耳鼻科,1
0510304,0,2024,2024-08-06,43,産婦人,1
0510338,0,2024,2024-10-23,7,循環内,1
0510338,0,2024,2024-06-03,18,整形外,1
0510338,0,2024,2024-08-07,18,整形外,1
0510338,0,2024,2024-11-22,50,消化内,1
0510338,0,2024,2025-02-03,50,消化内,1
0510338,0,2024,2025-03-05,8,腎臓内,1
0510338,0,2024,2024-11-18,1,血液内,1
0510379,0,2024,2024-07-01,34,救急科,1
0510379,0,2024,2024-08-09,34,救急科,1
0510379,0,2024,2025-01-23,50,消化内,1
0510379,0,2024,2024-07-30,6,糖尿内,1
0510379,0,2024,2024-05-07,36,総合診,1
0510379,0,2024,2024-08-06,2,脳神内,1
0510379,0,2024,2024-12-17,2,脳神内,1
0510379,0,2024,2024-05-14,20,脳神外,1
0510379,0,2024,2024-07-25,20,脳神外,1
0510379,0,2024,2024-10-29,20,脳神外,1
0510379,0,2024,2024-11-19,20,脳神外,1
0510379,0,2024,2024-05-24,8,腎臓内,1
0510379,0,2024,2024-07-08,1,血液内,1
0510387,0,2024,2024-11-05,10,小児科,1
0510387,0,2024,2024-05-08,50,消化内,1
0510387,0,2024,2024-08-02,50,消化内,1
0510387,0,2024,2024-11-01,2,脳神内,1
0510387,0,2024,2024-12-16,8,腎臓内,1
0510411,0,2024,2024-05-27,19,形成外,1
0510411,0,2024,2024-07-10,25,耳鼻科,1
0510411,0,2024,2024-10-21,25,耳鼻科,1
0510411,0,2024,2024-11-15,25,耳鼻科,1
0510411,0,2024,2025-01-29,25,耳鼻科,1
0510437,0,2024,2024-12-25,13,呼吸外,1
0510437,0,2024,2024-07-22,14,消化外,1
0510437,0,2024,2024-06-26,26,眼科,1
0510437,0,2024,2024-11-13,26,眼科,1
0510437,0,2024,2024-12-16,26,眼科,1
0510437,0,2024,2024-12-16,6,糖尿内,1
0510452,0,2024,2024-07-09,16,乳甲外,1
0510452,0,2024,2024-11-22,7,循環内,1
0510452,0,2024,2024-10-25,15,心血外,1
0510452,0,2024,2025-01-06,34,救急科,1
0510460,0,2024,2024-12-23,26,眼科,1
0510460,0,2024,2025-03-21,26,眼科,1
0513638,0,2024,2024-06-14,16,乳甲外,1
0513638,0,2024,2025-02-20,16,乳甲外,1
0700265,0,2024,2024-05-07,32,歯口外,1
0700475,0,2024,2024-05-08,19,形成外,1
0700475,0,2024,2024-12-12,19,形成外,1
0700475,0,2024,2024-05-30,26,眼科,1
0700475,0,2024,2024-05-31,26,眼科,1
0700475,0,2024,2024-06-13,26,眼科,1
0700475,0,2024,2024-07-19,26,眼科,1
0700475,0,2024,2024-08-08,26,眼科,1
0700475,0,2024,2024-08-22,26,眼科,1
0700475,0,2024,2024-10-15,26,眼科,1
0700475,0,2024,2024-10-23,26,眼科,1
0700475,0,2024,2024-11-13,26,眼科,1
0700475,0,2024,2024-11-22,26,眼科,1
0700475,0,2024,2025-01-07,26,眼科,1
0700475,0,2024,2025-02-14,26,眼科,1
0700475,0,2024,2025-02-18,26,眼科,1
0700475,0,2024,2025-02-28,26,眼科,1
0700475,0,2024,2025-03-03,26,眼科,1
0700475,0,2024,2025-03-12,26,眼科,2
0700475,0,2024,2025-03-19,26,眼科,1
0700475,0,2024,2025-02-01,20,脳神外,1
0700483,0,2024,2024-11-06,21,皮膚科,1
0700483,0,2024,2024-06-04,6,糖尿内,1
0700483,0,2024,2024-07-16,6,糖尿内,1
0700483,0,2024,2024-08-15,6,糖尿内,1
0700483,0,2024,2024-10-22,6,糖尿内,1
0700483,0,2024,2024-10-24,6,糖尿内,1
0700483,0,2024,2024-11-05,6,糖尿内,1
0700483,0,2024,2025-03-11,6,糖尿内,1
0700491,0,2024,2024-06-24,22,泌尿器,1
0700491,0,2024,2024-11-06,22,泌尿器,1
0700491,0,2024,2024-05-27,2,脳神内,1
0710025,0,2024,2024-08-09,32,歯口外,1
0710025,0,2024,2024-12-26,32,歯口外,1
0710025,0,2024,2025-02-03,32,歯口外,1
0710037,0,2024,2024-05-14,19,形成外,1
0710037,0,2024,2024-10-10,7,循環内,1
0710037,0,2024,2024-08-05,15,心血外,1
0710037,0,2024,2024-08-14,15,心血外,1
0710037,0,2024,2025-01-17,15,心血外,1
0710037,0,2024,2024-08-06,34,救急科,1
0710037,0,2024,2024-05-20,21,皮膚科,1
0710037,0,2024,2024-12-23,8,腎臓内,1
0710037,0,2024,2024-05-17,1,血液内,1
0710045,0,2024,2024-06-21,2,脳神内,1
0710052,0,2024,2024-06-10,18,整形外,1
0710052,0,2024,2024-12-17,18,整形外,1
0710086,0,2024,2024-05-14,10,小児科,1
0710086,0,2024,2024-05-16,10,小児科,2
0710086,0,2024,2024-05-17,10,小児科,1
0710086,0,2024,2024-05-29,10,小児科,1
0710086,0,2024,2024-11-30,10,小児科,1
0710086,0,2024,2025-02-24,10,小児科,1
0710086,0,2024,2024-08-26,7,循環内,1
0710086,0,2024,2025-02-04,7,循環内,1
0710086,0,2024,2025-02-10,15,心血外,1
0710086,0,2024,2025-03-10,34,救急科,1
0710086,0,2024,2025-03-03,18,整形外,1
0710086,0,2024,2025-03-04,18,整形外,1
0710086,0,2024,2024-10-29,21,皮膚科,1
0710086,0,2024,2024-11-20,21,皮膚科,1
0710086,0,2024,2025-03-14,6,糖尿内,1
0710086,0,2024,2024-06-14,2,脳神内,1
0710086,0,2024,2024-07-22,2,脳神内,1
0710086,0,2024,2024-10-11,2,脳神内,1
0710102,0,2024,2024-05-01,26,眼科,1
0710102,0,2024,2024-07-09,26,眼科,1
0710128,0,2024,2025-03-24,16,乳甲外,1
0710128,0,2024,2024-07-01,5,呼吸内,1
0710128,0,2024,2025-02-03,5,呼吸内,1
0710128,0,2024,2025-03-05,13,呼吸外,1
0710128,0,2024,2024-06-07,7,循環内,1
0710128,0,2024,2024-10-25,15,心血外,1
0710128,0,2024,2024-11-11,15,心血外,1
0710128,0,2024,2024-11-15,15,心血外,1
0710128,0,2024,2024-12-13,15,心血外,1
0710128,0,2024,2024-12-25,15,心血外,1
0710128,0,2024,2025-01-10,15,心血外,1
0710128,0,2024,2025-01-17,15,心血外,1
0710128,0,2024,2025-01-24,15,心血外,1
0710128,0,2024,2025-03-26,15,心血外,1
0710128,0,2024,2025-03-16,34,救急科,1
0710128,0,2024,2024-05-01,18,整形外,1
0710128,0,2024,2024-05-31,18,整形外,1
0710128,0,2024,2024-06-10,18,整形外,1
0710128,0,2024,2024-07-09,18,整形外,1
0710128,0,2024,2024-07-16,18,整形外,1
0710128,0,2024,2024-08-14,18,整形外,1
0710128,0,2024,2024-08-18,18,整形外,1
0710128,0,2024,2024-10-04,18,整形外,1
0710128,0,2024,2024-11-12,18,整形外,1
0710128,0,2024,2024-11-19,18,整形外,1
0710128,0,2024,2024-11-27,18,整形外,1
0710128,0,2024,2024-12-04,18,整形外,1
0710128,0,2024,2025-02-20,18,整形外,1
0710128,0,2024,2025-02-28,18,整形外,1
0710128,0,2024,2025-03-14,18,整形外,1
0710128,0,2024,2025-03-28,18,整形外,1
0710128,0,2024,2024-07-26,50,消化内,1
0710128,0,2024,2024-11-06,50,消化内,1
0710128,0,2024,2024-12-06,50,消化内,1
0710128,0,2024,2025-01-04,50,消化内,1
0710128,0,2024,2025-02-05,50,消化内,1
0710128,0,2024,2025-02-18,50,消化内,1
0710128,0,2024,2025-02-23,50,消化内,1
0710128,0,2024,2025-01-17,21,皮膚科,1
0710128,0,2024,2024-06-21,25,耳鼻科,1
0710128,0,2024,2024-07-24,25,耳鼻科,1
0710128,0,2024,2024-11-20,25,耳鼻科,1
0710128,0,2024,2025-03-26,25,耳鼻科,1
0710136,0,2024,2024-08-20,17,小児外,1
0710136,0,2024,2025-01-06,19,形成外,1
0710136,0,2024,2024-05-04,7,循環内,1
0710136,0,2024,2024-05-31,7,循環内,1
0710136,0,2024,2024-07-05,7,循環内,1
0710136,0,2024,2024-07-25,7,循環内,1
0710136,0,2024,2025-01-31,7,循環内,1
0710136,0,2024,2025-03-28,7,循環内,1
0710136,0,2024,2024-07-19,18,整形外,1
0710136,0,2024,2024-11-28,18,整形外,1
0710136,0,2024,2024-12-09,18,整形外,1
0710136,0,2024,2025-02-20,18,整形外,1
0710136,0,2024,2025-01-24,50,消化内,1
0710136,0,2024,2025-03-21,50,消化内,1
0710136,0,2024,2024-08-08,21,皮膚科,1
0710136,0,2024,2024-08-23,21,皮膚科,1
0710136,0,2024,2024-11-01,21,皮膚科,1
0710136,0,2024,2024-08-07,25,耳鼻科,1
0710136,0,2024,2024-06-28,8,腎臓内,1
0710136,0,2024,2025-01-27,8,腎臓内,1
0710136,0,2024,2024-08-26,1,血液内,1
0710151,0,2024,2025-02-14,16,乳甲外,1
0710151,0,2024,2024-11-07,7,循環内,1
0710151,0,2024,2024-05-19,34,救急科,1
0710151,0,2024,2024-10-22,50,消化内,1
0710151,0,2024,2024-11-29,50,消化内,1
0710151,0,2024,2024-10-18,21,皮膚科,1
0710151,0,2024,2024-12-20,21,皮膚科,1
0710151,0,2024,2025-02-21,6,糖尿内,1
0710169,0,2024,2024-07-26,16,乳甲外,1
0710185,0,2024,2025-01-17,5,呼吸内,1
0710185,0,2024,2024-08-27,7,循環内,1
0710185,0,2024,2024-10-25,7,循環内,1
0710185,0,2024,2024-11-25,7,循環内,1
0710185,0,2024,2025-02-18,7,循環内,1
0710185,0,2024,2024-06-12,15,心血外,1
0710185,0,2024,2024-06-14,15,心血外,1
0710185,0,2024,2024-08-23,15,心血外,1
0710185,0,2024,2024-10-18,15,心血外,1
0710185,0,2024,2024-12-20,15,心血外,1
0710185,0,2024,2025-02-14,15,心血外,1
0710185,0,2024,2024-05-29,22,泌尿器,1
0710185,0,2024,2024-08-28,22,泌尿器,1
0710185,0,2024,2024-11-20,22,泌尿器,1
0710185,0,2024,2025-02-12,22,泌尿器,1
0710185,0,2024,2024-06-11,50,消化内,1
0710185,0,2024,2024-12-25,50,消化内,1
0710185,0,2024,2025-01-07,50,消化内,1
0710185,0,2024,2024-07-02,9,脳卒中,1
0710185,0,2024,2024-07-25,9,脳卒中,1
0710185,0,2024,2024-06-21,8,腎臓内,1
0710185,0,2024,2025-01-21,8,腎臓内,1
0710185,0,2024,2025-01-31,8,腎臓内,1
0710185,0,2024,2024-05-01,1,血液内,1
0710185,0,2024,2024-07-31,1,血液内,1
0710185,0,2024,2024-08-28,1,血液内,1
0710185,0,2024,2024-11-20,1,血液内,1
0710185,0,2024,2025-01-15,1,血液内,1
0710185,0,2024,2025-03-12,1,血液内,1
0710193,0,2024,2025-02-04,7,循環内,1
0710193,0,2024,2025-02-19,7,循環内,1
0710193,0,2024,2025-02-26,7,循環内,1
0710242,0,2024,2025-02-20,16,乳甲外,1
0710242,0,2024,2024-07-24,18,整形外,1
0800305,0,2024,2024-06-13,32,歯口外,1
0800305,0,2024,2024-08-07,32,歯口外,1
0800305,0,2024,2024-08-28,32,歯口外,1
0800305,0,2024,2024-08-30,32,歯口外,1
0800305,0,2024,2024-10-08,32,歯口外,1
0800305,0,2024,2024-11-30,32,歯口外,1
0800305,0,2024,2024-12-18,32,歯口外,1
0800305,0,2024,2025-01-04,32,歯口外,1
0800321,0,2024,2024-08-14,32,歯口外,1
0800396,0,2024,2024-08-21,32,歯口外,1
0800420,0,2024,2024-05-15,32,歯口外,1
0800420,0,2024,2024-10-18,32,歯口外,1
0800420,0,2024,2024-10-30,32,歯口外,1
0800420,0,2024,2025-01-08,32,歯口外,1
0800420,0,2024,2025-01-24,32,歯口外,1
0800479,0,2024,2024-07-31,32,歯口外,1
0800487,0,2024,2024-06-05,32,歯口外,1
0800487,0,2024,2025-03-18,32,歯口外,1
0800487,0,2024,2024-10-03,21,皮膚科,1
0800511,0,2024,2024-06-07,32,歯口外,1
0800511,0,2024,2024-06-22,32,歯口外,1
0800511,0,2024,2024-10-16,32,歯口外,1
0800511,0,2024,2024-12-04,32,歯口外,1
0800511,0,2024,2024-12-17,32,歯口外,1
0800511,0,2024,2024-12-20,32,歯口外,1
0800511,0,2024,2024-12-25,32,歯口外,1
0800511,0,2024,2024-12-27,32,歯口外,1
0800511,0,2024,2025-03-26,32,歯口外,1
0800529,0,2024,2024-08-09,32,歯口外,1
0800529,0,2024,2024-10-25,32,歯口外,1
0800529,0,2024,2024-12-04,32,歯口外,1
0800529,0,2024,2024-12-06,32,歯口外,1
0800529,0,2024,2025-01-15,32,歯口外,1
0800529,0,2024,2024-10-16,21,皮膚科,1
0800578,0,2024,2024-05-01,32,歯口外,1
0800578,0,2024,2024-05-17,32,歯口外,1
0800578,0,2024,2024-10-16,32,歯口外,1
0800578,0,2024,2024-12-04,32,歯口外,1
0800594,0,2024,2024-06-19,18,整形外,1
0800594,0,2024,2024-05-15,32,歯口外,1
0800594,0,2024,2024-07-16,32,歯口外,1
0800594,0,2024,2024-10-04,32,歯口外,1
0800594,0,2024,2024-10-17,32,歯口外,1
0800594,0,2024,2024-11-01,32,歯口外,1
0800594,0,2024,2024-11-25,32,歯口外,1
0800594,0,2024,2024-12-04,32,歯口外,1
0800594,0,2024,2024-12-05,32,歯口外,1
0800594,0,2024,2024-12-11,32,歯口外,2
0800594,0,2024,2024-12-13,32,歯口外,1
0800594,0,2024,2024-12-20,32,歯口外,1
0800602,0,2024,2024-06-04,32,歯口外,1
0800602,0,2024,2024-06-28,32,歯口外,1
0800602,0,2024,2024-08-02,32,歯口外,1
0800602,0,2024,2024-10-21,32,歯口外,1
0800602,0,2024,2024-12-13,32,歯口外,1
0800628,0,2024,2024-06-05,32,歯口外,1
0800628,0,2024,2025-01-08,32,歯口外,1
0800636,0,2024,2024-05-08,32,歯口外,1
0800636,0,2024,2024-05-11,32,歯口外,1
0800636,0,2024,2024-05-18,32,歯口外,1
0800636,0,2024,2024-05-25,32,歯口外,1
0800636,0,2024,2024-11-29,32,歯口外,1
0800644,0,2024,2024-06-07,32,歯口外,1
0800644,0,2024,2024-07-16,32,歯口外,1
0800644,0,2024,2024-11-13,32,歯口外,1
0800651,0,2024,2024-05-01,32,歯口外,1
0800651,0,2024,2024-07-03,32,歯口外,1
0800651,0,2024,2024-08-05,32,歯口外,1
0800651,0,2024,2024-08-07,32,歯口外,1
0800651,0,2024,2024-10-21,32,歯口外,1
0800651,0,2024,2024-11-05,32,歯口外,1
0800651,0,2024,2024-11-06,32,歯口外,1
0800651,0,2024,2024-11-18,32,歯口外,1
0800651,0,2024,2024-11-20,32,歯口外,1
0800651,0,2024,2024-11-21,32,歯口外,1
0800651,0,2024,2024-12-25,32,歯口外,1
0800651,0,2024,2024-12-27,32,歯口外,2
0800651,0,2024,2025-01-29,32,歯口外,1
0800651,0,2024,2025-02-21,32,歯口外,2
0800651,0,2024,2025-02-27,32,歯口外,1
0800651,0,2024,2025-03-21,32,歯口外,1
0800651,0,2024,2025-03-28,32,歯口外,1
0800669,0,2024,2024-05-01,7,循環内,1
0800705,0,2024,2025-01-09,18,整形外,1
0800705,0,2024,2025-03-06,22,泌尿器,1
0800705,0,2024,2024-10-22,2,脳神内,1
0800853,0,2024,2024-08-02,16,乳甲外,1
0800853,0,2024,2024-08-03,10,小児科,1
0800853,0,2024,2024-11-28,10,小児科,1
0800853,0,2024,2024-10-30,7,循環内,1
0800853,0,2024,2024-11-28,7,循環内,1
0800853,0,2024,2024-05-07,12,心療科,1
0800853,0,2024,2024-06-29,34,救急科,1
0800853,0,2024,2024-10-09,18,整形外,1
0800853,0,2024,2024-05-21,50,消化内,1
0800853,0,2024,2024-10-04,50,消化内,1
0800853,0,2024,2024-11-27,50,消化内,1
0800853,0,2024,2024-12-06,50,消化内,1
0800853,0,2024,2025-02-25,50,消化内,1
0800853,0,2024,2025-03-19,50,消化内,1
0800853,0,2024,2024-10-07,26,眼科,1
0800853,0,2024,2024-07-18,25,耳鼻科,1
0800853,0,2024,2025-02-19,9,脳卒中,1
0800887,0,2024,2024-10-04,48,リウ膠,1
0800887,0,2024,2024-10-17,16,乳甲外,1
0800887,0,2024,2024-05-07,19,形成外,1
0800887,0,2024,2024-05-17,19,形成外,1
0800887,0,2024,2024-05-31,19,形成外,1
0800887,0,2024,2024-06-11,19,形成外,1
0800887,0,2024,2024-06-12,19,形成外,1
0800887,0,2024,2024-06-17,19,形成外,1
0800887,0,2024,2024-06-18,19,形成外,1
0800887,0,2024,2024-06-19,19,形成外,1
0800887,0,2024,2024-06-28,19,形成外,1
0800887,0,2024,2024-07-08,19,形成外,2
0800887,0,2024,2024-07-22,19,形成外,2
0800887,0,2024,2024-07-24,19,形成外,1
0800887,0,2024,2024-08-02,19,形成外,1
0800887,0,2024,2024-08-09,19,形成外,1
0800887,0,2024,2024-08-21,19,形成外,1
0800887,0,2024,2024-08-26,19,形成外,2
0800887,0,2024,2024-08-27,19,形成外,1
0800887,0,2024,2024-10-04,19,形成外,1
0800887,0,2024,2024-10-28,19,形成外,1
0800887,0,2024,2024-11-08,19,形成外,1
0800887,0,2024,2024-11-18,19,形成外,1
0800887,0,2024,2024-11-25,19,形成外,1
0800887,0,2024,2024-11-26,19,形成外,1
0800887,0,2024,2024-11-27,19,形成外,1
0800887,0,2024,2024-12-03,19,形成外,1
0800887,0,2024,2024-12-06,19,形成外,2
0800887,0,2024,2024-12-13,19,形成外,1
0800887,0,2024,2024-12-16,19,形成外,1
0800887,0,2024,2024-12-25,19,形成外,1
0800887,0,2024,2025-02-17,19,形成外,1
0800887,0,2024,2025-03-14,19,形成外,1
0800887,0,2024,2025-03-28,19,形成外,1
0800887,0,2024,2024-11-11,15,心血外,2
0800887,0,2024,2025-01-20,15,心血外,1
0800887,0,2024,2025-01-27,15,心血外,1
0800887,0,2024,2025-02-03,15,心血外,1
0800887,0,2024,2024-11-01,32,歯口外,1
0800887,0,2024,2024-05-01,21,皮膚科,1
0800887,0,2024,2024-05-14,21,皮膚科,1
0800887,0,2024,2024-05-21,21,皮膚科,1
0800887,0,2024,2024-05-22,21,皮膚科,1
0800887,0,2024,2024-05-28,21,皮膚科,1
0800887,0,2024,2024-06-11,21,皮膚科,1
0800887,0,2024,2024-06-19,21,皮膚科,1
0800887,0,2024,2024-06-25,21,皮膚科,1
0800887,0,2024,2024-07-08,21,皮膚科,1
0800887,0,2024,2024-07-12,21,皮膚科,1
0800887,0,2024,2024-07-16,21,皮膚科,1
0800887,0,2024,2024-07-29,21,皮膚科,1
0800887,0,2024,2024-07-30,21,皮膚科,2
0800887,0,2024,2024-08-23,21,皮膚科,1
0800887,0,2024,2024-08-26,21,皮膚科,2
0800887,0,2024,2024-08-30,21,皮膚科,1
0800887,0,2024,2024-10-15,21,皮膚科,1
0800887,0,2024,2024-10-18,21,皮膚科,1
0800887,0,2024,2024-10-22,21,皮膚科,1
0800887,0,2024,2024-10-23,21,皮膚科,1
0800887,0,2024,2024-10-24,21,皮膚科,1
0800887,0,2024,2024-10-28,21,皮膚科,1
0800887,0,2024,2024-11-05,21,皮膚科,1
0800887,0,2024,2024-11-08,21,皮膚科,2
0800887,0,2024,2024-11-12,21,皮膚科,1
0800887,0,2024,2024-11-13,21,皮膚科,1
0800887,0,2024,2024-12-02,21,皮膚科,1
0800887,0,2024,2024-12-04,21,皮膚科,1
0800887,0,2024,2024-12-06,21,皮膚科,2
0800887,0,2024,2024-12-17,21,皮膚科,1
0800887,0,2024,2024-12-25,21,皮膚科,1
0800887,0,2024,2024-12-27,21,皮膚科,1
0800887,0,2024,2025-01-10,21,皮膚科,1
0800887,0,2024,2025-01-27,21,皮膚科,1
0800887,0,2024,2025-01-31,21,皮膚科,1
0800887,0,2024,2025-02-07,21,皮膚科,2
0800887,0,2024,2025-02-17,21,皮膚科,1
0800887,0,2024,2025-02-28,21,皮膚科,1
0800887,0,2024,2025-03-03,21,皮膚科,1
0800887,0,2024,2025-03-14,21,皮膚科,1
0800887,0,2024,2025-03-18,21,皮膚科,1
0800887,0,2024,2025-03-21,21,皮膚科,1
0800887,0,2024,2025-03-25,21,皮膚科,1
0800887,0,2024,2025-03-26,21,皮膚科,1
0800937,0,2024,2024-11-30,28,放診断,1
0800986,0,2024,2024-06-04,48,リウ膠,1
0800986,0,2024,2024-10-30,48,リウ膠,1
0800986,0,2024,2024-11-15,48,リウ膠,1
0800986,0,2024,2025-01-23,48,リウ膠,1
0800986,0,2024,2024-06-03,16,乳甲外,1
0800986,0,2024,2024-07-30,5,呼吸内,1
0800986,0,2024,2024-08-06,5,呼吸内,1
0800986,0,2024,2024-12-24,17,小児外,1
0800986,0,2024,2025-02-08,10,小児科,1
0800986,0,2024,2024-10-31,7,循環内,1
0800986,0,2024,2024-11-19,7,循環内,1
0800986,0,2024,2024-12-10,7,循環内,1
0800986,0,2024,2025-02-17,7,循環内,1
0800986,0,2024,2024-10-18,15,心血外,1
0800986,0,2024,2024-10-03,28,放診断,1
0800986,0,2024,2024-12-03,28,放診断,1
0800986,0,2024,2024-12-11,28,放診断,1
0800986,0,2024,2025-02-19,28,放診断,1
0800986,0,2024,2024-05-21,34,救急科,1
0800986,0,2024,2024-05-14,18,整形外,2
0800986,0,2024,2024-05-20,18,整形外,1
0800986,0,2024,2024-05-30,18,整形外,1
0800986,0,2024,2024-06-05,18,整形外,1
0800986,0,2024,2024-06-12,18,整形外,2
0800986,0,2024,2024-06-20,18,整形外,1
0800986,0,2024,2024-06-24,18,整形外,2
0800986,0,2024,2024-06-25,18,整形外,1
0800986,0,2024,2024-06-27,18,整形外,1
0800986,0,2024,2024-07-10,18,整形外,1
0800986,0,2024,2024-07-17,18,整形外,1
0800986,0,2024,2024-07-18,18,整形外,1
0800986,0,2024,2024-07-19,18,整形外,1
0800986,0,2024,2024-08-02,18,整形外,1
0800986,0,2024,2024-08-06,18,整形外,1
0800986,0,2024,2024-08-13,18,整形外,1
0800986,0,2024,2024-08-14,18,整形外,1
0800986,0,2024,2024-08-27,18,整形外,1
0800986,0,2024,2024-10-02,18,整形外,1
0800986,0,2024,2024-10-16,18,整形外,1
0800986,0,2024,2024-11-05,18,整形外,2
0800986,0,2024,2024-11-07,18,整形外,1
0800986,0,2024,2024-11-11,18,整形外,1
0800986,0,2024,2024-11-13,18,整形外,1
0800986,0,2024,2024-11-19,18,整形外,1
0800986,0,2024,2024-11-21,18,整形外,1
0800986,0,2024,2024-11-27,18,整形外,1
0800986,0,2024,2024-12-12,18,整形外,1
0800986,0,2024,2024-12-17,18,整形外,1
0800986,0,2024,2024-12-18,18,整形外,1
0800986,0,2024,2024-12-23,18,整形外,1
0800986,0,2024,2024-12-26,18,整形外,1
0800986,0,2024,2024-12-27,18,整形外,1
0800986,0,2024,2025-01-08,18,整形外,2
0800986,0,2024,2025-01-10,18,整形外,1
0800986,0,2024,2025-01-15,18,整形外,1
0800986,0,2024,2025-01-21,18,整形外,1
0800986,0,2024,2025-02-05,18,整形外,2
0800986,0,2024,2025-02-07,18,整形外,1
0800986,0,2024,2025-02-25,18,整形外,1
0800986,0,2024,2025-02-26,18,整形外,2
0800986,0,2024,2025-03-03,18,整形外,1
0800986,0,2024,2025-03-04,18,整形外,2
0800986,0,2024,2025-03-18,18,整形外,1
0800986,0,2024,2025-03-21,18,整形外,1
0800986,0,2024,2025-03-31,18,整形外,1
0800986,0,2024,2024-11-22,22,泌尿器,1
0800986,0,2024,2024-11-18,50,消化内,1
0800986,0,2024,2025-01-20,50,消化内,1
0800986,0,2024,2025-02-27,50,消化内,1
0800986,0,2024,2024-06-06,14,消化外,1
0800986,0,2024,2024-12-10,21,皮膚科,1
0800986,0,2024,2024-12-11,6,糖尿内,1
0800986,0,2024,2024-06-07,36,総合診,1
0800986,0,2024,2024-08-02,2,脳神内,1
0800986,0,2024,2024-11-19,2,脳神内,1
0800986,0,2024,2024-12-12,2,脳神内,1
0800986,0,2024,2025-02-20,2,脳神内,1
0800986,0,2024,2025-01-14,20,脳神外,1
0800986,0,2024,2024-05-28,8,腎臓内,1
0810015,0,2024,2024-06-06,32,歯口外,1
0810015,0,2024,2024-06-10,32,歯口外,1
0810015,0,2024,2024-06-12,32,歯口外,1
0810015,0,2024,2024-10-09,32,歯口外,1
0810015,0,2024,2024-10-30,32,歯口外,1
0810015,0,2024,2024-11-01,32,歯口外,1
0810015,0,2024,2024-12-04,32,歯口外,1
0810015,0,2024,2024-12-06,32,歯口外,1
0810015,0,2024,2025-01-07,32,歯口外,1
0810015,0,2024,2025-01-24,32,歯口外,1
0810015,0,2024,2025-03-08,32,歯口外,1
0810019,0,2024,2024-07-22,16,乳甲外,1
0810019,0,2024,2024-05-20,5,呼吸内,1
0810019,0,2024,2024-07-23,5,呼吸内,1
0810019,0,2024,2025-02-03,5,呼吸内,1
0810019,0,2024,2024-10-17,13,呼吸外,1
0810019,0,2024,2024-11-14,13,呼吸外,1
0810019,0,2024,2025-02-27,19,形成外,1
0810019,0,2024,2024-05-08,7,循環内,1
0810019,0,2024,2024-08-16,7,循環内,1
0810019,0,2024,2024-12-05,7,循環内,1
0810019,0,2024,2025-01-06,7,循環内,1
0810019,0,2024,2024-11-18,15,心血外,1
0810019,0,2024,2024-10-10,34,救急科,1
0810019,0,2024,2024-12-27,34,救急科,1
0810019,0,2024,2024-12-31,34,救急科,1
0810019,0,2024,2024-05-16,18,整形外,1
0810019,0,2024,2024-06-07,18,整形外,1
0810019,0,2024,2024-07-02,18,整形外,1
0810019,0,2024,2024-07-03,18,整形外,1
0810019,0,2024,2024-07-16,18,整形外,1
0810019,0,2024,2024-07-23,18,整形外,1
0810019,0,2024,2024-08-20,18,整形外,1
0810019,0,2024,2024-10-21,18,整形外,1
0810019,0,2024,2024-10-30,18,整形外,1
0810019,0,2024,2024-11-19,18,整形外,1
0810019,0,2024,2024-12-11,18,整形外,1
0810019,0,2024,2024-12-12,18,整形外,1
0810019,0,2024,2025-01-07,18,整形外,1
0810019,0,2024,2025-01-21,18,整形外,1
0810019,0,2024,2025-01-24,18,整形外,1
0810019,0,2024,2025-03-27,18,整形外,1
0810019,0,2024,2025-02-18,22,泌尿器,1
0810019,0,2024,2024-07-31,50,消化内,1
0810019,0,2024,2024-10-04,50,消化内,1
0810019,0,2024,2025-03-07,50,消化内,1
0810019,0,2024,2024-05-17,21,皮膚科,1
0810019,0,2024,2024-06-04,21,皮膚科,1
0810019,0,2024,2024-10-21,21,皮膚科,2
0810019,0,2024,2025-01-07,21,皮膚科,1
0810019,0,2024,2025-02-20,21,皮膚科,1
0810019,0,2024,2024-12-23,36,総合診,1
0810019,0,2024,2024-12-24,36,総合診,1
0810019,0,2024,2025-03-13,36,総合診,1
0810019,0,2024,2025-03-18,36,総合診,1
0810019,0,2024,2025-02-26,25,耳鼻科,1
0810019,0,2024,2024-06-12,9,脳卒中,1
0810019,0,2024,2024-12-09,9,脳卒中,1
0810019,0,2024,2024-11-21,2,脳神内,1
0810019,0,2024,2024-11-29,2,脳神内,1
0810019,0,2024,2024-05-13,20,脳神外,1
0810019,0,2024,2024-06-04,20,脳神外,1
0810019,0,2024,2024-07-29,20,脳神外,1
0810019,0,2024,2024-10-02,20,脳神外,1
0810019,0,2024,2024-12-17,20,脳神外,1
0810019,0,2024,2025-03-26,8,腎臓内,1
0810019,0,2024,2024-08-23,1,血液内,1
0810019,0,2024,2024-05-21,37,麻酔科,1
0810035,0,2024,2024-07-22,31,リハ,1
0810035,0,2024,2024-12-10,31,リハ,1
0810035,0,2024,2024-08-05,16,乳甲外,1
0810035,0,2024,2024-08-13,16,乳甲外,1
0810035,0,2024,2024-08-29,16,乳甲外,1
0810035,0,2024,2024-11-06,16,乳甲外,1
0810035,0,2024,2024-11-15,16,乳甲外,1
0810035,0,2024,2024-11-19,16,乳甲外,1
0810035,0,2024,2024-11-26,16,乳甲外,1
0810035,0,2024,2024-12-11,16,乳甲外,1
0810035,0,2024,2024-08-13,5,呼吸内,1
0810035,0,2024,2024-08-15,5,呼吸内,1
0810035,0,2024,2025-01-23,5,呼吸内,1
0810035,0,2024,2024-05-08,13,呼吸外,1
0810035,0,2024,2024-08-23,13,呼吸外,1
0810035,0,2024,2024-11-29,13,呼吸外,1
0810035,0,2024,2024-12-25,13,呼吸外,1
0810035,0,2024,2025-01-29,13,呼吸外,1
0810035,0,2024,2024-08-05,10,小児科,1
0810035,0,2024,2024-08-22,19,形成外,1
0810035,0,2024,2024-11-12,19,形成外,1
0810035,0,2024,2024-11-14,19,形成外,1
0810035,0,2024,2024-05-17,7,循環内,1
0810035,0,2024,2024-05-28,7,循環内,1
0810035,0,2024,2024-06-18,7,循環内,1
0810035,0,2024,2024-06-27,7,循環内,1
0810035,0,2024,2024-08-01,7,循環内,1
0810035,0,2024,2024-08-21,7,循環内,1
0810035,0,2024,2024-10-25,7,循環内,1
0810035,0,2024,2024-11-11,7,循環内,1
0810035,0,2024,2024-11-15,7,循環内,1
0810035,0,2024,2024-12-16,7,循環内,1
0810035,0,2024,2025-01-16,7,循環内,1
0810035,0,2024,2025-03-05,7,循環内,1
0810035,0,2024,2024-06-19,12,心療科,1
0810035,0,2024,2024-06-21,15,心血外,1
0810035,0,2024,2024-06-28,15,心血外,1
0810035,0,2024,2025-01-17,15,心血外,1
0810035,0,2024,2025-02-26,15,心血外,1
0810035,0,2024,2025-03-05,15,心血外,1
0810035,0,2024,2024-08-27,29,放治療,1
0810035,0,2024,2024-05-14,34,救急科,1
0810035,0,2024,2024-07-19,34,救急科,1
0810035,0,2024,2024-12-19,34,救急科,1
0810035,0,2024,2025-01-18,34,救急科,1
0810035,0,2024,2025-03-12,34,救急科,1
0810035,0,2024,2024-05-10,18,整形外,1
0810035,0,2024,2024-06-19,18,整形外,1
0810035,0,2024,2024-06-24,18,整形外,1
0810035,0,2024,2024-07-09,18,整形外,1
0810035,0,2024,2024-07-12,18,整形外,1
0810035,0,2024,2024-07-16,18,整形外,1
0810035,0,2024,2024-08-30,18,整形外,1
0810035,0,2024,2024-10-15,18,整形外,1
0810035,0,2024,2024-10-23,18,整形外,1
0810035,0,2024,2024-11-13,18,整形外,1
0810035,0,2024,2024-11-25,18,整形外,1
0810035,0,2024,2024-11-27,18,整形外,1
0810035,0,2024,2024-12-12,18,整形外,1
0810035,0,2024,2024-12-19,18,整形外,1
0810035,0,2024,2025-01-07,18,整形外,1
0810035,0,2024,2025-01-22,18,整形外,1
0810035,0,2024,2025-01-27,18,整形外,1
0810035,0,2024,2025-02-05,18,整形外,1
0810035,0,2024,2025-02-09,18,整形外,1
0810035,0,2024,2025-02-13,18,整形外,1
0810035,0,2024,2025-03-22,18,整形外,1
0810035,0,2024,2025-03-23,18,整形外,1
0810035,0,2024,2024-08-05,22,泌尿器,1
0810035,0,2024,2024-08-27,22,泌尿器,1
0810035,0,2024,2024-10-02,22,泌尿器,1
0810035,0,2024,2024-10-30,22,泌尿器,1
0810035,0,2024,2025-02-22,22,泌尿器,1
0810035,0,2024,2025-03-22,22,泌尿器,1
0810035,0,2024,2024-05-01,50,消化内,1
0810035,0,2024,2024-05-08,50,消化内,1
0810035,0,2024,2024-05-13,50,消化内,1
0810035,0,2024,2024-05-27,50,消化内,1
0810035,0,2024,2024-06-03,50,消化内,1
0810035,0,2024,2024-06-11,50,消化内,1
0810035,0,2024,2024-06-12,50,消化内,1
0810035,0,2024,2024-06-19,50,消化内,1
0810035,0,2024,2024-06-28,50,消化内,1
0810035,0,2024,2024-07-01,50,消化内,1
0810035,0,2024,2024-08-13,50,消化内,1
0810035,0,2024,2024-08-15,50,消化内,1
0810035,0,2024,2024-08-21,50,消化内,1
0810035,0,2024,2024-08-22,50,消化内,1
0810035,0,2024,2024-08-27,50,消化内,1
0810035,0,2024,2024-08-28,50,消化内,1
0810035,0,2024,2024-10-03,50,消化内,2
0810035,0,2024,2024-11-01,50,消化内,1
0810035,0,2024,2024-11-06,50,消化内,1
0810035,0,2024,2024-12-09,50,消化内,1
0810035,0,2024,2024-12-16,50,消化内,1
0810035,0,2024,2024-12-17,50,消化内,1
0810035,0,2024,2025-01-20,50,消化内,1
0810035,0,2024,2025-01-27,50,消化内,1
0810035,0,2024,2025-01-28,50,消化内,1
0810035,0,2024,2025-02-06,50,消化内,1
0810035,0,2024,2025-02-07,50,消化内,1
0810035,0,2024,2025-03-03,50,消化内,1
0810035,0,2024,2025-03-06,50,消化内,1
0810035,0,2024,2025-03-10,50,消化内,1
0810035,0,2024,2025-03-13,50,消化内,1
0810035,0,2024,2025-03-26,50,消化内,1
0810035,0,2024,2025-03-28,50,消化内,1
0810035,0,2024,2024-05-15,14,消化外,1
0810035,0,2024,2025-02-10,14,消化外,1
0810035,0,2024,2024-07-29,21,皮膚科,1
0810035,0,2024,2024-05-08,6,糖尿内,1
0810035,0,2024,2024-05-15,6,糖尿内,1
0810035,0,2024,2024-08-28,6,糖尿内,1
0810035,0,2024,2025-01-14,6,糖尿内,1
0810035,0,2024,2025-01-22,6,糖尿内,1
0810035,0,2024,2025-02-03,6,糖尿内,1
0810035,0,2024,2025-02-13,6,糖尿内,1
0810035,0,2024,2024-11-18,36,総合診,1
0810035,0,2024,2024-05-27,9,脳卒中,1
0810035,0,2024,2024-05-27,2,脳神内,1
0810035,0,2024,2024-06-03,2,脳神内,1
0810035,0,2024,2024-06-27,2,脳神内,1
0810035,0,2024,2024-07-01,2,脳神内,1
0810035,0,2024,2024-08-15,2,脳神内,1
0810035,0,2024,2024-08-22,2,脳神内,1
0810035,0,2024,2024-11-13,2,脳神内,1
0810035,0,2024,2025-03-31,2,脳神内,1
0810035,0,2024,2024-05-31,20,脳神外,1
0810035,0,2024,2024-07-18,20,脳神外,1
0810035,0,2024,2024-08-24,20,脳神外,1
0810035,0,2024,2025-01-04,20,脳神外,1
0810035,0,2024,2025-01-30,20,脳神外,1
0810035,0,2024,2024-05-01,8,腎臓内,1
0810035,0,2024,2024-08-09,8,腎臓内,1
0810035,0,2024,2024-08-16,8,腎臓内,1
0810035,0,2024,2024-11-18,8,腎臓内,1
0810035,0,2024,2024-11-25,8,腎臓内,1
0810035,0,2024,2025-01-27,8,腎臓内,1
0810035,0,2024,2025-02-10,8,腎臓内,1
0810035,0,2024,2024-06-19,1,血液内,1
0810035,0,2024,2024-06-25,1,血液内,1
0810049,0,2024,2024-07-31,32,歯口外,1
0810049,0,2024,2024-11-14,32,歯口外,1
0810050,0,2024,2024-05-14,5,呼吸内,1
0810050,0,2024,2024-10-15,5,呼吸内,1
0810050,0,2024,2024-10-02,13,呼吸外,1
0810050,0,2024,2024-06-15,10,小児科,1
0810050,0,2024,2024-05-21,19,形成外,1
0810050,0,2024,2025-01-25,19,形成外,1
0810050,0,2024,2024-07-15,7,循環内,1
0810050,0,2024,2024-11-11,7,循環内,1
0810050,0,2024,2024-10-11,15,心血外,1
0810050,0,2024,2024-11-12,15,心血外,1
0810050,0,2024,2024-06-24,34,救急科,1
0810050,0,2024,2024-12-17,34,救急科,1
0810050,0,2024,2024-06-06,18,整形外,1
0810050,0,2024,2024-06-14,18,整形外,1
0810050,0,2024,2024-08-08,18,整形外,1
0810050,0,2024,2024-10-03,18,整形外,1
0810050,0,2024,2025-02-05,18,整形外,1
0810050,0,2024,2024-11-25,32,歯口外,1
0810050,0,2024,2025-03-27,32,歯口外,1
0810050,0,2024,2024-06-17,22,泌尿器,1
0810050,0,2024,2024-07-16,22,泌尿器,1
0810050,0,2024,2025-02-04,22,泌尿器,1
0810050,0,2024,2025-03-25,22,泌尿器,1
0810050,0,2024,2024-08-02,50,消化内,2
0810050,0,2024,2024-08-12,50,消化内,1
0810050,0,2024,2024-10-30,50,消化内,1
0810050,0,2024,2024-11-05,50,消化内,2
0810050,0,2024,2025-01-08,50,消化内,1
0810050,0,2024,2025-02-18,14,消化外,1
0810050,0,2024,2024-10-02,6,糖尿内,1
0810050,0,2024,2024-12-23,6,糖尿内,1
0810050,0,2024,2024-07-02,2,脳神内,1
0810050,0,2024,2024-07-05,2,脳神内,1
0810050,0,2024,2025-01-27,2,脳神内,1
0810050,0,2024,2025-01-31,2,脳神内,1
0810050,0,2024,2025-03-03,2,脳神内,1
0810050,0,2024,2025-01-17,20,脳神外,1
0810056,0,2024,2024-10-02,32,歯口外,1
0810064,0,2024,2024-06-10,32,歯口外,1
0810064,0,2024,2024-06-26,32,歯口外,1
0810064,0,2024,2024-10-11,32,歯口外,2
0810064,0,2024,2024-11-28,32,歯口外,1
0810064,0,2024,2024-12-26,32,歯口外,1
0810064,0,2024,2025-01-08,32,歯口外,1
0810064,0,2024,2025-03-17,32,歯口外,1
0810072,0,2024,2024-05-27,32,歯口外,1
0810072,0,2024,2024-08-19,32,歯口外,2
0810072,0,2024,2024-10-08,32,歯口外,1
0810072,0,2024,2025-01-27,32,歯口外,2
0810080,0,2024,2024-05-07,32,歯口外,1
0810080,0,2024,2024-06-26,32,歯口外,1
0810080,0,2024,2024-07-17,32,歯口外,1
0810080,0,2024,2024-07-27,32,歯口外,1
0810080,0,2024,2024-08-02,32,歯口外,1
0810080,0,2024,2024-08-09,32,歯口外,1
0810080,0,2024,2024-08-21,32,歯口外,2
0810080,0,2024,2024-08-22,32,歯口外,1
0810080,0,2024,2024-08-29,32,歯口外,1
0810080,0,2024,2024-08-30,32,歯口外,1
0810080,0,2024,2024-10-02,32,歯口外,1
0810080,0,2024,2024-10-22,32,歯口外,1
0810080,0,2024,2024-10-30,32,歯口外,1
0810080,0,2024,2024-11-13,32,歯口外,1
0810080,0,2024,2024-11-14,32,歯口外,1
0810080,0,2024,2024-11-15,32,歯口外,1
0810080,0,2024,2024-11-29,32,歯口外,1
0810080,0,2024,2024-12-06,32,歯口外,1
0810080,0,2024,2024-12-17,32,歯口外,1
0810080,0,2024,2025-02-06,32,歯口外,1
0810080,0,2024,2025-02-17,32,歯口外,2
0810080,0,2024,2025-02-18,32,歯口外,1
0810080,0,2024,2025-03-11,32,歯口外,1
0810080,0,2024,2025-03-17,32,歯口外,1
0810080,0,2024,2025-03-31,32,歯口外,2
0810100,0,2024,2024-05-21,16,乳甲外,1
0810100,0,2024,2024-07-30,16,乳甲外,1
0810100,0,2024,2024-08-13,16,乳甲外,1
0810100,0,2024,2024-11-12,16,乳甲外,1
0810100,0,2024,2025-02-18,16,乳甲外,2
0810100,0,2024,2024-05-09,5,呼吸内,1
0810100,0,2024,2024-08-15,5,呼吸内,1
0810100,0,2024,2024-10-16,5,呼吸内,1
0810100,0,2024,2024-10-24,5,呼吸内,1
0810100,0,2024,2024-11-07,5,呼吸内,1
0810100,0,2024,2024-12-19,5,呼吸内,1
0810100,0,2024,2024-12-26,5,呼吸内,1
0810100,0,2024,2025-01-08,5,呼吸内,1
0810100,0,2024,2025-02-21,5,呼吸内,1
0810100,0,2024,2024-05-07,19,形成外,1
0810100,0,2024,2024-11-26,19,形成外,1
0810100,0,2024,2025-01-07,19,形成外,1
0810100,0,2024,2024-05-21,7,循環内,1
0810100,0,2024,2024-05-28,7,循環内,1
0810100,0,2024,2024-06-06,7,循環内,1
0810100,0,2024,2024-07-02,7,循環内,1
0810100,0,2024,2024-08-13,7,循環内,1
0810100,0,2024,2024-10-15,7,循環内,1
0810100,0,2024,2024-11-06,7,循環内,1
0810100,0,2024,2024-11-12,7,循環内,1
0810100,0,2024,2024-11-20,7,循環内,1
0810100,0,2024,2024-11-26,7,循環内,1
0810100,0,2024,2025-01-07,7,循環内,1
0810100,0,2024,2025-01-20,7,循環内,1
0810100,0,2024,2025-01-23,7,循環内,1
0810100,0,2024,2025-02-18,7,循環内,1
0810100,0,2024,2025-02-28,7,循環内,1
0810100,0,2024,2024-05-31,12,心療科,1
0810100,0,2024,2024-07-30,12,心療科,1
0810100,0,2024,2024-10-25,12,心療科,1
0810100,0,2024,2024-05-15,15,心血外,2
0810100,0,2024,2024-08-16,15,心血外,1
0810100,0,2024,2024-10-07,15,心血外,1
0810100,0,2024,2024-11-13,15,心血外,1
0810100,0,2024,2025-01-17,15,心血外,1
0810100,0,2024,2025-02-28,15,心血外,1
0810100,0,2024,2024-06-16,34,救急科,1
0810100,0,2024,2024-08-31,34,救急科,1
0810100,0,2024,2025-01-04,34,救急科,1
0810100,0,2024,2024-05-07,18,整形外,1
0810100,0,2024,2024-05-08,18,整形外,1
0810100,0,2024,2024-05-20,18,整形外,1
0810100,0,2024,2024-06-03,18,整形外,1
0810100,0,2024,2024-07-18,18,整形外,1
0810100,0,2024,2024-10-07,18,整形外,1
0810100,0,2024,2024-10-24,18,整形外,1
0810100,0,2024,2024-11-18,18,整形外,1
0810100,0,2024,2024-12-18,18,整形外,1
0810100,0,2024,2025-01-10,18,整形外,1
0810100,0,2024,2025-02-05,18,整形外,1
0810100,0,2024,2025-03-03,18,整形外,1
0810100,0,2024,2024-07-18,22,泌尿器,1
0810100,0,2024,2024-07-24,22,泌尿器,1
0810100,0,2024,2024-08-21,22,泌尿器,1
0810100,0,2024,2024-08-22,22,泌尿器,1
0810100,0,2024,2024-12-11,22,泌尿器,1
0810100,0,2024,2025-02-05,22,泌尿器,1
0810100,0,2024,2024-06-18,50,消化内,1
0810100,0,2024,2024-06-19,50,消化内,1
0810100,0,2024,2024-06-21,50,消化内,2
0810100,0,2024,2024-06-26,50,消化内,1
0810100,0,2024,2024-07-23,50,消化内,1
0810100,0,2024,2024-07-30,50,消化内,1
0810100,0,2024,2024-08-26,50,消化内,1
0810100,0,2024,2024-10-03,50,消化内,1
0810100,0,2024,2024-10-22,50,消化内,1
0810100,0,2024,2024-10-23,50,消化内,1
0810100,0,2024,2024-10-24,50,消化内,1
0810100,0,2024,2024-11-15,50,消化内,1
0810100,0,2024,2024-11-18,50,消化内,1
0810100,0,2024,2024-12-03,50,消化内,1
0810100,0,2024,2024-12-19,50,消化内,1
0810100,0,2024,2024-12-20,50,消化内,1
0810100,0,2024,2024-12-26,50,消化内,1
0810100,0,2024,2025-01-10,50,消化内,1
0810100,0,2024,2025-01-30,50,消化内,1
0810100,0,2024,2025-02-18,50,消化内,1
0810100,0,2024,2025-02-27,50,消化内,1
0810100,0,2024,2024-05-28,43,産婦人,1
0810100,0,2024,2024-12-19,21,皮膚科,1
0810100,0,2024,2024-06-25,6,糖尿内,1
0810100,0,2024,2024-10-22,6,糖尿内,1
0810100,0,2024,2025-02-18,6,糖尿内,1
0810100,0,2024,2024-12-25,36,総合診,1
0810100,0,2024,2024-07-30,25,耳鼻科,1
0810100,0,2024,2024-10-16,25,耳鼻科,1
0810100,0,2024,2024-11-13,25,耳鼻科,1
0810100,0,2024,2024-07-18,9,脳卒中,1
0810100,0,2024,2024-10-28,9,脳卒中,1
0810100,0,2024,2024-11-20,9,脳卒中,1
0810100,0,2024,2024-12-09,9,脳卒中,1
0810100,0,2024,2025-01-16,9,脳卒中,1
0810100,0,2024,2024-06-14,2,脳神内,1
0810100,0,2024,2024-07-30,2,脳神内,1
0810100,0,2024,2024-10-30,2,脳神内,1
0810100,0,2024,2024-10-31,2,脳神内,1
0810100,0,2024,2024-12-12,2,脳神内,1
0810100,0,2024,2024-12-27,2,脳神内,1
0810100,0,2024,2024-10-15,20,脳神外,1
0810100,0,2024,2024-12-20,20,脳神外,1
0810100,0,2024,2025-01-10,20,脳神外,1
0810100,0,2024,2025-01-31,20,脳神外,1
0810100,0,2024,2025-02-28,20,脳神外,1
0810100,0,2024,2024-05-10,8,腎臓内,1
0810100,0,2024,2024-05-17,8,腎臓内,1
0810100,0,2024,2024-06-07,8,腎臓内,1
0810100,0,2024,2024-06-10,8,腎臓内,1
0810100,0,2024,2024-06-11,8,腎臓内,1
0810100,0,2024,2024-06-28,8,腎臓内,1
0810100,0,2024,2024-07-12,8,腎臓内,1
0810100,0,2024,2024-07-20,8,腎臓内,1
0810100,0,2024,2024-08-09,8,腎臓内,2
0810100,0,2024,2024-08-16,8,腎臓内,1
0810100,0,2024,2024-10-18,8,腎臓内,1
0810100,0,2024,2024-10-24,8,腎臓内,1
0810100,0,2024,2024-10-25,8,腎臓内,1
0810100,0,2024,2024-11-01,8,腎臓内,1
0810100,0,2024,2024-11-08,8,腎臓内,1
0810100,0,2024,2024-11-22,8,腎臓内,1
0810100,0,2024,2024-12-13,8,腎臓内,1
0810100,0,2024,2024-12-27,8,腎臓内,1
0810100,0,2024,2025-01-08,8,腎臓内,1
0810100,0,2024,2025-01-10,8,腎臓内,1
0810100,0,2024,2025-01-17,8,腎臓内,1
0810100,0,2024,2025-01-30,8,腎臓内,1
0810100,0,2024,2025-02-07,8,腎臓内,1
0810100,0,2024,2025-02-11,8,腎臓内,1
0810100,0,2024,2025-02-14,8,腎臓内,1
0810100,0,2024,2025-02-21,8,腎臓内,1
0810100,0,2024,2025-03-21,8,腎臓内,1
0810100,0,2024,2024-05-22,1,血液内,1
0810100,0,2024,2024-11-20,1,血液内,1
0810100,0,2024,2024-06-24,37,麻酔科,1
0810126,0,2024,2025-02-03,6,糖尿内,1
0810159,0,2024,2024-07-04,5,呼吸内,1
0810159,0,2024,2025-01-09,5,呼吸内,1
0810159,0,2024,2025-01-31,5,呼吸内,1
0810159,0,2024,2024-05-20,19,形成外,1
0810159,0,2024,2024-10-21,7,循環内,1
0810159,0,2024,2025-02-04,7,循環内,1
0810159,0,2024,2024-06-19,18,整形外,1
0810159,0,2024,2024-07-09,18,整形外,1
0810159,0,2024,2024-10-15,18,整形外,1
0810159,0,2024,2024-11-01,18,整形外,1
0810159,0,2024,2024-12-17,18,整形外,1
0810159,0,2024,2025-03-11,18,整形外,1
0810159,0,2024,2024-06-26,32,歯口外,1
0810159,0,2024,2024-06-25,50,消化内,1
0810159,0,2024,2024-06-28,50,消化内,1
0810159,0,2024,2024-08-24,50,消化内,1
0810159,0,2024,2024-10-02,50,消化内,1
0810159,0,2024,2024-12-24,50,消化内,1
0810159,0,2024,2025-01-22,50,消化内,1
0810159,0,2024,2025-01-28,50,消化内,1
0810159,0,2024,2025-03-10,50,消化内,1
0810159,0,2024,2025-03-24,50,消化内,1
0810159,0,2024,2024-07-22,14,消化外,1
0810159,0,2024,2024-08-19,21,皮膚科,1
0810159,0,2024,2024-08-21,6,糖尿内,1
0810159,0,2024,2024-11-20,9,脳卒中,1
0810159,0,2024,2025-02-04,9,脳卒中,1
0810159,0,2024,2025-03-26,9,脳卒中,1
0810159,0,2024,2024-06-24,2,脳神内,1
0810159,0,2024,2024-11-28,2,脳神内,1
0810159,0,2024,2024-12-26,2,脳神内,1
0810175,0,2024,2024-10-03,48,リウ膠,1
0810175,0,2024,2024-10-18,16,乳甲外,1
0810175,0,2024,2024-12-25,5,呼吸内,1
0810175,0,2024,2024-08-03,7,循環内,1
0810175,0,2024,2024-12-23,7,循環内,1
0810175,0,2024,2025-01-08,7,循環内,1
0810175,0,2024,2025-01-23,7,循環内,1
0810175,0,2024,2025-02-12,7,循環内,1
0810175,0,2024,2025-02-26,7,循環内,1
0810175,0,2024,2024-06-12,15,心血外,1
0810175,0,2024,2024-08-26,18,整形外,1
0810175,0,2024,2025-03-26,18,整形外,1
0810175,0,2024,2025-01-06,50,消化内,1
0810175,0,2024,2024-10-22,36,総合診,1
0810175,0,2024,2024-12-23,36,総合診,1
0810175,0,2024,2024-11-21,2,脳神内,1
0810183,0,2024,2025-01-24,48,リウ膠,1
0810183,0,2024,2025-01-29,13,呼吸外,1
0810183,0,2024,2025-01-29,7,循環内,1
0810183,0,2024,2024-08-02,12,心療科,1
0810183,0,2024,2024-06-03,34,救急科,1
0810183,0,2024,2024-06-05,34,救急科,1
0810183,0,2024,2024-08-22,18,整形外,1
0810183,0,2024,2025-03-28,18,整形外,1
0810183,0,2024,2024-12-27,22,泌尿器,1
0810183,0,2024,2025-03-05,22,泌尿器,1
0810183,0,2024,2025-03-13,22,泌尿器,1
0810183,0,2024,2025-03-21,22,泌尿器,1
0810183,0,2024,2024-06-06,50,消化内,1
0810183,0,2024,2024-07-02,50,消化内,1
0810183,0,2024,2024-11-27,50,消化内,1
0810183,0,2024,2024-11-25,14,消化外,1
0810183,0,2024,2025-01-10,21,皮膚科,1
0810183,0,2024,2024-06-05,25,耳鼻科,1
0810183,0,2024,2024-12-06,25,耳鼻科,1
0810183,0,2024,2024-06-04,2,脳神内,1
0810183,0,2024,2024-12-28,2,脳神内,1
0810191,0,2024,2024-05-30,48,リウ膠,1
0810191,0,2024,2025-03-14,48,リウ膠,1
0810191,0,2024,2024-07-08,16,乳甲外,1
0810191,0,2024,2024-12-27,16,乳甲外,1
0810191,0,2024,2024-06-04,5,呼吸内,1
0810191,0,2024,2024-06-25,5,呼吸内,1
0810191,0,2024,2024-12-17,5,呼吸内,1
0810191,0,2024,2024-10-25,13,呼吸外,1
0810191,0,2024,2024-05-16,7,循環内,1
0810191,0,2024,2024-06-06,7,循環内,1
0810191,0,2024,2024-07-22,7,循環内,1
0810191,0,2024,2024-08-15,7,循環内,1
0810191,0,2024,2024-11-08,7,循環内,1
0810191,0,2024,2024-12-13,7,循環内,1
0810191,0,2024,2024-05-07,15,心血外,1
0810191,0,2024,2024-07-19,15,心血外,1
0810191,0,2024,2024-08-30,15,心血外,1
0810191,0,2024,2024-10-28,15,心血外,1
0810191,0,2024,2024-07-08,29,放治療,1
0810191,0,2024,2024-11-17,34,救急科,1
0810191,0,2024,2024-12-28,34,救急科,1
0810191,0,2024,2025-02-10,34,救急科,1
0810191,0,2024,2025-03-09,34,救急科,1
0810191,0,2024,2024-06-18,18,整形外,1
0810191,0,2024,2024-07-23,18,整形外,1
0810191,0,2024,2024-10-29,18,整形外,1
0810191,0,2024,2024-11-27,18,整形外,1
0810191,0,2024,2024-12-17,18,整形外,3
0810191,0,2024,2025-01-20,18,整形外,1
0810191,0,2024,2025-03-14,18,整形外,1
0810191,0,2024,2025-03-31,18,整形外,1
0810191,0,2024,2024-11-14,32,歯口外,1
0810191,0,2024,2024-07-08,22,泌尿器,1
0810191,0,2024,2025-03-21,22,泌尿器,1
0810191,0,2024,2024-05-01,50,消化内,1
0810191,0,2024,2024-05-13,50,消化内,1
0810191,0,2024,2024-05-29,50,消化内,1
0810191,0,2024,2024-06-17,50,消化内,1
0810191,0,2024,2024-07-18,50,消化内,1
0810191,0,2024,2024-08-01,50,消化内,1
0810191,0,2024,2024-08-23,50,消化内,1
0810191,0,2024,2024-12-13,50,消化内,1
0810191,0,2024,2024-12-23,50,消化内,1
0810191,0,2024,2025-01-30,50,消化内,1
0810191,0,2024,2024-05-01,14,消化外,1
0810191,0,2024,2024-06-05,14,消化外,1
0810191,0,2024,2024-07-12,14,消化外,1
0810191,0,2024,2024-08-05,14,消化外,1
0810191,0,2024,2024-12-17,14,消化外,1
0810191,0,2024,2024-11-25,21,皮膚科,1
0810191,0,2024,2024-07-08,6,糖尿内,1
0810191,0,2024,2024-08-02,9,脳卒中,1
0810191,0,2024,2024-11-12,9,脳卒中,1
0810191,0,2024,2024-11-27,9,脳卒中,1
0810191,0,2024,2024-05-16,2,脳神内,1
0810191,0,2024,2024-05-28,2,脳神内,1
0810191,0,2024,2024-08-13,2,脳神内,1
0810191,0,2024,2024-11-06,2,脳神内,1
0810191,0,2024,2025-02-03,2,脳神内,1
0810191,0,2024,2025-03-04,2,脳神内,1
0810191,0,2024,2024-07-16,20,脳神外,1
0810191,0,2024,2024-07-08,8,腎臓内,1
0810191,0,2024,2024-06-21,1,血液内,1
0810209,0,2024,2024-12-25,16,乳甲外,1
0810209,0,2024,2025-03-12,16,乳甲外,1
0810209,0,2024,2025-03-24,16,乳甲外,1
0810209,0,2024,2024-07-12,5,呼吸内,1
0810209,0,2024,2024-08-13,5,呼吸内,1
0810209,0,2024,2024-10-31,5,呼吸内,1
0810209,0,2024,2025-02-28,5,呼吸内,1
0810209,0,2024,2024-06-24,7,循環内,1
0810209,0,2024,2024-11-19,7,循環内,1
0810209,0,2024,2024-12-12,7,循環内,1
0810209,0,2024,2025-01-06,7,循環内,1
0810209,0,2024,2025-02-15,7,循環内,1
0810209,0,2024,2025-03-10,7,循環内,1
0810209,0,2024,2024-08-14,15,心血外,1
0810209,0,2024,2024-08-23,15,心血外,1
0810209,0,2024,2025-02-12,28,放診断,1
0810209,0,2024,2024-08-11,34,救急科,1
0810209,0,2024,2024-10-04,34,救急科,1
0810209,0,2024,2024-11-20,34,救急科,1
0810209,0,2024,2024-12-03,34,救急科,1
0810209,0,2024,2024-12-05,34,救急科,1
0810209,0,2024,2025-03-17,34,救急科,1
0810209,0,2024,2025-03-18,34,救急科,1
0810209,0,2024,2024-07-29,32,歯口外,1
0810209,0,2024,2024-10-09,32,歯口外,1
0810209,0,2024,2024-10-01,22,泌尿器,1
0810209,0,2024,2024-10-16,22,泌尿器,1
0810209,0,2024,2024-10-28,22,泌尿器,1
0810209,0,2024,2024-11-01,22,泌尿器,1
0810209,0,2024,2024-11-18,22,泌尿器,1
0810209,0,2024,2024-12-09,22,泌尿器,1
0810209,0,2024,2024-05-09,50,消化内,1
0810209,0,2024,2024-06-03,50,消化内,1
0810209,0,2024,2024-06-05,50,消化内,1
0810209,0,2024,2024-06-11,50,消化内,1
0810209,0,2024,2024-06-27,50,消化内,1
0810209,0,2024,2024-07-11,50,消化内,1
0810209,0,2024,2024-08-08,50,消化内,1
0810209,0,2024,2024-10-10,50,消化内,1
0810209,0,2024,2024-10-28,50,消化内,1
0810209,0,2024,2024-11-29,50,消化内,1
0810209,0,2024,2024-12-18,50,消化内,3
0810209,0,2024,2024-12-19,50,消化内,1
0810209,0,2024,2024-12-23,50,消化内,1
0810209,0,2024,2025-01-20,50,消化内,1
0810209,0,2024,2025-01-22,50,消化内,1
0810209,0,2024,2025-02-12,50,消化内,1
0810209,0,2024,2025-02-14,50,消化内,1
0810209,0,2024,2025-02-17,50,消化内,1
0810209,0,2024,2025-02-27,50,消化内,1
0810209,0,2024,2025-03-04,50,消化内,1
0810209,0,2024,2025-03-05,50,消化内,2
0810209,0,2024,2025-03-10,50,消化内,1
0810209,0,2024,2025-03-24,50,消化内,1
0810209,0,2024,2025-01-23,14,消化外,1
0810209,0,2024,2025-02-03,14,消化外,1
0810209,0,2024,2024-12-25,43,産婦人,1
0810209,0,2024,2024-07-24,25,耳鼻科,1
0810209,0,2024,2024-11-29,25,耳鼻科,1
0810209,0,2024,2025-01-29,25,耳鼻科,1
0810209,0,2024,2025-01-15,9,脳卒中,1
0810209,0,2024,2024-06-14,2,脳神内,1
0810209,0,2024,2024-10-07,2,脳神内,1
0810209,0,2024,2024-11-22,2,脳神内,1
0810209,0,2024,2025-03-25,2,脳神内,1
0810209,0,2024,2024-05-24,20,脳神外,1
0810225,0,2024,2024-10-08,17,小児外,1
0810225,0,2024,2024-11-07,17,小児外,1
0810225,0,2024,2024-05-01,10,小児科,1
0810225,0,2024,2024-05-02,10,小児科,1
0810225,0,2024,2024-05-08,10,小児科,1
0810225,0,2024,2024-05-23,10,小児科,1
0810225,0,2024,2024-06-02,10,小児科,1
0810225,0,2024,2024-07-19,10,小児科,1
0810225,0,2024,2024-07-31,10,小児科,1
0810225,0,2024,2024-08-29,10,小児科,1
0810225,0,2024,2024-10-31,10,小児科,1
0810225,0,2024,2024-11-14,10,小児科,1
0810225,0,2024,2024-11-26,10,小児科,1
0810225,0,2024,2025-01-26,10,小児科,1
0810225,0,2024,2025-02-17,10,小児科,1
0810225,0,2024,2025-03-06,10,小児科,1
0810225,0,2024,2025-03-13,10,小児科,1
0810225,0,2024,2025-03-26,10,小児科,1
0810225,0,2024,2025-03-29,10,小児科,2
0810225,0,2024,2024-06-03,18,整形外,1
0810225,0,2024,2024-06-10,18,整形外,1
0810225,0,2024,2024-06-17,18,整形外,1
0810225,0,2024,2025-01-27,18,整形外,1
0810225,0,2024,2025-02-10,18,整形外,1
0810225,0,2024,2024-08-19,22,泌尿器,1
0810225,0,2024,2024-06-18,50,消化内,1
0810225,0,2024,2024-11-19,50,消化内,1
0810225,0,2024,2024-07-26,25,耳鼻科,1
0810225,0,2024,2024-06-26,2,脳神内,1
0810233,0,2024,2024-11-19,10,小児科,1
0810233,0,2024,2024-10-07,19,形成外,1
0810233,0,2024,2024-05-30,43,産婦人,1
0810233,0,2024,2024-06-12,43,産婦人,1
0810233,0,2024,2024-07-03,43,産婦人,1
0810233,0,2024,2024-08-30,43,産婦人,1
0810233,0,2024,2024-11-06,43,産婦人,1
0810233,0,2024,2024-11-21,43,産婦人,1
0810233,0,2024,2024-11-27,43,産婦人,1
0810233,0,2024,2025-01-10,43,産婦人,1
0810233,0,2024,2025-01-27,43,産婦人,1
0810233,0,2024,2025-03-03,43,産婦人,1
0810233,0,2024,2025-03-26,43,産婦人,1
0810233,0,2024,2024-11-27,6,糖尿内,1
0810241,0,2024,2024-06-13,5,呼吸内,1
0810241,0,2024,2024-10-25,5,呼吸内,1
0810241,0,2024,2024-12-24,5,呼吸内,1
0810241,0,2024,2024-05-31,10,小児科,1
0810241,0,2024,2024-06-27,10,小児科,1
0810241,0,2024,2024-08-06,10,小児科,1
0810241,0,2024,2024-10-21,10,小児科,1
0810241,0,2024,2024-12-25,10,小児科,1
0810241,0,2024,2024-12-09,7,循環内,1
0810241,0,2024,2024-12-17,7,循環内,1
0810241,0,2024,2024-08-06,18,整形外,1
0810241,0,2024,2024-11-27,50,消化内,1
0810241,0,2024,2025-01-30,50,消化内,1
0810241,0,2024,2025-02-10,50,消化内,1
0810241,0,2024,2025-02-14,50,消化内,1
0810241,0,2024,2025-03-17,50,消化内,1
0810241,0,2024,2024-07-23,6,糖尿内,1
0810241,0,2024,2024-07-31,9,脳卒中,1
0810241,0,2024,2024-08-27,2,脳神内,1
0810266,0,2024,2024-07-10,15,心血外,1
0810266,0,2024,2024-11-06,15,心血外,1
0810266,0,2024,2024-05-13,21,皮膚科,1
0810266,0,2024,2024-05-14,21,皮膚科,1
0810266,0,2024,2024-05-17,21,皮膚科,2
0810266,0,2024,2024-05-20,21,皮膚科,2
0810266,0,2024,2024-05-21,21,皮膚科,1
0810266,0,2024,2024-05-24,21,皮膚科,1
0810266,0,2024,2024-06-07,21,皮膚科,1
0810266,0,2024,2024-06-12,21,皮膚科,1
0810266,0,2024,2024-06-13,21,皮膚科,1
0810266,0,2024,2024-06-14,21,皮膚科,2
0810266,0,2024,2024-06-20,21,皮膚科,1
0810266,0,2024,2024-06-28,21,皮膚科,1
0810266,0,2024,2024-07-12,21,皮膚科,1
0810266,0,2024,2024-07-19,21,皮膚科,2
0810266,0,2024,2024-07-23,21,皮膚科,1
0810266,0,2024,2024-07-30,21,皮膚科,1
0810266,0,2024,2024-08-02,21,皮膚科,1
0810266,0,2024,2024-08-06,21,皮膚科,2
0810266,0,2024,2024-08-07,21,皮膚科,2
0810266,0,2024,2024-08-16,21,皮膚科,1
0810266,0,2024,2024-08-21,21,皮膚科,1
0810266,0,2024,2024-08-23,21,皮膚科,1
0810266,0,2024,2024-08-26,21,皮膚科,1
0810266,0,2024,2024-08-29,21,皮膚科,1
0810266,0,2024,2024-08-30,21,皮膚科,2
0810266,0,2024,2024-10-04,21,皮膚科,1
0810266,0,2024,2024-10-16,21,皮膚科,1
0810266,0,2024,2024-10-21,21,皮膚科,1
0810266,0,2024,2024-11-01,21,皮膚科,1
0810266,0,2024,2024-11-06,21,皮膚科,1
0810266,0,2024,2024-11-11,21,皮膚科,1
0810266,0,2024,2024-11-15,21,皮膚科,1
0810266,0,2024,2024-11-18,21,皮膚科,1
0810266,0,2024,2024-11-25,21,皮膚科,1
0810266,0,2024,2024-11-29,21,皮膚科,1
0810266,0,2024,2024-12-02,21,皮膚科,3
0810266,0,2024,2024-12-06,21,皮膚科,1
0810266,0,2024,2024-12-12,21,皮膚科,1
0810266,0,2024,2024-12-13,21,皮膚科,1
0810266,0,2024,2024-12-26,21,皮膚科,1
0810266,0,2024,2025-01-08,21,皮膚科,1
0810266,0,2024,2025-01-10,21,皮膚科,1
0810266,0,2024,2025-01-16,21,皮膚科,1
0810266,0,2024,2025-01-24,21,皮膚科,3
0810266,0,2024,2025-01-31,21,皮膚科,2
0810266,0,2024,2025-02-03,21,皮膚科,1
0810266,0,2024,2025-02-05,21,皮膚科,1
0810266,0,2024,2025-02-07,21,皮膚科,1
0810266,0,2024,2025-02-19,21,皮膚科,1
0810266,0,2024,2025-02-21,21,皮膚科,1
0810266,0,2024,2025-02-25,21,皮膚科,1
0810266,0,2024,2024-11-12,37,麻酔科,1
0810266,0,2024,2025-03-10,37,麻酔科,1
0810282,0,2024,2024-07-18,5,呼吸内,1
0810282,0,2024,2025-01-29,5,呼吸内,1
0810282,0,2024,2024-05-29,7,循環内,1
0810282,0,2024,2024-06-11,7,循環内,1
0810282,0,2024,2024-07-26,7,循環内,1
0810282,0,2024,2024-08-21,7,循環内,1
0810282,0,2024,2024-07-17,15,心血外,1
0810282,0,2024,2025-03-05,15,心血外,1
0810282,0,2024,2025-03-14,15,心血外,1
0810282,0,2024,2024-05-20,28,放診断,1
0810282,0,2024,2024-12-16,28,放診断,1
0810282,0,2024,2024-05-27,34,救急科,1
0810282,0,2024,2025-01-08,50,消化内,1
0810282,0,2024,2025-01-14,14,消化外,1
0810282,0,2024,2025-03-17,25,耳鼻科,1
0810282,0,2024,2024-11-12,2,脳神内,1
0810316,0,2024,2024-05-20,26,眼科,1
0810316,0,2024,2024-05-21,26,眼科,1
0810316,0,2024,2024-05-23,26,眼科,1
0810316,0,2024,2024-06-12,26,眼科,1
0810316,0,2024,2024-06-13,26,眼科,1
0810316,0,2024,2024-06-24,26,眼科,2
0810316,0,2024,2024-07-08,26,眼科,1
0810316,0,2024,2024-07-16,26,眼科,1
0810316,0,2024,2024-07-24,26,眼科,1
0810316,0,2024,2024-08-06,26,眼科,1
0810316,0,2024,2024-08-13,26,眼科,1
0810316,0,2024,2024-10-09,26,眼科,1
0810316,0,2024,2024-10-10,26,眼科,1
0810316,0,2024,2024-10-31,26,眼科,1
0810316,0,2024,2024-11-13,26,眼科,1
0810316,0,2024,2024-12-27,26,眼科,1
0810316,0,2024,2025-01-14,26,眼科,1
0810316,0,2024,2025-01-16,26,眼科,1
0810316,0,2024,2025-02-12,26,眼科,1
0810316,0,2024,2025-02-19,26,眼科,1
0810316,0,2024,2025-03-03,26,眼科,1
0810316,0,2024,2025-03-05,26,眼科,1
0810316,0,2024,2025-03-14,26,眼科,1
0810316,0,2024,2025-03-24,26,眼科,1
0810324,0,2024,2024-06-27,19,形成外,1
0810324,0,2024,2024-10-10,14,消化外,1
0810324,0,2024,2024-07-12,21,皮膚科,1
0810324,0,2024,2025-01-06,21,皮膚科,1
0810324,0,2024,2024-05-10,26,眼科,1
0810324,0,2024,2024-05-13,26,眼科,1
0810324,0,2024,2024-05-20,26,眼科,1
0810324,0,2024,2024-05-22,26,眼科,1
0810324,0,2024,2024-05-24,26,眼科,2
0810324,0,2024,2024-06-04,26,眼科,2
0810324,0,2024,2024-06-05,26,眼科,1
0810324,0,2024,2024-06-13,26,眼科,1
0810324,0,2024,2024-06-17,26,眼科,1
0810324,0,2024,2024-06-25,26,眼科,1
0810324,0,2024,2024-06-28,26,眼科,1
0810324,0,2024,2024-07-01,26,眼科,2
0810324,0,2024,2024-07-05,26,眼科,1
0810324,0,2024,2024-07-09,26,眼科,1
0810324,0,2024,2024-07-10,26,眼科,1
0810324,0,2024,2024-07-17,26,眼科,1
0810324,0,2024,2024-07-18,26,眼科,1
0810324,0,2024,2024-08-02,26,眼科,1
0810324,0,2024,2024-08-05,26,眼科,2
0810324,0,2024,2024-08-13,26,眼科,1
0810324,0,2024,2024-08-27,26,眼科,1
0810324,0,2024,2024-08-28,26,眼科,2
0810324,0,2024,2024-08-30,26,眼科,1
0810324,0,2024,2024-10-02,26,眼科,2
0810324,0,2024,2024-10-04,26,眼科,1
0810324,0,2024,2024-10-08,26,眼科,1
0810324,0,2024,2024-10-15,26,眼科,1
0810324,0,2024,2024-10-21,26,眼科,1
0810324,0,2024,2024-10-25,26,眼科,1
0810324,0,2024,2024-11-01,26,眼科,1
0810324,0,2024,2024-11-19,26,眼科,1
0810324,0,2024,2024-11-22,26,眼科,3
0810324,0,2024,2024-11-25,26,眼科,1
0810324,0,2024,2024-11-29,26,眼科,1
0810324,0,2024,2024-11-30,26,眼科,1
0810324,0,2024,2024-12-06,26,眼科,1
0810324,0,2024,2024-12-09,26,眼科,1
0810324,0,2024,2024-12-11,26,眼科,1
0810324,0,2024,2024-12-20,26,眼科,1
0810324,0,2024,2024-12-23,26,眼科,1
0810324,0,2024,2024-12-27,26,眼科,1
0810324,0,2024,2025-01-10,26,眼科,1
0810324,0,2024,2025-01-31,26,眼科,1
0810324,0,2024,2025-02-12,26,眼科,1
0810324,0,2024,2025-02-14,26,眼科,1
0810324,0,2024,2025-02-19,26,眼科,1
0810324,0,2024,2025-02-26,26,眼科,1
0810324,0,2024,2025-02-27,26,眼科,1
0810324,0,2024,2025-02-28,26,眼科,1
0810324,0,2024,2025-03-03,26,眼科,2
0810324,0,2024,2025-03-05,26,眼科,2
0810324,0,2024,2025-03-07,26,眼科,3
0810324,0,2024,2025-03-10,26,眼科,1
0810324,0,2024,2025-03-14,26,眼科,1
0810324,0,2024,2025-03-21,26,眼科,2
0810324,0,2024,2024-10-10,1,血液内,1
0810324,0,2024,2025-01-28,37,麻酔科,1
0810357,0,2024,2024-07-10,25,耳鼻科,1
0810357,0,2024,2024-07-19,25,耳鼻科,1
0810357,0,2024,2024-08-07,25,耳鼻科,1
0810357,0,2024,2024-08-28,25,耳鼻科,1
0810357,0,2024,2024-11-27,25,耳鼻科,2
0810357,0,2024,2024-12-04,25,耳鼻科,1
0810357,0,2024,2024-12-24,25,耳鼻科,1
0810365,0,2024,2024-06-04,48,リウ膠,1
0810365,0,2024,2024-11-12,48,リウ膠,1
0810365,0,2024,2024-10-29,5,呼吸内,1
0810365,0,2024,2024-11-01,10,小児科,1
0810365,0,2024,2024-11-13,19,形成外,1
0810365,0,2024,2024-05-13,28,放診断,1
0810365,0,2024,2024-05-22,28,放診断,1
0810365,0,2024,2024-10-04,28,放診断,1
0810365,0,2024,2024-11-14,28,放診断,1
0810365,0,2024,2024-12-13,28,放診断,1
0810365,0,2024,2025-01-17,28,放診断,1
0810365,0,2024,2025-02-07,28,放診断,1
0810365,0,2024,2025-02-18,28,放診断,1
0810365,0,2024,2024-12-07,34,救急科,1
0810365,0,2024,2024-05-14,18,整形外,1
0810365,0,2024,2024-06-11,18,整形外,1
0810365,0,2024,2024-06-17,18,整形外,1
0810365,0,2024,2024-07-03,18,整形外,1
0810365,0,2024,2024-07-05,18,整形外,1
0810365,0,2024,2024-07-29,18,整形外,1
0810365,0,2024,2024-08-09,18,整形外,1
0810365,0,2024,2024-10-02,18,整形外,1
0810365,0,2024,2024-10-07,18,整形外,2
0810365,0,2024,2024-10-15,18,整形外,1
0810365,0,2024,2024-11-07,18,整形外,2
0810365,0,2024,2024-11-13,18,整形外,1
0810365,0,2024,2024-12-10,18,整形外,2
0810365,0,2024,2024-12-11,18,整形外,1
0810365,0,2024,2025-01-09,18,整形外,1
0810365,0,2024,2025-02-17,18,整形外,1
0810365,0,2024,2025-03-07,18,整形外,1
0810365,0,2024,2025-03-12,18,整形外,1
0810365,0,2024,2025-03-26,18,整形外,1
0810365,0,2024,2025-03-31,18,整形外,2
0810365,0,2024,2024-06-14,36,総合診,1
0810365,0,2024,2024-08-26,25,耳鼻科,1
0810365,0,2024,2024-05-07,2,脳神内,1
0810365,0,2024,2025-02-25,2,脳神内,1
0810365,0,2024,2025-03-03,2,脳神内,1
0810365,0,2024,2025-03-04,2,脳神内,1
0810365,0,2024,2025-03-18,2,脳神内,1
0810373,0,2024,2024-06-17,36,総合診,1
0810399,0,2024,2025-01-14,18,整形外,1
0810415,0,2024,2024-11-29,7,循環内,1
0810415,0,2024,2024-07-10,28,放診断,1
0810415,0,2024,2025-03-25,28,放診断,1
0810415,0,2024,2025-03-10,34,救急科,1
0810415,0,2024,2025-03-19,18,整形外,1
0810415,0,2024,2024-08-10,22,泌尿器,1
0810415,0,2024,2024-11-22,22,泌尿器,1
0810415,0,2024,2024-05-08,50,消化内,1
0810415,0,2024,2024-05-16,50,消化内,1
0810415,0,2024,2024-06-26,50,消化内,1
0810415,0,2024,2024-08-22,50,消化内,1
0810415,0,2024,2025-01-31,50,消化内,1
0810415,0,2024,2025-03-14,50,消化内,1
0810415,0,2024,2024-12-02,14,消化外,1
0810415,0,2024,2025-03-21,43,産婦人,1
0810415,0,2024,2024-07-10,36,総合診,1
0810415,0,2024,2024-07-11,9,脳卒中,1
0810415,0,2024,2024-07-01,8,腎臓内,1
0810415,0,2024,2025-03-07,8,腎臓内,1
0810423,0,2024,2024-05-09,16,乳甲外,1
0810423,0,2024,2024-05-27,16,乳甲外,1
0810423,0,2024,2024-07-16,16,乳甲外,1
0810423,0,2024,2025-02-21,16,乳甲外,1
0810423,0,2024,2024-07-19,5,呼吸内,1
0810423,0,2024,2025-02-18,5,呼吸内,1
0810423,0,2024,2024-05-24,10,小児科,1
0810423,0,2024,2024-05-13,19,形成外,1
0810423,0,2024,2025-03-28,19,形成外,1
0810423,0,2024,2024-06-13,7,循環内,1
0810423,0,2024,2024-08-23,15,心血外,1
0810423,0,2024,2024-12-18,15,心血外,1
0810423,0,2024,2025-02-28,15,心血外,1
0810423,0,2024,2024-05-14,28,放診断,1
0810423,0,2024,2024-06-17,28,放診断,1
0810423,0,2024,2024-06-28,28,放診断,1
0810423,0,2024,2024-10-31,28,放診断,1
0810423,0,2024,2024-11-06,28,放診断,1
0810423,0,2024,2024-11-14,28,放診断,1
0810423,0,2024,2024-12-27,28,放診断,1
0810423,0,2024,2025-02-25,28,放診断,1
0810423,0,2024,2024-06-18,34,救急科,1
0810423,0,2024,2024-08-05,34,救急科,1
0810423,0,2024,2024-11-26,18,整形外,1
0810423,0,2024,2024-10-07,50,消化内,1
0810423,0,2024,2024-11-01,50,消化内,1
0810423,0,2024,2025-03-24,50,消化内,1
0810423,0,2024,2025-03-04,14,消化外,1
0810423,0,2024,2025-03-18,14,消化外,1
0810423,0,2024,2024-12-24,21,皮膚科,1
0810423,0,2024,2024-07-01,6,糖尿内,1
0810423,0,2024,2024-08-16,25,耳鼻科,1
0810423,0,2024,2024-12-25,2,脳神内,1
0810423,0,2024,2025-01-06,2,脳神内,1
0810423,0,2024,2024-05-09,20,脳神外,1
0810423,0,2024,2025-02-14,20,脳神外,1
0810423,0,2024,2024-07-12,8,腎臓内,1
0810423,0,2024,2024-11-27,8,腎臓内,1
0810431,0,2024,2024-07-16,17,小児外,1
0810431,0,2024,2024-11-28,17,小児外,1
0810431,0,2024,2024-06-08,10,小児科,1
0810431,0,2024,2024-06-18,10,小児科,1
0810431,0,2024,2024-06-24,10,小児科,1
0810431,0,2024,2024-07-11,10,小児科,1
0810431,0,2024,2024-08-05,10,小児科,1
0810431,0,2024,2024-08-22,10,小児科,1
0810431,0,2024,2024-10-10,10,小児科,1
0810431,0,2024,2024-06-14,21,皮膚科,1
0810431,0,2024,2024-07-03,21,皮膚科,1
0810431,0,2024,2024-07-04,21,皮膚科,2
0810431,0,2024,2024-08-21,21,皮膚科,2
0810431,0,2024,2025-03-08,2,脳神内,1
0810431,0,2024,2024-12-13,8,腎臓内,1
0810456,0,2024,2024-05-28,5,呼吸内,1
0810456,0,2024,2025-01-15,5,呼吸内,1
0810456,0,2024,2024-05-01,25,耳鼻科,1
0810456,0,2024,2024-05-10,25,耳鼻科,1
0810456,0,2024,2024-05-24,25,耳鼻科,1
0810456,0,2024,2024-06-28,25,耳鼻科,1
0810456,0,2024,2024-07-08,25,耳鼻科,1
0810456,0,2024,2024-07-12,25,耳鼻科,1
0810456,0,2024,2024-07-22,25,耳鼻科,2
0810456,0,2024,2024-08-02,25,耳鼻科,1
0810456,0,2024,2024-08-14,25,耳鼻科,1
0810456,0,2024,2024-08-21,25,耳鼻科,1
0810456,0,2024,2024-10-11,25,耳鼻科,1
0810456,0,2024,2024-10-18,25,耳鼻科,1
0810456,0,2024,2024-10-22,25,耳鼻科,1
0810456,0,2024,2024-10-23,25,耳鼻科,1
0810456,0,2024,2024-10-28,25,耳鼻科,1
0810456,0,2024,2024-11-25,25,耳鼻科,1
0810456,0,2024,2024-12-04,25,耳鼻科,1
0810456,0,2024,2024-12-16,25,耳鼻科,1
0810456,0,2024,2024-12-27,25,耳鼻科,1
0810456,0,2024,2025-01-17,25,耳鼻科,1
0810456,0,2024,2025-01-29,25,耳鼻科,1
0810456,0,2024,2025-02-12,25,耳鼻科,1
0810456,0,2024,2025-03-26,25,耳鼻科,1
0810464,0,2024,2024-07-25,16,乳甲外,1
0810464,0,2024,2025-03-14,16,乳甲外,1
0810464,0,2024,2024-06-11,5,呼吸内,1
0810464,0,2024,2024-06-20,5,呼吸内,1
0810464,0,2024,2024-07-17,5,呼吸内,1
0810464,0,2024,2025-02-20,5,呼吸内,1
0810464,0,2024,2024-05-08,7,循環内,1
0810464,0,2024,2024-05-29,7,循環内,1
0810464,0,2024,2024-10-15,7,循環内,1
0810464,0,2024,2024-10-28,7,循環内,1
0810464,0,2024,2024-11-21,7,循環内,1
0810464,0,2024,2025-02-06,7,循環内,1
0810464,0,2024,2024-06-26,15,心血外,2
0810464,0,2024,2024-10-30,15,心血外,1
0810464,0,2024,2025-01-29,15,心血外,1
0810464,0,2024,2025-03-05,15,心血外,1
0810464,0,2024,2025-03-10,15,心血外,1
0810464,0,2024,2025-03-28,15,心血外,1
0810464,0,2024,2024-07-27,50,消化内,1
0810464,0,2024,2024-10-03,50,消化内,1
0810464,0,2024,2025-02-20,50,消化内,1
0810464,0,2024,2024-08-27,14,消化外,1
0810464,0,2024,2025-02-25,14,消化外,1
0810464,0,2024,2025-02-04,2,脳神内,1
0810464,0,2024,2025-03-21,2,脳神内,1
0810464,0,2024,2024-08-21,20,脳神外,1
0810464,0,2024,2025-02-13,20,脳神外,1
0810472,0,2024,2024-06-04,17,小児外,1
0810472,0,2024,2024-07-09,17,小児外,1
0810472,0,2024,2024-11-14,17,小児外,1
0810472,0,2024,2025-01-21,17,小児外,1
0810472,0,2024,2025-02-27,17,小児外,1
0810472,0,2024,2025-03-17,17,小児外,1
0810472,0,2024,2024-05-08,10,小児科,1
0810472,0,2024,2024-05-10,10,小児科,1
0810472,0,2024,2024-05-11,10,小児科,1
0810472,0,2024,2024-05-15,10,小児科,1
0810472,0,2024,2024-05-18,10,小児科,2
0810472,0,2024,2024-06-01,10,小児科,1
0810472,0,2024,2024-06-14,10,小児科,1
0810472,0,2024,2024-06-24,10,小児科,1
0810472,0,2024,2024-06-26,10,小児科,1
0810472,0,2024,2024-07-01,10,小児科,1
0810472,0,2024,2024-07-03,10,小児科,1
0810472,0,2024,2024-07-05,10,小児科,1
0810472,0,2024,2024-07-07,10,小児科,1
0810472,0,2024,2024-07-12,10,小児科,1
0810472,0,2024,2024-07-17,10,小児科,1
0810472,0,2024,2024-07-19,10,小児科,1
0810472,0,2024,2024-07-20,10,小児科,1
0810472,0,2024,2024-07-22,10,小児科,1
0810472,0,2024,2024-07-24,10,小児科,1
0810472,0,2024,2024-08-06,10,小児科,1
0810472,0,2024,2024-08-14,10,小児科,1
0810472,0,2024,2024-08-26,10,小児科,1
0810472,0,2024,2024-08-27,10,小児科,1
0810472,0,2024,2024-10-11,10,小児科,2
0810472,0,2024,2024-10-12,10,小児科,1
0810472,0,2024,2024-10-15,10,小児科,1
0810472,0,2024,2024-10-22,10,小児科,1
0810472,0,2024,2024-11-09,10,小児科,1
0810472,0,2024,2024-11-10,10,小児科,1
0810472,0,2024,2024-11-13,10,小児科,1
0810472,0,2024,2024-11-22,10,小児科,1
0810472,0,2024,2024-11-26,10,小児科,2
0810472,0,2024,2024-11-27,10,小児科,1
0810472,0,2024,2024-12-19,10,小児科,1
0810472,0,2024,2025-01-14,10,小児科,1
0810472,0,2024,2025-02-12,10,小児科,1
0810472,0,2024,2025-02-17,10,小児科,1
0810472,0,2024,2025-02-21,10,小児科,1
0810472,0,2024,2025-02-22,10,小児科,1
0810472,0,2024,2025-03-05,10,小児科,1
0810472,0,2024,2025-03-24,10,小児科,1
0810472,0,2024,2025-03-25,34,救急科,1
0810472,0,2024,2024-10-04,18,整形外,1
0810472,0,2024,2025-01-26,18,整形外,1
0810472,0,2024,2024-06-17,32,歯口外,1
0810472,0,2024,2024-12-04,21,皮膚科,1
0810480,0,2024,2024-07-02,10,小児科,1
0810480,0,2024,2024-08-10,10,小児科,1
0810480,0,2024,2024-10-05,7,循環内,1
0810480,0,2024,2024-11-05,7,循環内,1
0810480,0,2024,2024-10-31,18,整形外,1
0810480,0,2024,2024-10-09,9,脳卒中,1
0810480,0,2024,2024-10-21,2,脳神内,1
0810498,0,2024,2024-06-05,19,形成外,1
0810498,0,2024,2024-07-31,19,形成外,1
0810498,0,2024,2024-10-02,19,形成外,1
0810498,0,2024,2024-12-04,19,形成外,1
0810498,0,2024,2025-01-27,19,形成外,1
0810498,0,2024,2024-05-24,7,循環内,1
0810498,0,2024,2024-10-21,7,循環内,1
0810498,0,2024,2024-11-07,7,循環内,1
0810498,0,2024,2025-03-19,28,放診断,1
0810498,0,2024,2024-05-30,34,救急科,1
0810498,0,2024,2024-10-10,34,救急科,1
0810498,0,2024,2024-12-23,34,救急科,1
0810498,0,2024,2025-02-11,34,救急科,1
0810498,0,2024,2025-03-04,34,救急科,1
0810498,0,2024,2025-01-08,18,整形外,1
0810498,0,2024,2025-02-18,18,整形外,1
0810498,0,2024,2025-01-31,22,泌尿器,1
0810498,0,2024,2024-05-17,50,消化内,1
0810498,0,2024,2025-01-08,50,消化内,1
0810498,0,2024,2024-07-12,6,糖尿内,1
0810498,0,2024,2024-11-13,36,総合診,1
0810498,0,2024,2024-11-27,36,総合診,1
0810498,0,2024,2025-02-13,36,総合診,1
0810498,0,2024,2024-06-28,25,耳鼻科,1
0810498,0,2024,2024-11-08,25,耳鼻科,1
0810498,0,2024,2024-11-11,25,耳鼻科,1
0810498,0,2024,2024-11-15,25,耳鼻科,1
0810498,0,2024,2024-10-10,9,脳卒中,1
0810498,0,2024,2024-10-23,9,脳卒中,1
0810498,0,2024,2024-06-05,2,脳神内,1
0810498,0,2024,2024-06-26,2,脳神内,1
0810498,0,2024,2024-07-31,2,脳神内,1
0810498,0,2024,2024-08-01,2,脳神内,1
0810498,0,2024,2024-10-02,2,脳神内,1
0810498,0,2024,2024-12-04,2,脳神内,1
0810498,0,2024,2025-02-05,2,脳神内,1
0810498,0,2024,2025-02-06,2,脳神内,1
0810498,0,2024,2025-02-14,2,脳神内,1
0810498,0,2024,2025-02-21,2,脳神内,1
0810498,0,2024,2025-03-07,2,脳神内,1
0810498,0,2024,2025-03-10,2,脳神内,1
0810498,0,2024,2024-05-20,20,脳神外,1
0810498,0,2024,2025-02-21,20,脳神外,1
0810498,0,2024,2025-03-04,8,腎臓内,1
0810498,0,2024,2024-11-06,27,臨腫瘍,1
0810498,0,2024,2025-03-11,37,麻酔科,1
0810506,0,2024,2024-05-09,25,耳鼻科,1
0810506,0,2024,2024-05-24,25,耳鼻科,1
0810506,0,2024,2024-06-24,25,耳鼻科,1
0810506,0,2024,2024-07-12,25,耳鼻科,1
0810506,0,2024,2024-07-24,25,耳鼻科,1
0810506,0,2024,2024-07-29,25,耳鼻科,1
0810506,0,2024,2024-08-07,25,耳鼻科,1
0810506,0,2024,2024-08-14,25,耳鼻科,1
0810506,0,2024,2024-08-21,25,耳鼻科,1
0810506,0,2024,2024-08-26,25,耳鼻科,1
0810506,0,2024,2024-08-28,25,耳鼻科,1
0810506,0,2024,2024-08-30,25,耳鼻科,1
0810506,0,2024,2024-10-07,25,耳鼻科,1
0810506,0,2024,2024-10-21,25,耳鼻科,1
0810506,0,2024,2024-10-23,25,耳鼻科,1
0810506,0,2024,2024-11-01,25,耳鼻科,2
0810506,0,2024,2024-11-07,25,耳鼻科,1
0810506,0,2024,2024-11-11,25,耳鼻科,1
0810506,0,2024,2024-11-13,25,耳鼻科,1
0810506,0,2024,2024-11-25,25,耳鼻科,1
0810506,0,2024,2024-12-02,25,耳鼻科,1
0810506,0,2024,2024-12-09,25,耳鼻科,1
0810506,0,2024,2024-12-23,25,耳鼻科,1
0810506,0,2024,2025-01-10,25,耳鼻科,1
0810506,0,2024,2025-01-28,25,耳鼻科,1
0810506,0,2024,2025-01-31,25,耳鼻科,2
0810506,0,2024,2025-02-19,25,耳鼻科,1
0810506,0,2024,2025-02-26,25,耳鼻科,1
0810506,0,2024,2025-03-05,25,耳鼻科,1
0810506,0,2024,2025-03-07,25,耳鼻科,1
0810506,0,2024,2025-03-19,25,耳鼻科,1
0810506,0,2024,2025-03-21,25,耳鼻科,2
0810506,0,2024,2025-03-24,25,耳鼻科,1
0810506,0,2024,2025-03-26,25,耳鼻科,2
0810506,0,2024,2025-03-31,25,耳鼻科,1
0810514,0,2024,2024-07-11,5,呼吸内,1
0810514,0,2024,2025-01-27,17,小児外,1
0810514,0,2024,2024-06-10,28,放診断,1
0810514,0,2024,2024-10-16,28,放診断,1
0810514,0,2024,2024-12-12,28,放診断,1
0810514,0,2024,2024-12-28,28,放診断,1
0810514,0,2024,2025-01-14,28,放診断,1
0810514,0,2024,2025-01-20,28,放診断,1
0810514,0,2024,2025-02-17,28,放診断,1
0810514,0,2024,2024-06-13,22,泌尿器,1
0810514,0,2024,2024-10-22,22,泌尿器,1
0810514,0,2024,2025-01-10,22,泌尿器,1
0810514,0,2024,2025-01-20,22,泌尿器,1
0810514,0,2024,2025-01-30,22,泌尿器,1
0810514,0,2024,2025-02-07,22,泌尿器,1
0810514,0,2024,2025-02-12,22,泌尿器,1
0810514,0,2024,2025-03-12,22,泌尿器,1
0810514,0,2024,2024-06-03,25,耳鼻科,1
0810514,0,2024,2024-10-16,25,耳鼻科,1
0810514,0,2024,2024-12-04,25,耳鼻科,1
0810514,0,2024,2025-03-03,8,腎臓内,1
0810514,0,2024,2025-03-28,8,腎臓内,1
0810522,0,2024,2025-02-04,16,乳甲外,1
0810522,0,2024,2024-05-14,7,循環内,1
0810522,0,2024,2025-02-04,7,循環内,1
0810522,0,2024,2024-05-01,15,心血外,1
0810522,0,2024,2024-07-24,15,心血外,1
0810522,0,2024,2025-01-17,15,心血外,1
0810522,0,2024,2024-12-03,22,泌尿器,1
0810522,0,2024,2025-01-07,22,泌尿器,1
0810522,0,2024,2025-02-04,22,泌尿器,1
0810522,0,2024,2025-03-18,22,泌尿器,1
0810522,0,2024,2024-06-21,8,腎臓内,1
0810522,0,2024,2024-06-28,8,腎臓内,2
0810522,0,2024,2024-07-12,8,腎臓内,1
0810522,0,2024,2024-07-26,8,腎臓内,1
0810522,0,2024,2024-08-02,8,腎臓内,1
0810522,0,2024,2024-10-04,8,腎臓内,1
0810522,0,2024,2024-10-11,8,腎臓内,1
0810522,0,2024,2024-10-18,8,腎臓内,1
0810522,0,2024,2024-10-25,8,腎臓内,1
0810522,0,2024,2024-11-15,8,腎臓内,1
0810522,0,2024,2024-12-20,8,腎臓内,1
0810522,0,2024,2025-02-07,8,腎臓内,2
0810522,0,2024,2025-02-21,8,腎臓内,2
0900279,0,2024,2024-11-27,32,歯口外,1
0900287,0,2024,2024-05-20,32,歯口外,1
0910013,0,2024,2024-05-17,32,歯口外,1
0910013,0,2024,2024-07-12,32,歯口外,1
0910013,0,2024,2024-10-09,32,歯口外,1
0910021,0,2024,2024-08-31,32,歯口外,1
0910021,0,2024,2025-03-01,32,歯口外,1
0910074,0,2024,2024-11-07,48,リウ膠,1
0910074,0,2024,2025-02-21,48,リウ膠,1
0910074,0,2024,2024-06-12,5,呼吸内,1
0910074,0,2024,2024-11-05,5,呼吸内,1
0910074,0,2024,2024-11-12,5,呼吸内,1
0910074,0,2024,2024-11-26,5,呼吸内,1
0910074,0,2024,2024-12-19,5,呼吸内,1
0910074,0,2024,2025-01-07,5,呼吸内,1
0910074,0,2024,2024-05-15,13,呼吸外,1
0910074,0,2024,2024-07-03,13,呼吸外,1
0910074,0,2024,2025-02-26,13,呼吸外,1
0910074,0,2024,2025-03-10,13,呼吸外,1
0910074,0,2024,2024-06-04,7,循環内,1
0910074,0,2024,2024-06-21,7,循環内,1
0910074,0,2024,2024-06-27,7,循環内,1
0910074,0,2024,2024-07-01,7,循環内,1
0910074,0,2024,2024-07-02,7,循環内,1
0910074,0,2024,2024-07-25,7,循環内,1
0910074,0,2024,2024-10-01,7,循環内,1
0910074,0,2024,2024-10-15,7,循環内,1
0910074,0,2024,2024-10-16,7,循環内,1
0910074,0,2024,2024-10-18,7,循環内,1
0910074,0,2024,2024-10-28,7,循環内,1
0910074,0,2024,2025-01-20,7,循環内,1
0910074,0,2024,2025-02-06,7,循環内,1
0910074,0,2024,2025-03-01,7,循環内,1
0910074,0,2024,2025-03-05,7,循環内,1
0910074,0,2024,2025-03-24,7,循環内,1
0910074,0,2024,2025-03-27,7,循環内,1
0910074,0,2024,2024-05-14,12,心療科,1
0910074,0,2024,2024-05-24,15,心血外,1
0910074,0,2024,2024-06-24,15,心血外,1
0910074,0,2024,2024-07-05,15,心血外,1
0910074,0,2024,2024-10-18,15,心血外,1
0910074,0,2024,2024-12-09,15,心血外,1
0910074,0,2024,2024-12-13,15,心血外,1
0910074,0,2024,2024-12-27,15,心血外,1
0910074,0,2024,2025-01-08,15,心血外,1
0910074,0,2024,2025-01-20,15,心血外,1
0910074,0,2024,2025-03-26,15,心血外,1
0910074,0,2024,2024-05-15,28,放診断,1
0910074,0,2024,2024-07-01,28,放診断,1
0910074,0,2024,2024-05-27,18,整形外,1
0910074,0,2024,2024-07-24,18,整形外,1
0910074,0,2024,2024-10-12,18,整形外,1
0910074,0,2024,2024-11-28,18,整形外,1
0910074,0,2024,2024-07-10,22,泌尿器,1
0910074,0,2024,2024-10-02,22,泌尿器,1
0910074,0,2024,2024-12-05,22,泌尿器,1
0910074,0,2024,2024-05-17,50,消化内,1
0910074,0,2024,2024-05-21,50,消化内,1
0910074,0,2024,2024-06-04,50,消化内,1
0910074,0,2024,2024-06-05,50,消化内,2
0910074,0,2024,2024-06-06,50,消化内,1
0910074,0,2024,2024-06-08,50,消化内,1
0910074,0,2024,2024-06-14,50,消化内,1
0910074,0,2024,2024-06-22,50,消化内,1
0910074,0,2024,2024-06-26,50,消化内,1
0910074,0,2024,2024-07-06,50,消化内,1
0910074,0,2024,2024-07-27,50,消化内,1
0910074,0,2024,2024-08-13,50,消化内,1
0910074,0,2024,2024-10-01,50,消化内,2
0910074,0,2024,2024-10-04,50,消化内,1
0910074,0,2024,2024-10-08,50,消化内,1
0910074,0,2024,2024-10-09,50,消化内,1
0910074,0,2024,2024-10-23,50,消化内,1
0910074,0,2024,2024-10-28,50,消化内,1
0910074,0,2024,2024-11-02,50,消化内,2
0910074,0,2024,2024-11-03,50,消化内,2
0910074,0,2024,2024-11-22,50,消化内,1
0910074,0,2024,2024-11-26,50,消化内,1
0910074,0,2024,2024-12-02,50,消化内,1
0910074,0,2024,2024-12-03,50,消化内,1
0910074,0,2024,2024-12-20,50,消化内,2
0910074,0,2024,2025-01-06,50,消化内,1
0910074,0,2024,2025-01-10,50,消化内,1
0910074,0,2024,2025-01-20,50,消化内,1
0910074,0,2024,2025-01-21,50,消化内,1
0910074,0,2024,2025-01-25,50,消化内,1
0910074,0,2024,2025-01-28,50,消化内,1
0910074,0,2024,2025-02-03,50,消化内,1
0910074,0,2024,2025-02-06,50,消化内,1
0910074,0,2024,2025-02-14,50,消化内,1
0910074,0,2024,2025-02-27,50,消化内,1
0910074,0,2024,2025-03-08,50,消化内,2
0910074,0,2024,2024-07-19,14,消化外,1
0910074,0,2024,2024-07-26,14,消化外,1
0910074,0,2024,2024-08-01,14,消化外,1
0910074,0,2024,2024-08-15,14,消化外,1
0910074,0,2024,2024-10-17,14,消化外,1
0910074,0,2024,2024-10-18,14,消化外,1
0910074,0,2024,2024-11-07,14,消化外,1
0910074,0,2024,2025-02-27,14,消化外,1
0910074,0,2024,2025-03-15,14,消化外,1
0910074,0,2024,2025-03-27,14,消化外,1
0910074,0,2024,2024-07-09,21,皮膚科,1
0910074,0,2024,2024-10-08,21,皮膚科,1
0910074,0,2024,2024-12-04,21,皮膚科,1
0910074,0,2024,2025-03-19,21,皮膚科,1
0910074,0,2024,2024-06-28,26,眼科,1
0910074,0,2024,2024-07-09,26,眼科,1
0910074,0,2024,2024-08-07,26,眼科,1
0910074,0,2024,2024-08-13,26,眼科,1
0910074,0,2024,2024-10-04,26,眼科,1
0910074,0,2024,2024-11-25,26,眼科,1
0910074,0,2024,2024-07-01,6,糖尿内,1
0910074,0,2024,2024-08-07,6,糖尿内,1
0910074,0,2024,2024-12-11,6,糖尿内,2
0910074,0,2024,2024-05-21,36,総合診,1
0910074,0,2024,2024-05-13,25,耳鼻科,1
0910074,0,2024,2024-06-06,25,耳鼻科,1
0910074,0,2024,2024-06-10,25,耳鼻科,1
0910074,0,2024,2024-06-15,25,耳鼻科,1
0910074,0,2024,2024-06-24,25,耳鼻科,1
0910074,0,2024,2024-07-02,25,耳鼻科,1
0910074,0,2024,2024-08-15,25,耳鼻科,1
0910074,0,2024,2024-08-23,25,耳鼻科,1
0910074,0,2024,2024-08-26,25,耳鼻科,1
0910074,0,2024,2024-08-30,25,耳鼻科,1
0910074,0,2024,2024-10-24,25,耳鼻科,1
0910074,0,2024,2024-10-28,25,耳鼻科,1
0910074,0,2024,2024-10-30,25,耳鼻科,1
0910074,0,2024,2024-11-11,25,耳鼻科,2
0910074,0,2024,2024-11-15,25,耳鼻科,1
0910074,0,2024,2024-11-16,25,耳鼻科,1
0910074,0,2024,2024-12-02,25,耳鼻科,1
0910074,0,2024,2024-12-09,25,耳鼻科,1
0910074,0,2024,2024-12-25,25,耳鼻科,1
0910074,0,2024,2025-01-31,25,耳鼻科,1
0910074,0,2024,2025-02-04,25,耳鼻科,1
0910074,0,2024,2025-02-07,25,耳鼻科,1
0910074,0,2024,2025-02-14,25,耳鼻科,1
0910074,0,2024,2025-02-17,25,耳鼻科,1
0910074,0,2024,2025-03-12,25,耳鼻科,1
0910074,0,2024,2025-03-19,25,耳鼻科,1
0910074,0,2024,2025-03-31,25,耳鼻科,1
0910074,0,2024,2024-05-16,9,脳卒中,2
0910074,0,2024,2024-08-20,9,脳卒中,1
0910074,0,2024,2024-11-25,9,脳卒中,1
0910074,0,2024,2024-05-28,2,脳神内,1
0910074,0,2024,2024-10-18,2,脳神内,1
0910074,0,2024,2024-05-13,20,脳神外,1
0910074,0,2024,2024-08-26,20,脳神外,1
0910074,0,2024,2024-10-29,20,脳神外,1
0910074,0,2024,2024-11-26,20,脳神外,1
0910074,0,2024,2025-03-21,20,脳神外,1
0910074,0,2024,2025-03-26,20,脳神外,1
0910074,0,2024,2024-05-10,8,腎臓内,2
0910074,0,2024,2024-05-17,8,腎臓内,1
0910074,0,2024,2024-05-24,8,腎臓内,3
0910074,0,2024,2024-06-04,8,腎臓内,1
0910074,0,2024,2024-06-12,8,腎臓内,1
0910074,0,2024,2024-06-14,8,腎臓内,1
0910074,0,2024,2024-06-21,8,腎臓内,1
0910074,0,2024,2024-06-28,8,腎臓内,2
0910074,0,2024,2024-07-05,8,腎臓内,2
0910074,0,2024,2024-08-02,8,腎臓内,2
0910074,0,2024,2024-08-21,8,腎臓内,1
0910074,0,2024,2024-10-04,8,腎臓内,2
0910074,0,2024,2024-10-25,8,腎臓内,2
0910074,0,2024,2024-11-01,8,腎臓内,1
0910074,0,2024,2024-11-08,8,腎臓内,1
0910074,0,2024,2024-11-15,8,腎臓内,1
0910074,0,2024,2024-12-06,8,腎臓内,2
0910074,0,2024,2024-12-13,8,腎臓内,1
0910074,0,2024,2024-12-23,8,腎臓内,1
0910074,0,2024,2024-12-27,8,腎臓内,1
0910074,0,2024,2025-01-24,8,腎臓内,1
0910074,0,2024,2025-01-31,8,腎臓内,2
0910074,0,2024,2025-02-07,8,腎臓内,3
0910074,0,2024,2025-02-14,8,腎臓内,1
0910074,0,2024,2025-02-28,8,腎臓内,2
0910074,0,2024,2025-03-21,8,腎臓内,1
0910074,0,2024,2024-06-10,27,臨腫瘍,1
0910074,0,2024,2025-03-26,27,臨腫瘍,1
0910074,0,2024,2024-06-04,1,血液内,1
0910074,0,2024,2024-07-03,1,血液内,1
0910074,0,2024,2024-07-09,1,血液内,1
0910074,0,2024,2024-10-17,1,血液内,1
0910074,0,2024,2024-12-03,1,血液内,1
0910074,0,2024,2024-12-09,1,血液内,1
0910074,0,2024,2025-01-21,1,血液内,1
0910074,0,2024,2025-03-13,1,血液内,1
0910074,0,2024,2025-03-18,1,血液内,1
0910074,0,2024,2024-07-29,37,麻酔科,1
0910082,0,2024,2024-12-19,5,呼吸内,1
0910082,0,2024,2024-05-01,12,心療科,2
0910082,0,2024,2024-05-25,12,心療科,1
0910082,0,2024,2024-07-08,12,心療科,1
0910082,0,2024,2025-01-10,12,心療科,1
0910082,0,2024,2025-01-29,12,心療科,1
0910082,0,2024,2025-02-14,12,心療科,2
0910082,0,2024,2025-02-15,12,心療科,1
0910082,0,2024,2025-03-14,12,心療科,1
0910082,0,2024,2024-05-10,2,脳神内,1
0910173,0,2024,2024-05-07,18,整形外,1
0910173,0,2024,2024-06-04,18,整形外,1
0910173,0,2024,2024-07-02,18,整形外,1
0910173,0,2024,2024-10-15,18,整形外,1
0910173,0,2024,2024-11-12,18,整形外,1
0910173,0,2024,2025-03-18,18,整形外,1
0910173,0,2024,2024-10-22,50,消化内,1
0910173,0,2024,2024-08-05,2,脳神内,1
0910199,0,2024,2024-06-12,48,リウ膠,1
0910199,0,2024,2024-10-01,5,呼吸内,1
0910199,0,2024,2025-02-27,13,呼吸外,1
0910199,0,2024,2024-06-08,19,形成外,1
0910199,0,2024,2024-06-12,19,形成外,1
0910199,0,2024,2024-06-19,19,形成外,1
0910199,0,2024,2024-06-27,19,形成外,1
0910199,0,2024,2024-07-06,19,形成外,1
0910199,0,2024,2024-07-17,19,形成外,1
0910199,0,2024,2024-10-23,19,形成外,1
0910199,0,2024,2024-12-14,19,形成外,1
0910199,0,2024,2025-01-08,19,形成外,1
0910199,0,2024,2025-02-12,19,形成外,1
0910199,0,2024,2025-03-08,19,形成外,1
0910199,0,2024,2025-03-12,19,形成外,1
0910199,0,2024,2024-06-05,7,循環内,1
0910199,0,2024,2024-06-12,7,循環内,1
0910199,0,2024,2024-10-11,7,循環内,1
0910199,0,2024,2025-01-23,7,循環内,1
0910199,0,2024,2024-06-12,15,心血外,1
0910199,0,2024,2024-12-04,15,心血外,1
0910199,0,2024,2025-01-31,15,心血外,1
0910199,0,2024,2024-06-19,28,放診断,1
0910199,0,2024,2024-07-06,28,放診断,1
0910199,0,2024,2025-01-29,28,放診断,1
0910199,0,2024,2025-03-12,28,放診断,1
0910199,0,2024,2024-07-10,18,整形外,1
0910199,0,2024,2024-08-02,18,整形外,1
0910199,0,2024,2024-08-08,18,整形外,1
0910199,0,2024,2024-11-21,18,整形外,1
0910199,0,2024,2024-12-02,18,整形外,1
0910199,0,2024,2024-12-23,18,整形外,1
0910199,0,2024,2025-01-07,18,整形外,1
0910199,0,2024,2025-01-29,18,整形外,1
0910199,0,2024,2025-02-28,18,整形外,1
0910199,0,2024,2024-11-27,32,歯口外,1
0910199,0,2024,2024-11-29,32,歯口外,1
0910199,0,2024,2024-05-17,22,泌尿器,1
0910199,0,2024,2024-06-07,22,泌尿器,1
0910199,0,2024,2024-06-27,22,泌尿器,1
0910199,0,2024,2024-06-28,22,泌尿器,1
0910199,0,2024,2024-07-31,22,泌尿器,1
0910199,0,2024,2024-10-04,22,泌尿器,1
0910199,0,2024,2024-10-07,22,泌尿器,1
0910199,0,2024,2024-10-16,22,泌尿器,1
0910199,0,2024,2024-11-08,22,泌尿器,1
0910199,0,2024,2024-12-06,22,泌尿器,1
0910199,0,2024,2025-01-24,22,泌尿器,1
0910199,0,2024,2025-02-03,22,泌尿器,1
0910199,0,2024,2024-05-02,50,消化内,1
0910199,0,2024,2024-06-26,50,消化内,1
0910199,0,2024,2024-07-25,50,消化内,1
0910199,0,2024,2024-08-05,50,消化内,2
0910199,0,2024,2024-08-07,50,消化内,1
0910199,0,2024,2024-10-04,50,消化内,1
0910199,0,2024,2024-11-08,50,消化内,1
0910199,0,2024,2024-12-27,50,消化内,1
0910199,0,2024,2025-01-28,50,消化内,1
0910199,0,2024,2025-02-17,50,消化内,1
0910199,0,2024,2024-05-27,14,消化外,1
0910199,0,2024,2024-10-10,14,消化外,1
0910199,0,2024,2024-11-05,14,消化外,1
0910199,0,2024,2024-11-11,14,消化外,1
0910199,0,2024,2024-11-18,14,消化外,2
0910199,0,2024,2025-01-18,14,消化外,1
0910199,0,2024,2025-01-21,14,消化外,1
0910199,0,2024,2024-10-09,43,産婦人,1
0910199,0,2024,2024-11-27,43,産婦人,1
0910199,0,2024,2024-08-20,21,皮膚科,1
0910199,0,2024,2024-08-29,21,皮膚科,1
0910199,0,2024,2024-10-24,21,皮膚科,1
0910199,0,2024,2025-01-16,21,皮膚科,1
0910199,0,2024,2024-08-28,6,糖尿内,1
0910199,0,2024,2025-02-10,6,糖尿内,1
0910199,0,2024,2024-05-17,36,総合診,1
0910199,0,2024,2025-01-26,25,耳鼻科,1
0910199,0,2024,2025-03-30,9,脳卒中,1
0910199,0,2024,2024-07-03,2,脳神内,1
0910199,0,2024,2024-11-19,20,脳神外,1
0910199,0,2024,2024-11-22,20,脳神外,1
0910199,0,2024,2024-11-23,20,脳神外,1
0910199,0,2024,2024-07-19,8,腎臓内,1
0910199,0,2024,2025-01-21,1,血液内,1
0910207,0,2024,2024-05-01,48,リウ膠,1
0910207,0,2024,2024-11-18,5,呼吸内,1
0910207,0,2024,2024-07-18,10,小児科,1
0910207,0,2024,2025-02-04,10,小児科,2
0910207,0,2024,2024-10-11,7,循環内,1
0910207,0,2024,2024-06-10,15,心血外,1
0910207,0,2024,2025-03-27,22,泌尿器,1
0910207,0,2024,2024-05-27,36,総合診,1
0910207,0,2024,2024-05-22,2,脳神内,1
0910214,0,2024,2024-11-19,16,乳甲外,1
0910214,0,2024,2024-12-18,18,整形外,1
0910214,0,2024,2024-07-04,50,消化内,1
0910214,0,2024,2024-10-08,50,消化内,1
0910214,0,2024,2024-12-19,14,消化外,1
0910214,0,2024,2025-01-24,14,消化外,1
0910214,0,2024,2025-01-10,6,糖尿内,1
0910215,0,2024,2024-08-23,16,乳甲外,1
0910215,0,2024,2024-11-05,5,呼吸内,1
0910215,0,2024,2025-01-17,5,呼吸内,1
0910215,0,2024,2025-02-20,5,呼吸内,1
0910215,0,2024,2024-07-22,10,小児科,1
0910215,0,2024,2024-05-23,7,循環内,1
0910215,0,2024,2024-08-08,7,循環内,1
0910215,0,2024,2024-08-19,7,循環内,1
0910215,0,2024,2024-06-14,12,心療科,1
0910215,0,2024,2024-05-18,34,救急科,1
0910215,0,2024,2024-12-18,34,救急科,1
0910215,0,2024,2024-08-05,18,整形外,1
0910215,0,2024,2024-07-01,22,泌尿器,1
0910215,0,2024,2024-05-13,50,消化内,1
0910215,0,2024,2024-05-15,50,消化内,1
0910215,0,2024,2024-06-19,50,消化内,1
0910215,0,2024,2024-10-01,50,消化内,1
0910215,0,2024,2024-11-13,50,消化内,1
0910215,0,2024,2024-11-22,50,消化内,1
0910215,0,2024,2025-03-13,50,消化内,1
0910215,0,2024,2024-05-20,14,消化外,1
0910215,0,2024,2024-07-19,21,皮膚科,1
0910215,0,2024,2024-05-22,6,糖尿内,1
0910215,0,2024,2024-07-04,36,総合診,1
0910215,0,2024,2024-08-06,36,総合診,1
0910215,0,2024,2024-05-11,25,耳鼻科,1
0910215,0,2024,2024-08-19,25,耳鼻科,1
0910215,0,2024,2024-10-07,25,耳鼻科,1
0910215,0,2024,2024-08-13,2,脳神内,1
0910215,0,2024,2024-12-17,2,脳神内,1
0910215,0,2024,2025-01-24,2,脳神内,1
0910215,0,2024,2024-08-14,8,腎臓内,1
0910215,0,2024,2024-05-22,1,血液内,1
0910249,0,2024,2025-01-10,15,心血外,1
0910249,0,2024,2024-05-01,34,救急科,1
0910249,0,2024,2024-06-18,18,整形外,1
0910249,0,2024,2024-08-06,18,整形外,1
0910249,0,2024,2024-08-10,21,皮膚科,1
0910249,0,2024,2024-05-27,25,耳鼻科,1
0910264,0,2024,2024-07-22,16,乳甲外,1
0910264,0,2024,2024-07-12,18,整形外,1
0910264,0,2024,2024-07-31,18,整形外,1
0910264,0,2024,2024-08-28,18,整形外,1
0910264,0,2024,2024-11-12,18,整形外,1
0910264,0,2024,2024-11-20,18,整形外,1
0910264,0,2024,2024-11-27,18,整形外,1
0910264,0,2024,2024-12-03,18,整形外,1
0910264,0,2024,2024-12-21,18,整形外,1
0910264,0,2024,2025-01-20,18,整形外,1
0910264,0,2024,2025-03-03,18,整形外,1
0910264,0,2024,2025-03-07,18,整形外,1
0910264,0,2024,2025-03-17,18,整形外,1
0910280,0,2024,2024-10-30,16,乳甲外,1
0910280,0,2024,2025-01-24,16,乳甲外,1
0910280,0,2024,2025-02-17,16,乳甲外,1
0910280,0,2024,2024-06-07,43,産婦人,1
0910280,0,2024,2024-06-11,43,産婦人,1
0910280,0,2024,2024-08-29,36,総合診,1
0910297,0,2024,2024-08-05,15,心血外,1
0910306,0,2024,2024-05-02,26,眼科,1
0910306,0,2024,2024-05-21,26,眼科,1
0910306,0,2024,2024-06-07,26,眼科,1
0910306,0,2024,2024-06-11,26,眼科,1
0910306,0,2024,2024-06-21,26,眼科,2
0910306,0,2024,2024-06-25,26,眼科,1
0910306,0,2024,2024-07-08,26,眼科,1
0910306,0,2024,2024-07-24,26,眼科,1
0910306,0,2024,2024-08-13,26,眼科,1
0910306,0,2024,2024-08-14,26,眼科,1
0910306,0,2024,2024-08-16,26,眼科,1
0910306,0,2024,2024-08-30,26,眼科,1
0910306,0,2024,2024-10-02,26,眼科,1
0910306,0,2024,2024-10-04,26,眼科,1
0910306,0,2024,2024-10-16,26,眼科,1
0910306,0,2024,2024-10-21,26,眼科,1
0910306,0,2024,2024-10-29,26,眼科,1
0910306,0,2024,2024-11-12,26,眼科,1
0910306,0,2024,2024-11-29,26,眼科,1
0910306,0,2024,2024-12-03,26,眼科,1
0910306,0,2024,2024-12-05,26,眼科,1
0910306,0,2024,2024-12-25,26,眼科,1
0910306,0,2024,2025-01-17,26,眼科,1
0910306,0,2024,2025-01-31,26,眼科,1
0910306,0,2024,2025-02-14,26,眼科,1
0910306,0,2024,2025-02-17,26,眼科,1
0910306,0,2024,2025-02-25,26,眼科,1
0910306,0,2024,2025-02-26,26,眼科,1
0910306,0,2024,2025-02-28,26,眼科,1
0910306,0,2024,2025-03-07,26,眼科,1
0910306,0,2024,2025-03-12,26,眼科,1
0910306,0,2024,2025-03-17,26,眼科,1
0910306,0,2024,2025-03-28,26,眼科,1
0910306,0,2024,2025-02-03,20,脳神外,1
0910560,0,2024,2024-06-25,2,脳神内,1
0911063,0,2024,2025-03-27,1,血液内,1
0911170,0,2024,2024-05-09,26,眼科,1
0911170,0,2024,2024-11-06,26,眼科,1
0911170,0,2024,2024-12-02,26,眼科,1
0911170,0,2024,2024-12-24,26,眼科,1
0911170,0,2024,2025-03-11,26,眼科,1
0911634,0,2024,2024-07-06,15,心血外,1
0911634,0,2024,2025-01-15,15,心血外,1
0911634,0,2024,2024-10-16,22,泌尿器,1
0911634,0,2024,2025-03-31,22,泌尿器,1
0911634,0,2024,2024-12-20,50,消化内,1
0911634,0,2024,2025-03-27,20,脳神外,1
0911634,0,2024,2024-08-08,1,血液内,1
0911691,0,2024,2024-07-05,25,耳鼻科,1
0911691,0,2024,2024-12-27,25,耳鼻科,1
0911709,0,2024,2024-11-20,19,形成外,1
0911717,0,2024,2025-02-17,26,眼科,1
0911733,0,2024,2024-07-26,15,心血外,1
0911741,0,2024,2024-06-22,19,形成外,1
0911741,0,2024,2024-07-27,19,形成外,1
0911741,0,2024,2024-08-31,19,形成外,1
0911741,0,2024,2024-10-26,19,形成外,1
0911741,0,2024,2024-12-28,19,形成外,1
0911741,0,2024,2025-02-22,19,形成外,1
0911766,0,2024,2025-03-25,21,皮膚科,1
0911782,0,2024,2025-02-19,18,整形外,1
0911840,0,2024,2024-12-06,21,皮膚科,1
0911857,0,2024,2024-05-27,26,眼科,1
0911873,0,2024,2024-08-26,25,耳鼻科,1
1000319,0,2024,2024-11-15,32,歯口外,1
1000368,0,2024,2024-06-05,32,歯口外,1
1000368,0,2024,2024-07-24,32,歯口外,1
1000368,0,2024,2025-01-11,32,歯口外,1
1000418,0,2024,2024-07-03,32,歯口外,1
1000628,0,2024,2024-07-01,15,心血外,1
1000628,0,2024,2024-12-13,15,心血外,1
1000628,0,2024,2025-02-17,15,心血外,1
1000628,0,2024,2025-02-21,15,心血外,1
1000628,0,2024,2024-07-29,21,皮膚科,1
1000628,0,2024,2024-12-13,21,皮膚科,1
1000628,0,2024,2025-02-28,21,皮膚科,1
1000628,0,2024,2025-03-07,21,皮膚科,1
1000651,0,2024,2025-03-06,50,消化内,1
1000651,0,2024,2025-01-14,21,皮膚科,1
1000651,0,2024,2024-05-14,25,耳鼻科,1
1000651,0,2024,2024-05-20,25,耳鼻科,1
1000651,0,2024,2024-05-29,25,耳鼻科,1
1000651,0,2024,2024-06-10,25,耳鼻科,1
1000651,0,2024,2024-06-12,25,耳鼻科,2
1000651,0,2024,2024-06-17,25,耳鼻科,1
1000651,0,2024,2024-07-05,25,耳鼻科,1
1000651,0,2024,2024-08-05,25,耳鼻科,2
1000651,0,2024,2024-08-07,25,耳鼻科,1
1000651,0,2024,2024-08-09,25,耳鼻科,2
1000651,0,2024,2024-08-19,25,耳鼻科,1
1000651,0,2024,2024-08-26,25,耳鼻科,1
1000651,0,2024,2024-08-28,25,耳鼻科,1
1000651,0,2024,2024-10-02,25,耳鼻科,1
1000651,0,2024,2024-10-07,25,耳鼻科,1
1000651,0,2024,2024-10-21,25,耳鼻科,2
1000651,0,2024,2024-10-28,25,耳鼻科,1
1000651,0,2024,2024-11-20,25,耳鼻科,1
1000651,0,2024,2024-11-25,25,耳鼻科,1
1000651,0,2024,2024-11-27,25,耳鼻科,1
1000651,0,2024,2024-12-04,25,耳鼻科,1
1000651,0,2024,2024-12-09,25,耳鼻科,1
1000651,0,2024,2024-12-11,25,耳鼻科,2
1000651,0,2024,2024-12-20,25,耳鼻科,1
1000651,0,2024,2025-01-21,25,耳鼻科,1
1000651,0,2024,2025-01-27,25,耳鼻科,1
1000651,0,2024,2025-02-10,25,耳鼻科,1
1000651,0,2024,2025-02-28,25,耳鼻科,1
1000651,0,2024,2025-03-03,25,耳鼻科,2
1000651,0,2024,2025-03-17,25,耳鼻科,1
1000651,0,2024,2025-03-28,25,耳鼻科,1
1000669,0,2024,2025-03-21,14,消化外,1
1000669,0,2024,2025-01-27,43,産婦人,1
1010060,0,2024,2024-06-26,32,歯口外,1
1010060,0,2024,2024-11-25,32,歯口外,1
1010060,0,2024,2025-02-07,32,歯口外,1
1010060,0,2024,2025-02-14,32,歯口外,1
1010060,0,2024,2025-02-19,32,歯口外,1
1010060,0,2024,2025-03-21,32,歯口外,1
1010064,0,2024,2024-07-19,48,リウ膠,1
1010064,0,2024,2025-02-03,16,乳甲外,1
1010064,0,2024,2024-11-18,5,呼吸内,1
1010064,0,2024,2025-01-15,5,呼吸内,1
1010064,0,2024,2025-01-23,5,呼吸内,1
1010064,0,2024,2024-05-31,10,小児科,1
1010064,0,2024,2024-06-14,10,小児科,1
1010064,0,2024,2024-10-03,10,小児科,1
1010064,0,2024,2024-12-26,10,小児科,1
1010064,0,2024,2025-01-11,10,小児科,1
1010064,0,2024,2025-03-24,10,小児科,1
1010064,0,2024,2024-07-19,19,形成外,1
1010064,0,2024,2025-02-27,19,形成外,1
1010064,0,2024,2025-03-07,7,循環内,1
1010064,0,2024,2025-03-13,7,循環内,1
1010064,0,2024,2024-05-15,15,心血外,1
1010064,0,2024,2024-06-07,15,心血外,1
1010064,0,2024,2024-11-13,15,心血外,1
1010064,0,2024,2024-12-02,15,心血外,1
1010064,0,2024,2024-12-04,15,心血外,1
1010064,0,2024,2024-12-09,15,心血外,1
1010064,0,2024,2025-01-29,15,心血外,1
1010064,0,2024,2024-06-13,28,放診断,1
1010064,0,2024,2024-10-06,34,救急科,1
1010064,0,2024,2024-08-16,18,整形外,1
1010064,0,2024,2024-06-17,32,歯口外,1
1010064,0,2024,2024-08-23,32,歯口外,1
1010064,0,2024,2025-02-12,32,歯口外,1
1010064,0,2024,2024-05-24,22,泌尿器,1
1010064,0,2024,2024-07-03,22,泌尿器,1
1010064,0,2024,2024-07-19,22,泌尿器,1
1010064,0,2024,2024-08-30,22,泌尿器,1
1010064,0,2024,2024-10-04,22,泌尿器,1
1010064,0,2024,2024-10-09,22,泌尿器,1
1010064,0,2024,2024-10-19,22,泌尿器,1
1010064,0,2024,2024-10-23,22,泌尿器,1
1010064,0,2024,2024-11-08,22,泌尿器,1
1010064,0,2024,2024-11-20,22,泌尿器,1
1010064,0,2024,2025-01-29,22,泌尿器,1
1010064,0,2024,2025-02-26,22,泌尿器,1
1010064,0,2024,2025-03-07,22,泌尿器,1
1010064,0,2024,2025-03-14,22,泌尿器,1
1010064,0,2024,2025-03-26,22,泌尿器,1
1010064,0,2024,2025-03-28,22,泌尿器,1
1010064,0,2024,2024-10-07,50,消化内,1
1010064,0,2024,2024-11-11,50,消化内,1
1010064,0,2024,2024-05-09,14,消化外,1
1010064,0,2024,2024-08-01,14,消化外,1
1010064,0,2024,2024-08-20,14,消化外,1
1010064,0,2024,2025-02-20,14,消化外,1
1010064,0,2024,2025-03-26,43,産婦人,1
1010064,0,2024,2024-05-09,21,皮膚科,1
1010064,0,2024,2024-06-17,26,眼科,1
1010064,0,2024,2024-11-05,26,眼科,1
1010064,0,2024,2025-02-27,6,糖尿内,1
1010064,0,2024,2024-05-31,25,耳鼻科,1
1010064,0,2024,2024-07-17,25,耳鼻科,1
1010064,0,2024,2024-08-07,25,耳鼻科,1
1010064,0,2024,2025-01-30,9,脳卒中,1
1010064,0,2024,2024-08-03,2,脳神内,1
1010064,0,2024,2025-02-05,20,脳神外,1
1010064,0,2024,2025-02-12,1,血液内,1
1010171,0,2024,2024-12-17,48,リウ膠,1
1010171,0,2024,2024-06-12,16,乳甲外,1
1010171,0,2024,2024-07-02,5,呼吸内,1
1010171,0,2024,2024-08-27,5,呼吸内,1
1010171,0,2024,2024-12-24,5,呼吸内,1
1010171,0,2024,2025-03-25,5,呼吸内,1
1010171,0,2024,2024-11-15,7,循環内,1
1010171,0,2024,2025-01-10,7,循環内,1
1010171,0,2024,2025-02-17,7,循環内,1
1010171,0,2024,2024-10-15,28,放診断,1
1010171,0,2024,2025-01-07,18,整形外,1
1010171,0,2024,2024-10-16,32,歯口外,1
1010171,0,2024,2024-12-09,32,歯口外,1
1010171,0,2024,2025-03-19,32,歯口外,1
1010171,0,2024,2024-12-11,22,泌尿器,1
1010171,0,2024,2024-05-30,50,消化内,1
1010171,0,2024,2024-06-13,50,消化内,1
1010171,0,2024,2024-12-20,50,消化内,1
1010171,0,2024,2024-12-24,14,消化外,1
1010171,0,2024,2024-10-01,21,皮膚科,1
1010171,0,2024,2025-03-13,21,皮膚科,1
1010171,0,2024,2024-08-05,25,耳鼻科,1
1010171,0,2024,2024-08-30,25,耳鼻科,1
1010171,0,2024,2024-10-28,25,耳鼻科,1
1010171,0,2024,2025-03-13,25,耳鼻科,1
1010171,0,2024,2024-10-17,2,脳神内,1
1010171,0,2024,2024-06-19,8,腎臓内,1
1010171,0,2024,2024-08-28,8,腎臓内,1
1010171,0,2024,2024-11-06,8,腎臓内,1
1010171,0,2024,2025-01-15,8,腎臓内,1
1010171,0,2024,2025-03-26,8,腎臓内,1
1010171,0,2024,2024-07-31,1,血液内,1
1010171,0,2024,2024-08-09,1,血液内,1
1010171,0,2024,2024-11-20,1,血液内,1
1010171,0,2024,2024-11-29,1,血液内,1
1010171,0,2024,2025-02-21,1,血液内,1
1010239,0,2024,2024-06-25,48,リウ膠,1
1010239,0,2024,2024-08-16,48,リウ膠,1
1010239,0,2024,2024-12-03,5,呼吸内,1
1010239,0,2024,2024-10-11,7,循環内,1
1010239,0,2024,2024-11-27,7,循環内,1
1010239,0,2024,2025-02-19,15,心血外,1
1010239,0,2024,2024-10-30,18,整形外,1
1010239,0,2024,2025-03-04,18,整形外,1
1010239,0,2024,2024-06-27,50,消化内,1
1010239,0,2024,2024-08-01,50,消化内,1
1010239,0,2024,2024-12-02,50,消化内,1
1010239,0,2024,2025-02-17,14,消化外,1
1010239,0,2024,2025-01-10,21,皮膚科,1
1010239,0,2024,2024-07-03,36,総合診,1
1010239,0,2024,2024-11-01,25,耳鼻科,1
1010239,0,2024,2025-02-26,25,耳鼻科,1
1010239,0,2024,2024-07-18,2,脳神内,1
1010239,0,2024,2024-05-22,8,腎臓内,1
1010239,0,2024,2024-08-21,8,腎臓内,1
1010239,0,2024,2024-11-05,8,腎臓内,1
1010239,0,2024,2024-12-04,8,腎臓内,1
1010239,0,2024,2025-03-19,8,腎臓内,1
1010239,0,2024,2024-11-19,1,血液内,1
1010247,0,2024,2024-08-08,48,リウ膠,1
1010247,0,2024,2024-12-17,48,リウ膠,1
1010247,0,2024,2024-06-13,19,形成外,1
1010247,0,2024,2024-06-27,19,形成外,1
1010247,0,2024,2024-08-20,19,形成外,1
1010247,0,2024,2024-12-26,19,形成外,1
1010247,0,2024,2024-05-07,26,眼科,1
1010247,0,2024,2024-05-13,26,眼科,1
1010247,0,2024,2024-06-20,26,眼科,1
1010247,0,2024,2024-07-26,26,眼科,1
1010247,0,2024,2025-01-10,26,眼科,1
1010247,0,2024,2025-01-28,26,眼科,1
1010247,0,2024,2025-02-03,26,眼科,1
1010254,0,2024,2025-02-04,48,リウ膠,1
1010254,0,2024,2025-01-27,31,リハ,1
1010254,0,2024,2024-08-26,5,呼吸内,1
1010254,0,2024,2024-10-25,13,呼吸外,2
1010254,0,2024,2024-12-27,13,呼吸外,1
1010254,0,2024,2025-01-20,13,呼吸外,1
1010254,0,2024,2025-02-04,19,形成外,1
1010254,0,2024,2024-12-03,7,循環内,1
1010254,0,2024,2024-06-06,15,心血外,1
1010254,0,2024,2024-08-05,15,心血外,1
1010254,0,2024,2025-03-28,15,心血外,1
1010254,0,2024,2024-06-04,34,救急科,1
1010254,0,2024,2024-06-19,18,整形外,1
1010254,0,2024,2024-08-26,18,整形外,1
1010254,0,2024,2024-08-28,18,整形外,1
1010254,0,2024,2024-10-21,18,整形外,1
1010254,0,2024,2024-10-30,18,整形外,1
1010254,0,2024,2024-10-31,18,整形外,1
1010254,0,2024,2024-11-17,18,整形外,1
1010254,0,2024,2024-11-25,18,整形外,1
1010254,0,2024,2024-11-26,18,整形外,2
1010254,0,2024,2024-12-03,18,整形外,1
1010254,0,2024,2024-12-09,18,整形外,1
1010254,0,2024,2024-12-11,18,整形外,1
1010254,0,2024,2024-12-16,18,整形外,1
1010254,0,2024,2024-12-18,18,整形外,1
1010254,0,2024,2024-12-23,18,整形外,1
1010254,0,2024,2025-01-06,18,整形外,1
1010254,0,2024,2025-01-08,18,整形外,1
1010254,0,2024,2025-01-22,18,整形外,1
1010254,0,2024,2025-01-29,18,整形外,1
1010254,0,2024,2025-01-30,18,整形外,2
1010254,0,2024,2025-02-06,18,整形外,1
1010254,0,2024,2025-02-07,18,整形外,1
1010254,0,2024,2025-03-21,18,整形外,1
1010254,0,2024,2025-03-26,18,整形外,1
1010254,0,2024,2024-05-14,22,泌尿器,1
1010254,0,2024,2024-08-06,50,消化内,1
1010254,0,2024,2025-02-04,50,消化内,1
1010254,0,2024,2024-07-24,43,産婦人,1
1010254,0,2024,2024-05-29,21,皮膚科,1
1010254,0,2024,2024-07-05,21,皮膚科,1
1010254,0,2024,2024-07-10,21,皮膚科,1
1010254,0,2024,2024-12-10,21,皮膚科,1
1010254,0,2024,2025-01-09,21,皮膚科,1
1010254,0,2024,2025-01-14,21,皮膚科,1
1010254,0,2024,2025-02-17,21,皮膚科,1
1010254,0,2024,2025-02-25,21,皮膚科,1
1010254,0,2024,2024-11-15,9,脳卒中,1
1010254,0,2024,2024-05-09,2,脳神内,1
1010254,0,2024,2024-06-07,2,脳神内,1
1010254,0,2024,2024-06-20,2,脳神内,1
1010254,0,2024,2024-08-22,2,脳神内,1
1010254,0,2024,2024-10-24,2,脳神内,1
1010254,0,2024,2024-12-26,2,脳神内,1
1010254,0,2024,2025-02-27,2,脳神内,1
1010254,0,2024,2025-03-01,20,脳神外,1
1010262,0,2024,2024-07-01,48,リウ膠,1
1010270,0,2024,2024-10-18,16,乳甲外,1
1010270,0,2024,2024-11-15,16,乳甲外,1
1010270,0,2024,2024-10-22,5,呼吸内,1
1010270,0,2024,2025-03-17,5,呼吸内,1
1010270,0,2024,2025-03-27,5,呼吸内,1
1010270,0,2024,2024-12-23,13,呼吸外,1
1010270,0,2024,2024-08-05,7,循環内,1
1010270,0,2024,2024-12-23,7,循環内,1
1010270,0,2024,2024-11-10,34,救急科,1
1010270,0,2024,2025-01-02,18,整形外,1
1010270,0,2024,2024-06-30,50,消化内,1
1010270,0,2024,2025-03-26,50,消化内,1
1010270,0,2024,2025-01-10,25,耳鼻科,1
1010270,0,2024,2024-12-16,9,脳卒中,1
1010270,0,2024,2025-01-10,8,腎臓内,1
1010270,0,2024,2025-01-17,8,腎臓内,1
1010270,0,2024,2025-01-24,8,腎臓内,2
1010270,0,2024,2025-03-21,8,腎臓内,1
1010270,0,2024,2025-03-17,1,血液内,1
1010288,0,2024,2024-06-10,48,リウ膠,1
1010288,0,2024,2024-11-15,48,リウ膠,1
1010288,0,2024,2024-11-21,48,リウ膠,1
1010288,0,2024,2025-03-05,48,リウ膠,1
1010288,0,2024,2024-05-27,16,乳甲外,1
1010288,0,2024,2024-08-06,16,乳甲外,1
1010288,0,2024,2024-11-21,16,乳甲外,1
1010288,0,2024,2024-12-02,16,乳甲外,1
1010288,0,2024,2024-12-05,16,乳甲外,1
1010288,0,2024,2024-12-19,16,乳甲外,1
1010288,0,2024,2025-03-17,16,乳甲外,1
1010288,0,2024,2024-05-21,5,呼吸内,1
1010288,0,2024,2024-07-30,5,呼吸内,1
1010288,0,2024,2024-08-08,5,呼吸内,1
1010288,0,2024,2024-11-27,5,呼吸内,1
1010288,0,2024,2024-12-10,5,呼吸内,1
1010288,0,2024,2024-12-31,10,小児科,1
1010288,0,2024,2024-07-24,19,形成外,1
1010288,0,2024,2024-12-02,19,形成外,1
1010288,0,2024,2024-05-15,7,循環内,1
1010288,0,2024,2024-05-26,7,循環内,1
1010288,0,2024,2024-06-11,7,循環内,1
1010288,0,2024,2024-07-05,7,循環内,1
1010288,0,2024,2024-07-16,7,循環内,1
1010288,0,2024,2024-07-29,7,循環内,1
1010288,0,2024,2024-10-01,7,循環内,1
1010288,0,2024,2024-10-02,7,循環内,1
1010288,0,2024,2024-11-04,7,循環内,1
1010288,0,2024,2024-11-21,7,循環内,1
1010288,0,2024,2024-12-12,7,循環内,1
1010288,0,2024,2024-12-27,7,循環内,1
1010288,0,2024,2025-01-30,7,循環内,1
1010288,0,2024,2025-03-13,7,循環内,1
1010288,0,2024,2025-03-26,7,循環内,1
1010288,0,2024,2024-05-27,29,放治療,1
1010288,0,2024,2024-06-28,34,救急科,1
1010288,0,2024,2024-10-05,34,救急科,1
1010288,0,2024,2024-11-28,34,救急科,1
1010288,0,2024,2025-02-08,34,救急科,1
1010288,0,2024,2024-05-21,18,整形外,2
1010288,0,2024,2024-06-04,18,整形外,1
1010288,0,2024,2024-06-10,18,整形外,1
1010288,0,2024,2024-06-25,18,整形外,1
1010288,0,2024,2024-07-16,18,整形外,1
1010288,0,2024,2024-07-19,18,整形外,1
1010288,0,2024,2024-07-26,18,整形外,1
1010288,0,2024,2024-08-19,18,整形外,1
1010288,0,2024,2024-10-01,18,整形外,1
1010288,0,2024,2024-10-15,18,整形外,1
1010288,0,2024,2024-11-05,18,整形外,1
1010288,0,2024,2024-12-13,18,整形外,1
1010288,0,2024,2025-01-21,18,整形外,1
1010288,0,2024,2025-01-27,18,整形外,1
1010288,0,2024,2025-03-11,18,整形外,1
1010288,0,2024,2024-12-09,32,歯口外,1
1010288,0,2024,2024-08-21,22,泌尿器,1
1010288,0,2024,2024-10-21,22,泌尿器,1
1010288,0,2024,2024-11-08,22,泌尿器,1
1010288,0,2024,2025-01-07,22,泌尿器,1
1010288,0,2024,2025-01-16,22,泌尿器,1
1010288,0,2024,2025-03-17,22,泌尿器,1
1010288,0,2024,2025-03-27,22,泌尿器,1
1010288,0,2024,2024-05-07,50,消化内,1
1010288,0,2024,2024-06-06,50,消化内,1
1010288,0,2024,2024-06-10,50,消化内,1
1010288,0,2024,2024-06-14,50,消化内,1
1010288,0,2024,2024-06-21,50,消化内,1
1010288,0,2024,2024-06-28,50,消化内,1
1010288,0,2024,2024-07-04,50,消化内,1
1010288,0,2024,2024-07-14,50,消化内,1
1010288,0,2024,2024-07-21,50,消化内,1
1010288,0,2024,2024-08-15,50,消化内,1
1010288,0,2024,2024-08-16,50,消化内,1
1010288,0,2024,2024-10-17,50,消化内,1
1010288,0,2024,2024-10-20,50,消化内,1
1010288,0,2024,2024-10-21,50,消化内,1
1010288,0,2024,2024-10-25,50,消化内,1
1010288,0,2024,2024-10-30,50,消化内,1
1010288,0,2024,2024-11-15,50,消化内,1
1010288,0,2024,2024-11-20,50,消化内,2
1010288,0,2024,2025-01-08,50,消化内,1
1010288,0,2024,2025-02-04,50,消化内,1
1010288,0,2024,2025-02-27,50,消化内,1
1010288,0,2024,2025-02-28,50,消化内,1
1010288,0,2024,2025-03-24,50,消化内,1
1010288,0,2024,2024-05-21,14,消化外,1
1010288,0,2024,2024-07-24,14,消化外,1
1010288,0,2024,2024-08-01,14,消化外,1
1010288,0,2024,2024-12-19,14,消化外,1
1010288,0,2024,2025-01-16,14,消化外,1
1010288,0,2024,2025-01-28,14,消化外,1
1010288,0,2024,2025-03-03,14,消化外,1
1010288,0,2024,2025-03-27,14,消化外,1
1010288,0,2024,2024-08-27,43,産婦人,1
1010288,0,2024,2025-03-19,43,産婦人,1
1010288,0,2024,2024-11-01,21,皮膚科,1
1010288,0,2024,2024-12-25,6,糖尿内,1
1010288,0,2024,2024-10-08,36,総合診,1
1010288,0,2024,2024-11-20,36,総合診,1
1010288,0,2024,2024-12-04,36,総合診,1
1010288,0,2024,2025-03-24,36,総合診,1
1010288,0,2024,2024-05-01,25,耳鼻科,1
1010288,0,2024,2024-10-02,25,耳鼻科,1
1010288,0,2024,2024-10-07,25,耳鼻科,1
1010288,0,2024,2024-10-18,25,耳鼻科,1
1010288,0,2024,2025-02-17,25,耳鼻科,1
1010288,0,2024,2025-03-31,25,耳鼻科,1
1010288,0,2024,2024-05-29,2,脳神内,1
1010288,0,2024,2024-06-10,2,脳神内,1
1010288,0,2024,2024-06-27,2,脳神内,1
1010288,0,2024,2024-07-26,2,脳神内,1
1010288,0,2024,2024-08-16,2,脳神内,1
1010288,0,2024,2024-10-16,2,脳神内,1
1010288,0,2024,2024-10-21,2,脳神内,1
1010288,0,2024,2024-11-05,2,脳神内,1
1010288,0,2024,2024-11-26,2,脳神内,1
1010288,0,2024,2025-02-06,2,脳神内,1
1010288,0,2024,2025-02-13,2,脳神内,1
1010288,0,2024,2025-02-27,2,脳神内,1
1010288,0,2024,2024-06-24,20,脳神外,1
1010288,0,2024,2024-07-17,20,脳神外,1
1010288,0,2024,2024-07-19,20,脳神外,1
1010288,0,2024,2024-10-09,20,脳神外,1
1010288,0,2024,2024-12-05,20,脳神外,1
1010288,0,2024,2024-12-24,20,脳神外,1
1010288,0,2024,2024-06-25,8,腎臓内,1
1010288,0,2024,2024-07-08,8,腎臓内,1
1010288,0,2024,2024-08-18,8,腎臓内,1
1010288,0,2024,2024-12-06,8,腎臓内,1
1010288,0,2024,2025-02-03,8,腎臓内,1
1010288,0,2024,2025-03-03,8,腎臓内,1
1010288,0,2024,2024-05-29,1,血液内,1
1010288,0,2024,2024-11-02,1,血液内,1
1010288,0,2024,2025-02-14,1,血液内,1
1010288,0,2024,2024-05-27,37,麻酔科,1
1010288,0,2024,2024-10-22,37,麻酔科,1
1010296,0,2024,2024-06-11,7,循環内,1
1010296,0,2024,2024-05-07,18,整形外,1
1010296,0,2024,2024-06-11,18,整形外,1
1010296,0,2024,2024-12-12,18,整形外,1
1010296,0,2024,2024-08-21,50,消化内,1
1010296,0,2024,2024-08-05,14,消化外,1
1010296,0,2024,2024-10-04,21,皮膚科,1
1010296,0,2024,2025-01-17,21,皮膚科,1
1010296,0,2024,2024-10-23,8,腎臓内,1
1010296,0,2024,2024-11-25,8,腎臓内,1
1010296,0,2024,2025-01-31,8,腎臓内,1
1010296,0,2024,2025-02-07,8,腎臓内,1
1110079,0,2024,2024-05-01,43,産婦人,1
1110079,0,2024,2024-05-08,43,産婦人,1
1110079,0,2024,2024-05-22,43,産婦人,1
1110079,0,2024,2024-07-10,43,産婦人,1
1110079,0,2024,2024-08-21,43,産婦人,1
1110079,0,2024,2024-08-28,43,産婦人,1
1110079,0,2024,2024-10-02,43,産婦人,1
1110079,0,2024,2024-11-13,43,産婦人,1
1110079,0,2024,2024-11-27,43,産婦人,2
1110079,0,2024,2024-12-11,43,産婦人,1
1110079,0,2024,2025-01-08,43,産婦人,1
1110079,0,2024,2025-01-15,43,産婦人,1
1110079,0,2024,2025-02-19,43,産婦人,1
1110079,0,2024,2025-03-19,43,産婦人,1
1110079,0,2024,2025-01-06,21,皮膚科,1
1110079,0,2024,2025-02-07,2,脳神内,1
1110088,0,2024,2024-07-31,25,耳鼻科,1
1110104,0,2024,2025-03-07,7,循環内,1
1110104,0,2024,2024-05-20,18,整形外,1
1110104,0,2024,2024-08-19,18,整形外,1
1110104,0,2024,2024-10-21,18,整形外,1
1110104,0,2024,2024-10-30,18,整形外,1
1110104,0,2024,2025-02-03,18,整形外,1
1110104,0,2024,2024-06-12,6,糖尿内,1
1110111,0,2024,2024-05-28,48,リウ膠,1
1110111,0,2024,2024-06-12,48,リウ膠,1
1110111,0,2024,2024-08-27,48,リウ膠,1
1110111,0,2024,2025-01-28,48,リウ膠,1
1110111,0,2024,2025-02-18,48,リウ膠,1
1110111,0,2024,2025-03-04,48,リウ膠,1
1110111,0,2024,2025-03-11,48,リウ膠,1
1110111,0,2024,2024-05-17,16,乳甲外,1
1110111,0,2024,2024-07-12,16,乳甲外,1
1110111,0,2024,2024-07-31,16,乳甲外,1
1110111,0,2024,2024-12-05,19,形成外,1
1110111,0,2024,2024-07-31,15,心血外,1
1110111,0,2024,2024-05-02,34,救急科,1
1110111,0,2024,2024-07-26,34,救急科,1
1110111,0,2024,2024-06-28,18,整形外,1
1110111,0,2024,2025-02-12,18,整形外,1
1110111,0,2024,2025-03-27,14,消化外,1
1110111,0,2024,2024-08-27,21,皮膚科,1
1110111,0,2024,2024-06-05,6,糖尿内,1
1110830,0,2024,2024-05-20,18,整形外,1
1110855,0,2024,2024-12-16,6,糖尿内,1
1110913,0,2024,2024-06-03,18,整形外,1
1110913,0,2024,2024-05-17,26,眼科,1
1111226,0,2024,2024-05-14,21,皮膚科,1
1111275,0,2024,2025-03-19,16,乳甲外,1
1111390,0,2024,2024-11-20,8,腎臓内,1
1111424,0,2024,2024-10-23,2,脳神内,1
1111465,0,2024,2024-08-06,48,リウ膠,1
1111465,0,2024,2025-02-25,48,リウ膠,1
1111465,0,2024,2025-02-28,32,歯口外,1
1111465,0,2024,2024-06-21,25,耳鼻科,1
1111465,0,2024,2025-02-12,1,血液内,1
1111473,0,2024,2024-10-31,18,整形外,1
1111549,0,2024,2025-03-04,21,皮膚科,1
1111572,0,2024,2025-01-09,18,整形外,1
1111705,0,2024,2024-11-11,19,形成外,1
1111739,0,2024,2024-11-26,5,呼吸内,1
1111739,0,2024,2024-07-29,14,消化外,1
1111879,0,2024,2024-07-19,18,整形外,1
1111895,0,2024,2024-05-09,18,整形外,1
1111895,0,2024,2024-07-12,43,産婦人,1
1111978,0,2024,2024-08-08,36,総合診,1
1112018,0,2024,2024-08-09,21,皮膚科,1
1112067,0,2024,2025-01-20,17,小児外,1
1112067,0,2024,2025-03-18,17,小児外,1
1112067,0,2024,2024-06-10,19,形成外,1
1112067,0,2024,2024-07-29,19,形成外,1
1112067,0,2024,2024-11-11,19,形成外,1
1112067,0,2024,2024-11-18,19,形成外,1
1112067,0,2024,2024-05-10,15,心血外,1
1112067,0,2024,2024-06-21,15,心血外,1
1112067,0,2024,2024-07-12,15,心血外,1
1112067,0,2024,2024-08-09,15,心血外,1
1112067,0,2024,2024-10-18,15,心血外,1
1112067,0,2024,2025-01-08,15,心血外,1
1112067,0,2024,2025-02-12,15,心血外,1
1112067,0,2024,2024-06-04,28,放診断,1
1112067,0,2024,2024-07-22,18,整形外,1
1112067,0,2024,2024-08-22,18,整形外,1
1112067,0,2024,2025-01-18,18,整形外,1
1112067,0,2024,2024-12-24,50,消化内,1
1112067,0,2024,2024-06-17,21,皮膚科,1
1112067,0,2024,2024-06-21,21,皮膚科,1
1112067,0,2024,2024-07-01,21,皮膚科,1
1112067,0,2024,2024-07-08,21,皮膚科,1
1112067,0,2024,2024-08-23,21,皮膚科,1
1112067,0,2024,2024-11-08,21,皮膚科,1
1112067,0,2024,2024-05-17,26,眼科,1
1112067,0,2024,2025-02-27,26,眼科,1
1112067,0,2024,2024-08-14,6,糖尿内,1
1112067,0,2024,2024-12-11,6,糖尿内,1
1112067,0,2024,2024-12-04,25,耳鼻科,1
1112067,0,2024,2024-08-16,20,脳神外,1
1112067,0,2024,2024-07-31,1,血液内,1
1112067,0,2024,2024-12-04,1,血液内,1
1112067,0,2024,2024-12-10,1,血液内,1
1112067,0,2024,2025-01-09,1,血液内,1
1112182,0,2024,2024-10-25,26,眼科,1
1112182,0,2024,2025-03-07,26,眼科,1
1112190,0,2024,2024-05-17,8,腎臓内,1
1112190,0,2024,2025-01-23,8,腎臓内,1
1112240,0,2024,2024-05-21,18,整形外,1
1112240,0,2024,2024-10-28,18,整形外,1
1112240,0,2024,2024-11-11,18,整形外,1
1112240,0,2024,2024-12-04,25,耳鼻科,1
1112281,0,2024,2025-01-22,36,総合診,1
1112307,0,2024,2024-05-27,22,泌尿器,1
1112307,0,2024,2024-11-18,22,泌尿器,1
1112307,0,2024,2025-01-27,22,泌尿器,1
1112307,0,2024,2025-02-26,22,泌尿器,1
1112307,0,2024,2024-07-16,50,消化内,1
1112307,0,2024,2025-01-18,50,消化内,1
1112364,0,2024,2024-10-31,16,乳甲外,4
1112364,0,2024,2024-08-05,18,整形外,4
1112364,0,2024,2024-07-22,8,腎臓内,4
1112364,0,2024,2024-11-11,1,血液内,4
1130677,0,2024,2024-06-24,32,歯口外,1
1200061,0,2024,2025-01-14,16,乳甲外,1
1210011,0,2024,2024-06-29,25,耳鼻科,1
1210011,0,2024,2024-08-03,25,耳鼻科,1
1210011,0,2024,2024-08-31,25,耳鼻科,1
1210045,0,2024,2024-05-14,18,整形外,1
1210086,0,2024,2024-11-22,16,乳甲外,1
1210102,0,2024,2025-01-15,50,消化内,1
1210102,0,2024,2024-07-03,8,腎臓内,1
1210110,0,2024,2025-01-09,18,整形外,1
1210128,0,2024,2024-10-24,16,乳甲外,1
1210128,0,2024,2024-10-29,5,呼吸内,1
1210128,0,2024,2024-06-08,18,整形外,2
1210128,0,2024,2024-07-23,18,整形外,1
1210128,0,2024,2024-07-25,18,整形外,1
1210128,0,2024,2024-10-08,18,整形外,1
1210128,0,2024,2024-12-18,18,整形外,1
1210128,0,2024,2025-01-14,18,整形外,1
1210128,0,2024,2025-03-01,18,整形外,1
1210128,0,2024,2024-12-13,22,泌尿器,1
1210128,0,2024,2024-12-04,50,消化内,1
1210136,0,2024,2024-08-21,2,脳神内,1
1310018,0,2024,2024-07-08,26,眼科,1
1310035,0,2024,2024-12-26,19,形成外,1
1310035,0,2024,2024-07-08,21,皮膚科,1
1310035,0,2024,2024-07-22,21,皮膚科,1
1310043,0,2024,2024-08-29,18,整形外,1
1310043,0,2024,2025-01-27,18,整形外,1
1310043,0,2024,2024-11-14,20,脳神外,1
1310050,0,2024,2024-05-02,10,小児科,1
1310068,0,2024,2025-03-14,50,消化内,1
1310076,0,2024,2024-07-12,2,脳神内,1
1310182,0,2024,2025-01-17,7,循環内,1
1310406,0,2024,2025-02-17,50,消化内,1
1310448,0,2024,2025-03-13,50,消化内,1
1310448,0,2024,2024-06-11,14,消化外,1
1310448,0,2024,2024-12-24,14,消化外,1
1310448,0,2024,2025-01-06,21,皮膚科,1
1310448,0,2024,2024-05-10,20,脳神外,1
1310471,0,2024,2025-03-07,50,消化内,1
1310497,0,2024,2024-12-11,25,耳鼻科,1
1310513,0,2024,2025-03-31,36,総合診,1
1310513,0,2024,2024-07-06,1,血液内,1
1400026,0,2024,2024-12-04,48,リウ膠,1
1400026,0,2024,2024-07-09,25,耳鼻科,1
1400026,0,2024,2024-07-27,25,耳鼻科,1
1400026,0,2024,2024-11-12,25,耳鼻科,1
1400026,0,2024,2025-01-06,25,耳鼻科,1
1400026,0,2024,2025-02-06,25,耳鼻科,1
1400042,0,2024,2024-07-01,7,循環内,1
1400042,0,2024,2024-07-01,8,腎臓内,1
1400059,0,2024,2024-05-21,18,整形外,1
1410017,0,2024,2024-07-25,26,眼科,1
1410017,0,2024,2024-08-02,26,眼科,1
1410017,0,2024,2024-11-29,26,眼科,1
1410017,0,2024,2024-12-16,26,眼科,1
1410017,0,2024,2025-01-15,26,眼科,1
1410033,0,2024,2024-06-25,18,整形外,1
1410033,0,2024,2024-07-09,18,整形外,1
1410033,0,2024,2024-06-05,2,脳神内,1
1410066,0,2024,2025-02-10,48,リウ膠,1
1410066,0,2024,2024-06-03,16,乳甲外,1
1410066,0,2024,2025-02-21,16,乳甲外,1
1410066,0,2024,2025-03-24,16,乳甲外,1
1410066,0,2024,2025-01-14,5,呼吸内,1
1410066,0,2024,2025-01-31,5,呼吸内,1
1410066,0,2024,2025-03-04,5,呼吸内,1
1410066,0,2024,2025-03-24,5,呼吸内,1
1410066,0,2024,2024-11-19,17,小児外,2
1410066,0,2024,2024-11-21,17,小児外,1
1410066,0,2024,2024-06-03,15,心血外,2
1410066,0,2024,2024-06-28,15,心血外,1
1410066,0,2024,2024-07-10,15,心血外,1
1410066,0,2024,2024-07-29,15,心血外,1
1410066,0,2024,2024-08-19,15,心血外,1
1410066,0,2024,2024-08-21,15,心血外,1
1410066,0,2024,2024-11-15,15,心血外,1
1410066,0,2024,2024-11-29,15,心血外,1
1410066,0,2024,2024-12-04,15,心血外,1
1410066,0,2024,2024-12-20,15,心血外,1
1410066,0,2024,2025-01-08,15,心血外,1
1410066,0,2024,2025-01-24,15,心血外,1
1410066,0,2024,2025-03-07,15,心血外,1
1410066,0,2024,2025-03-21,15,心血外,1
1410066,0,2024,2024-06-11,50,消化内,1
1410066,0,2024,2024-08-16,50,消化内,1
1410066,0,2024,2024-08-20,50,消化内,1
1410066,0,2024,2024-10-08,50,消化内,2
1410066,0,2024,2024-11-11,50,消化内,1
1410066,0,2024,2024-11-13,50,消化内,1
1410066,0,2024,2024-11-21,50,消化内,1
1410066,0,2024,2025-01-16,50,消化内,1
1410066,0,2024,2025-02-20,50,消化内,1
1410066,0,2024,2025-02-21,50,消化内,1
1410066,0,2024,2025-03-24,50,消化内,1
1410066,0,2024,2025-03-26,50,消化内,1
1410066,0,2024,2024-07-08,14,消化外,1
1410066,0,2024,2024-11-08,14,消化外,1
1410066,0,2024,2024-11-14,14,消化外,1
1410066,0,2024,2025-01-07,14,消化外,1
1410066,0,2024,2025-02-21,14,消化外,1
1410066,0,2024,2025-03-06,14,消化外,1
1410066,0,2024,2024-12-19,43,産婦人,1
1410066,0,2024,2025-02-07,36,総合診,1
1410066,0,2024,2024-07-17,25,耳鼻科,1
1410066,0,2024,2025-02-03,25,耳鼻科,1
1410066,0,2024,2024-07-24,2,脳神内,1
1410066,0,2024,2024-10-11,2,脳神内,1
1410066,0,2024,2024-11-13,2,脳神内,1
1410066,0,2024,2024-08-30,8,腎臓内,1
1410066,0,2024,2024-10-21,8,腎臓内,1
1410066,0,2024,2025-01-10,8,腎臓内,1
1410066,0,2024,2025-03-13,1,血液内,1
1500015,0,2024,2024-05-08,21,皮膚科,1
1510195,0,2024,2024-11-13,13,呼吸外,1
1510849,0,2024,2024-10-23,32,歯口外,1
1510849,0,2024,2024-06-22,26,眼科,1
1511060,0,2024,2025-01-15,43,産婦人,1
1511219,0,2024,2024-11-27,16,乳甲外,1
1511219,0,2024,2024-06-18,5,呼吸内,1
1511219,0,2024,2024-05-02,19,形成外,1
1511219,0,2024,2025-01-14,18,整形外,1
1511219,0,2024,2024-06-03,50,消化内,1
1511219,0,2024,2024-06-12,50,消化内,1
1511219,0,2024,2024-07-11,50,消化内,1
1511219,0,2024,2025-01-30,50,消化内,1
1511219,0,2024,2024-05-16,14,消化外,1
1511219,0,2024,2025-02-06,14,消化外,1
1511219,0,2024,2025-03-03,14,消化外,1
1511219,0,2024,2024-05-10,21,皮膚科,2
1511219,0,2024,2024-06-21,21,皮膚科,1
1511219,0,2024,2024-07-25,36,総合診,1
1511219,0,2024,2024-05-16,25,耳鼻科,1
1511219,0,2024,2024-10-07,25,耳鼻科,2
1511219,0,2024,2024-10-11,25,耳鼻科,1
1511219,0,2024,2025-02-12,20,脳神外,1
1511219,0,2024,2024-08-13,8,腎臓内,1
1511219,0,2024,2024-11-06,8,腎臓内,1
1511219,0,2024,2024-12-23,8,腎臓内,1
1511219,0,2024,2024-12-25,8,腎臓内,1
1511219,0,2024,2024-08-23,1,血液内,1
1511219,0,2024,2024-10-07,1,血液内,1
1511219,0,2024,2024-10-18,1,血液内,1
1511219,0,2024,2025-03-17,1,血液内,1
1511276,0,2024,2025-01-15,16,乳甲外,1
1511276,0,2024,2025-01-21,5,呼吸内,1
1511276,0,2024,2024-12-26,10,小児科,1
1511276,0,2024,2025-03-27,10,小児科,1
1511276,0,2024,2024-05-01,19,形成外,1
1511276,0,2024,2024-07-04,19,形成外,1
1511276,0,2024,2024-10-03,19,形成外,1
1511276,0,2024,2024-12-27,19,形成外,1
1511276,0,2024,2025-02-13,19,形成外,1
1511276,0,2024,2025-02-27,19,形成外,2
1511276,0,2024,2024-07-08,12,心療科,1
1511276,0,2024,2024-12-25,12,心療科,1
1511276,0,2024,2024-12-29,15,心血外,1
1511276,0,2024,2024-11-26,28,放診断,1
1511276,0,2024,2024-12-25,18,整形外,1
1511276,0,2024,2024-10-11,22,泌尿器,1
1511276,0,2024,2024-10-28,50,消化内,1
1511276,0,2024,2024-08-10,14,消化外,1
1511276,0,2024,2025-01-08,43,産婦人,1
1511276,0,2024,2025-03-12,43,産婦人,1
1511276,0,2024,2025-03-19,43,産婦人,1
1511276,0,2024,2024-08-30,21,皮膚科,1
1511276,0,2024,2024-10-21,21,皮膚科,1
1511276,0,2024,2024-11-21,21,皮膚科,1
1511276,0,2024,2025-03-21,21,皮膚科,1
1511276,0,2024,2024-05-29,26,眼科,1
1511276,0,2024,2024-07-05,6,糖尿内,1
1511276,0,2024,2025-01-15,6,糖尿内,1
1511276,0,2024,2024-05-20,25,耳鼻科,2
1511276,0,2024,2024-07-10,25,耳鼻科,1
1511276,0,2024,2025-01-15,25,耳鼻科,1
1511276,0,2024,2024-06-27,2,脳神内,1
1511276,0,2024,2024-07-11,2,脳神内,1
1511276,0,2024,2024-08-05,2,脳神内,1
1511276,0,2024,2024-08-08,2,脳神内,1
1511276,0,2024,2024-10-31,2,脳神内,1
1511276,0,2024,2024-12-11,2,脳神内,1
1511276,0,2024,2024-12-26,2,脳神内,1
1511276,0,2024,2025-01-16,2,脳神内,1
1511276,0,2024,2025-02-10,2,脳神内,1
1511276,0,2024,2024-06-28,20,脳神外,1
1511276,0,2024,2024-12-05,20,脳神外,1
1511276,0,2024,2024-12-16,20,脳神外,1
1511276,0,2024,2024-05-22,8,腎臓内,1
1511276,0,2024,2024-07-05,8,腎臓内,1
1511276,0,2024,2024-08-20,8,腎臓内,1
1511276,0,2024,2024-12-25,8,腎臓内,1
1511276,0,2024,2025-02-27,8,腎臓内,1
1511276,0,2024,2024-07-11,27,臨腫瘍,1
1511276,0,2024,2024-07-18,27,臨腫瘍,1
1511276,0,2024,2024-08-05,27,臨腫瘍,1
1511276,0,2024,2024-12-17,27,臨腫瘍,1
1511276,0,2024,2025-03-03,1,血液内,1
1511334,0,2024,2025-03-21,50,消化内,1
1511334,0,2024,2025-01-23,43,産婦人,1
1511334,0,2024,2025-01-16,2,脳神内,1
1511375,0,2024,2024-05-13,25,耳鼻科,1
1511375,0,2024,2024-06-17,25,耳鼻科,1
1511375,0,2024,2024-07-22,25,耳鼻科,1
1511375,0,2024,2024-08-09,25,耳鼻科,1
1511375,0,2024,2024-10-16,25,耳鼻科,1
1511375,0,2024,2024-11-13,25,耳鼻科,1
1511375,0,2024,2025-01-15,25,耳鼻科,1
1511375,0,2024,2025-01-27,25,耳鼻科,1
1511375,0,2024,2025-03-17,25,耳鼻科,3
1511581,0,2024,2025-02-10,22,泌尿器,1
1512258,0,2024,2024-05-08,48,リウ膠,1
1512258,0,2024,2024-08-21,48,リウ膠,1
1512258,0,2024,2024-10-02,48,リウ膠,1
1512258,0,2024,2024-10-04,48,リウ膠,1
1512258,0,2024,2024-11-25,48,リウ膠,1
1512258,0,2024,2025-01-07,48,リウ膠,1
1512258,0,2024,2024-10-04,5,呼吸内,1
1512258,0,2024,2024-11-28,5,呼吸内,1
1512258,0,2024,2024-12-11,13,呼吸外,1
1512258,0,2024,2024-07-08,19,形成外,1
1512258,0,2024,2025-03-10,19,形成外,1
1512258,0,2024,2024-06-04,28,放診断,1
1512258,0,2024,2024-06-14,34,救急科,1
1512258,0,2024,2024-11-21,34,救急科,1
1512258,0,2024,2025-01-11,34,救急科,1
1512258,0,2024,2025-02-24,34,救急科,1
1512258,0,2024,2024-12-23,18,整形外,1
1512258,0,2024,2025-03-27,18,整形外,1
1512258,0,2024,2024-05-01,22,泌尿器,1
1512258,0,2024,2024-06-01,50,消化内,1
1512258,0,2024,2025-01-07,50,消化内,1
1512258,0,2024,2025-02-14,14,消化外,1
1512258,0,2024,2024-05-28,21,皮膚科,1
1512258,0,2024,2024-06-21,21,皮膚科,1
1512258,0,2024,2024-07-08,21,皮膚科,1
1512258,0,2024,2024-07-11,21,皮膚科,1
1512258,0,2024,2024-10-24,21,皮膚科,1
1512258,0,2024,2025-01-20,21,皮膚科,1
1512258,0,2024,2025-02-06,2,脳神内,1
1512258,0,2024,2024-05-31,8,腎臓内,1
1512258,0,2024,2024-10-07,8,腎臓内,1
1512258,0,2024,2025-03-14,8,腎臓内,1
1512316,0,2024,2024-11-06,6,糖尿内,1
1512365,0,2024,2024-10-30,12,心療科,1
1512498,0,2024,2024-07-03,25,耳鼻科,1
1512506,0,2024,2024-05-21,48,リウ膠,1
1512506,0,2024,2025-03-25,5,呼吸内,1
1512506,0,2024,2024-05-17,18,整形外,1
1512506,0,2024,2025-03-19,18,整形外,1
1512506,0,2024,2024-08-13,36,総合診,1
1512654,0,2024,2024-08-02,14,消化外,1
1512811,0,2024,2024-06-17,6,糖尿内,1
1512829,0,2024,2024-05-21,48,リウ膠,1
1512829,0,2024,2025-03-27,7,循環内,1
1512829,0,2024,2024-11-18,15,心血外,1
1512829,0,2024,2024-05-01,18,整形外,1
1512829,0,2024,2024-08-06,21,皮膚科,1
1512829,0,2024,2025-01-22,21,皮膚科,1
1512829,0,2024,2024-11-11,26,眼科,1
1512829,0,2024,2024-07-05,36,総合診,1
1512829,0,2024,2025-01-31,25,耳鼻科,1
1512829,0,2024,2024-08-19,9,脳卒中,1
1512829,0,2024,2024-06-07,2,脳神内,1
1512829,0,2024,2024-07-17,2,脳神内,1
1512829,0,2024,2025-01-30,2,脳神内,1
1512829,0,2024,2024-05-07,20,脳神外,1
1512829,0,2024,2024-05-13,20,脳神外,1
1512829,0,2024,2024-06-13,20,脳神外,2
1512829,0,2024,2024-06-24,20,脳神外,1
1512829,0,2024,2024-10-03,20,脳神外,1
1512829,0,2024,2024-10-24,20,脳神外,1
1512829,0,2024,2024-12-23,20,脳神外,1
1512829,0,2024,2025-03-13,20,脳神外,1
1512829,0,2024,2024-10-07,1,血液内,1
1512894,0,2024,2025-01-20,18,整形外,1
1512894,0,2024,2025-02-20,18,整形外,1
1512977,0,2024,2024-10-21,12,心療科,1
1512977,0,2024,2025-02-21,15,心血外,1
1512977,0,2024,2024-05-21,18,整形外,1
1512977,0,2024,2024-08-08,18,整形外,1
1512977,0,2024,2024-11-02,18,整形外,1
1512977,0,2024,2025-01-14,18,整形外,1
1512977,0,2024,2025-01-18,18,整形外,1
1512977,0,2024,2024-12-20,22,泌尿器,1
1512977,0,2024,2024-06-19,21,皮膚科,1
1512977,0,2024,2024-05-28,36,総合診,1
1512977,0,2024,2024-08-19,8,腎臓内,1
1512977,0,2024,2024-11-22,8,腎臓内,1
1512977,0,2024,2024-12-11,8,腎臓内,1
1513017,0,2024,2025-02-07,7,循環内,1
1513017,0,2024,2025-01-29,15,心血外,1
1513017,0,2024,2025-02-05,18,整形外,1
1513017,0,2024,2025-01-29,25,耳鼻科,1
1513223,0,2024,2024-06-03,12,心療科,1
1513223,0,2024,2025-03-24,18,整形外,1
1513249,0,2024,2024-07-04,2,脳神内,1
1513280,0,2024,2025-01-27,16,乳甲外,1
1513280,0,2024,2024-06-18,18,整形外,1
1513280,0,2024,2024-10-28,22,泌尿器,1
1513363,0,2024,2025-02-19,48,リウ膠,1
1513363,0,2024,2025-02-17,8,腎臓内,1
1513421,0,2024,2024-05-28,21,皮膚科,1
1513421,0,2024,2024-11-07,21,皮膚科,1
1513504,0,2024,2025-01-10,22,泌尿器,1
1513504,0,2024,2024-06-05,2,脳神内,1
1513553,0,2024,2025-03-05,25,耳鼻科,1
1513678,0,2024,2024-05-30,8,腎臓内,1
1513678,0,2024,2024-07-22,8,腎臓内,1
1513678,0,2024,2024-10-21,8,腎臓内,1
1513686,0,2024,2025-03-12,2,脳神内,1
1513694,0,2024,2025-02-10,36,総合診,1
1513694,0,2024,2024-10-07,25,耳鼻科,1
1513751,0,2024,2024-05-08,26,眼科,1
1513751,0,2024,2024-11-05,26,眼科,1
1513751,0,2024,2025-02-26,26,眼科,1
1513751,0,2024,2025-03-06,26,眼科,1
1513751,0,2024,2025-03-17,26,眼科,1
1513769,0,2024,2025-03-11,12,心療科,1
1513769,0,2024,2025-01-17,34,救急科,1
1513769,0,2024,2025-02-28,26,眼科,1
1513769,0,2024,2024-08-29,2,脳神内,1
1513801,0,2024,2024-12-10,48,リウ膠,1
1513801,0,2024,2024-06-27,36,総合診,1
1513801,0,2024,2024-12-10,36,総合診,1
1513983,0,2024,2024-11-05,50,消化内,1
1514049,0,2024,2024-06-21,18,整形外,1
1514049,0,2024,2024-07-23,18,整形外,1
1514049,0,2024,2024-07-30,18,整形外,1
1514049,0,2024,2024-08-26,18,整形外,1
1514049,0,2024,2024-08-28,18,整形外,1
1514049,0,2024,2024-05-09,2,脳神内,1
1514049,0,2024,2024-07-18,20,脳神外,1
1514049,0,2024,2024-07-25,20,脳神外,1
1514049,0,2024,2024-12-16,20,脳神外,1
1514114,0,2024,2025-03-11,21,皮膚科,1
1514221,0,2024,2024-11-19,18,整形外,1
1514304,0,2024,2025-03-13,6,糖尿内,1
1514320,0,2024,2024-11-08,16,乳甲外,1
1514320,0,2024,2025-01-09,5,呼吸内,1
1514320,0,2024,2024-07-13,13,呼吸外,1
1514320,0,2024,2024-11-28,28,放診断,1
1514320,0,2024,2024-12-19,18,整形外,1
1514320,0,2024,2025-01-28,18,整形外,1
1514320,0,2024,2025-03-27,18,整形外,1
1514320,0,2024,2025-02-05,50,消化内,1
1514320,0,2024,2025-03-12,43,産婦人,1
1514320,0,2024,2024-07-13,8,腎臓内,1
1514320,0,2024,2024-07-19,8,腎臓内,1
1514320,0,2024,2024-12-23,8,腎臓内,1
1514320,0,2024,2025-01-31,8,腎臓内,1
1514320,0,2024,2025-02-07,8,腎臓内,1
1514320,0,2024,2025-02-19,8,腎臓内,1
1514486,0,2024,2024-06-27,26,眼科,1
1514486,0,2024,2025-02-14,26,眼科,1
1514544,0,2024,2024-07-08,25,耳鼻科,1
1514544,0,2024,2024-07-24,25,耳鼻科,1
1514569,0,2024,2024-06-28,25,耳鼻科,1
1514577,0,2024,2024-08-19,50,消化内,1
1514601,0,2024,2024-05-13,18,整形外,1
1514601,0,2024,2024-11-08,18,整形外,1
1514601,0,2024,2024-11-20,18,整形外,1
1514601,0,2024,2024-11-08,25,耳鼻科,1
1514601,0,2024,2024-06-06,2,脳神内,1
1514601,0,2024,2024-10-03,2,脳神内,1
1514601,0,2024,2025-01-09,2,脳神内,1
1514601,0,2024,2025-02-13,2,脳神内,1
1514601,0,2024,2025-03-26,2,脳神内,1
1514601,0,2024,2025-03-31,2,脳神内,1
1514635,0,2024,2024-11-08,34,救急科,1
1514635,0,2024,2024-08-16,8,腎臓内,1
1514635,0,2024,2024-08-26,8,腎臓内,1
1514734,0,2024,2024-11-22,6,糖尿内,1
1514833,0,2024,2025-02-07,36,総合診,1
1514841,0,2024,2024-10-25,26,眼科,1
1514858,0,2024,2024-06-24,15,心血外,1
1514858,0,2024,2024-07-26,15,心血外,1
1514858,0,2024,2024-10-07,15,心血外,1
1514858,0,2024,2024-10-28,15,心血外,1
1514999,0,2024,2025-03-13,18,整形外,1
1515020,0,2024,2024-08-14,2,脳神内,1
1515020,0,2024,2024-12-17,20,脳神外,1
1515111,0,2024,2024-08-30,22,泌尿器,1
1515145,0,2024,2024-11-30,18,整形外,1
1515145,0,2024,2024-12-17,20,脳神外,1
1515244,0,2024,2024-06-19,18,整形外,1
1515244,0,2024,2024-11-21,18,整形外,1
1515269,0,2024,2025-02-12,36,総合診,1
1515269,0,2024,2024-06-07,25,耳鼻科,1
1515277,0,2024,2024-08-14,6,糖尿内,1
1515293,0,2024,2024-05-17,26,眼科,1
1515293,0,2024,2024-05-24,26,眼科,1
1515293,0,2024,2024-07-02,26,眼科,1
1515293,0,2024,2024-07-19,26,眼科,2
1515293,0,2024,2024-08-30,26,眼科,1
1515293,0,2024,2024-10-16,26,眼科,1
1515293,0,2024,2024-11-16,26,眼科,1
1515301,0,2024,2024-07-02,19,形成外,1
1515301,0,2024,2025-03-24,18,整形外,1
1515319,0,2024,2024-05-13,16,乳甲外,1
1515319,0,2024,2024-06-24,16,乳甲外,1
1515319,0,2024,2024-06-27,16,乳甲外,1
1515319,0,2024,2024-07-08,16,乳甲外,1
1515335,0,2024,2025-03-06,19,形成外,1
1515442,0,2024,2024-07-03,21,皮膚科,1
1515459,0,2024,2024-11-28,22,泌尿器,1
1515541,0,2024,2024-12-10,36,総合診,1
1515558,0,2024,2025-02-14,7,循環内,1
1515624,0,2024,2024-07-04,20,脳神外,1
1515624,0,2024,2024-07-29,20,脳神外,1
1515624,0,2024,2024-08-19,20,脳神外,1
1515624,0,2024,2024-10-21,20,脳神外,1
1515624,0,2024,2024-11-18,20,脳神外,1
1515624,0,2024,2024-12-05,20,脳神外,1
1515624,0,2024,2025-03-27,20,脳神外,1
1515764,0,2024,2024-06-13,18,整形外,1
1515764,0,2024,2024-06-17,18,整形外,1
1515806,0,2024,2025-01-20,18,整形外,1
1515806,0,2024,2024-11-26,36,総合診,1
1515830,0,2024,2024-12-26,48,リウ膠,1
1515830,0,2024,2024-06-28,16,乳甲外,1
1515830,0,2024,2025-02-18,5,呼吸内,1
1515830,0,2024,2025-01-23,19,形成外,1
1515830,0,2024,2025-03-14,8,腎臓内,1
1515848,0,2024,2024-08-01,48,リウ膠,1
1515848,0,2024,2024-10-25,48,リウ膠,1
1515848,0,2024,2024-08-09,22,泌尿器,1
1515848,0,2024,2024-06-18,36,総合診,1
1515848,0,2024,2024-07-02,20,脳神外,1
1515848,0,2024,2025-03-14,8,腎臓内,1
1515889,0,2024,2024-08-15,22,泌尿器,1
1515889,0,2024,2024-05-01,43,産婦人,1
1515889,0,2024,2024-08-05,43,産婦人,1
1515889,0,2024,2024-10-31,43,産婦人,1
1515921,0,2024,2024-10-09,7,循環内,1
1515921,0,2024,2024-10-16,7,循環内,1
1515921,0,2024,2024-07-02,18,整形外,1
1515921,0,2024,2024-08-14,9,脳卒中,1
1515939,0,2024,2024-08-28,19,形成外,1
1515947,0,2024,2024-12-19,16,乳甲外,1
1515962,0,2024,2025-03-26,25,耳鼻科,1
1515962,0,2024,2025-03-31,25,耳鼻科,1
1515988,0,2024,2024-10-21,25,耳鼻科,1
1516036,0,2024,2024-12-02,22,泌尿器,1
1516036,0,2024,2025-03-07,22,泌尿器,1
1516036,0,2024,2024-10-07,36,総合診,1
1516051,0,2024,2025-01-29,48,リウ膠,1
1516051,0,2024,2024-11-15,31,リハ,1
1516051,0,2024,2024-11-08,7,循環内,1
1516051,0,2024,2025-01-29,18,整形外,1
1516051,0,2024,2024-05-16,21,皮膚科,1
1516051,0,2024,2025-01-29,21,皮膚科,1
1516051,0,2024,2024-05-27,2,脳神内,1
1516051,0,2024,2024-06-24,2,脳神内,1
1516051,0,2024,2024-11-05,20,脳神外,1
1516051,0,2024,2025-01-29,1,血液内,1
1516077,0,2024,2024-06-24,25,耳鼻科,1
1516101,0,2024,2024-06-19,26,眼科,1
1516101,0,2024,2025-01-17,26,眼科,1
1516150,0,2024,2024-12-11,48,リウ膠,1
1516150,0,2024,2024-10-18,16,乳甲外,1
1516150,0,2024,2024-11-08,16,乳甲外,1
1516150,0,2024,2024-08-27,28,放診断,1
1516150,0,2024,2025-03-26,8,腎臓内,1
1516168,0,2024,2024-06-27,26,眼科,1
1516234,0,2024,2024-08-02,50,消化内,1
1516242,0,2024,2024-11-29,21,皮膚科,1
1516242,0,2024,2024-05-16,2,脳神内,1
1516267,0,2024,2024-05-23,18,整形外,1
1516267,0,2024,2025-03-10,18,整形外,1
1516309,0,2024,2024-06-18,19,形成外,1
1516309,0,2024,2024-07-23,19,形成外,1
1516317,0,2024,2025-01-22,13,呼吸外,1
1516317,0,2024,2024-07-25,28,放診断,1
1516317,0,2024,2024-07-09,18,整形外,1
1516317,0,2024,2024-10-10,18,整形外,1
1516317,0,2024,2024-11-09,18,整形外,1
1516317,0,2024,2025-01-09,18,整形外,1
1516317,0,2024,2024-08-22,22,泌尿器,1
1516317,0,2024,2024-12-27,50,消化内,1
1516325,0,2024,2025-03-11,17,小児外,1
1516341,0,2024,2024-07-26,21,皮膚科,1
1516341,0,2024,2024-10-28,21,皮膚科,1
1516341,0,2024,2024-11-08,21,皮膚科,1
1516341,0,2024,2024-12-13,21,皮膚科,1
1516341,0,2024,2025-02-05,21,皮膚科,1
1516341,0,2024,2025-02-14,21,皮膚科,1
1516341,0,2024,2025-03-28,21,皮膚科,1
1516390,0,2024,2024-11-12,19,形成外,1
1516390,0,2024,2024-07-10,21,皮膚科,1
1516408,0,2024,2024-12-27,6,糖尿内,1
1516424,0,2024,2025-03-17,19,形成外,1
1516424,0,2024,2024-08-20,7,循環内,1
1516424,0,2024,2024-05-01,43,産婦人,1
1516424,0,2024,2024-06-05,43,産婦人,1
1516424,0,2024,2024-06-12,43,産婦人,1
1516424,0,2024,2024-06-18,43,産婦人,1
1516424,0,2024,2024-06-19,43,産婦人,1
1516424,0,2024,2024-07-03,43,産婦人,1
1516424,0,2024,2024-07-20,43,産婦人,1
1516424,0,2024,2024-08-09,43,産婦人,1
1516424,0,2024,2024-08-23,43,産婦人,1
1516424,0,2024,2024-10-02,43,産婦人,2
1516424,0,2024,2025-01-22,43,産婦人,1
1516424,0,2024,2025-01-27,43,産婦人,1
1516424,0,2024,2025-02-12,43,産婦人,1
1516424,0,2024,2025-02-13,43,産婦人,1
1516424,0,2024,2025-02-18,43,産婦人,1
1516424,0,2024,2025-02-26,43,産婦人,1
1516424,0,2024,2025-03-05,43,産婦人,1
1516424,0,2024,2025-03-21,43,産婦人,1
1516499,0,2024,2024-05-22,18,整形外,1
1516499,0,2024,2024-07-23,18,整形外,1
1516531,0,2024,2024-12-11,21,皮膚科,1
1516549,0,2024,2024-08-16,18,整形外,1
1516564,0,2024,2024-12-24,18,整形外,1
1516572,0,2024,2024-10-11,25,耳鼻科,1
1516572,0,2024,2025-01-31,25,耳鼻科,1
1516606,0,2024,2024-11-25,18,整形外,1
1516606,0,2024,2024-05-13,8,腎臓内,1
1516713,0,2024,2024-11-16,18,整形外,1
1516739,0,2024,2024-11-27,19,形成外,1
1516739,0,2024,2025-03-07,18,整形外,1
1516788,0,2024,2024-11-08,18,整形外,2
1516788,0,2024,2024-11-20,18,整形外,1
1516788,0,2024,2024-11-22,18,整形外,1
1516788,0,2024,2024-12-03,18,整形外,1
1516788,0,2024,2024-12-09,18,整形外,1
1516788,0,2024,2025-01-08,18,整形外,1
1516788,0,2024,2025-03-04,18,整形外,1
1516788,0,2024,2025-03-19,18,整形外,1
1532153,0,2024,2024-06-10,19,形成外,1
1532153,0,2024,2025-03-24,19,形成外,1
1532666,0,2024,2024-06-24,32,歯口外,1
1533326,0,2024,2024-10-28,32,歯口外,1
1533482,0,2024,2024-07-11,32,歯口外,1
1533565,0,2024,2024-08-05,8,腎臓内,1
1600062,0,2024,2024-06-14,10,小児科,1
1600062,0,2024,2024-12-25,22,泌尿器,1
1600068,0,2024,2024-07-04,32,歯口外,1
1610020,0,2024,2024-06-11,48,リウ膠,1
1610020,0,2024,2025-01-14,48,リウ膠,1
1610020,0,2024,2025-01-16,10,小児科,1
1610020,0,2024,2024-11-12,19,形成外,1
1610020,0,2024,2024-11-26,19,形成外,1
1610020,0,2024,2024-11-25,7,循環内,1
1610020,0,2024,2025-01-24,7,循環内,1
1610020,0,2024,2025-02-03,7,循環内,1
1610020,0,2024,2024-06-11,18,整形外,1
1610020,0,2024,2024-12-19,22,泌尿器,1
1610020,0,2024,2024-07-03,50,消化内,1
1610020,0,2024,2024-07-08,50,消化内,1
1610020,0,2024,2024-07-22,50,消化内,1
1610020,0,2024,2024-07-30,50,消化内,1
1610020,0,2024,2024-08-07,50,消化内,1
1610020,0,2024,2024-10-04,50,消化内,1
1610020,0,2024,2024-10-09,50,消化内,1
1610020,0,2024,2024-10-17,50,消化内,1
1610020,0,2024,2024-10-21,50,消化内,1
1610020,0,2024,2024-10-24,50,消化内,1
1610020,0,2024,2024-11-08,50,消化内,1
1610020,0,2024,2024-11-13,50,消化内,1
1610020,0,2024,2024-12-05,50,消化内,1
1610020,0,2024,2024-12-06,50,消化内,1
1610020,0,2024,2024-12-17,50,消化内,1
1610020,0,2024,2025-01-21,50,消化内,2
1610020,0,2024,2025-02-25,50,消化内,1
1610020,0,2024,2025-03-03,50,消化内,1
1610020,0,2024,2025-03-06,50,消化内,1
1610020,0,2024,2024-06-18,14,消化外,1
1610020,0,2024,2024-07-22,14,消化外,2
1610020,0,2024,2025-03-18,14,消化外,1
1610020,0,2024,2024-06-12,21,皮膚科,1
1610020,0,2024,2024-07-22,21,皮膚科,1
1610020,0,2024,2024-10-21,25,耳鼻科,1
1610020,0,2024,2024-07-01,2,脳神内,1
1610020,0,2024,2024-08-30,2,脳神内,1
1610020,0,2024,2024-05-10,8,腎臓内,1
1610020,0,2024,2024-08-02,8,腎臓内,1
1610020,0,2024,2024-06-04,1,血液内,1
1610020,0,2024,2024-10-08,1,血液内,1
1610020,0,2024,2024-11-26,1,血液内,1
1710423,0,2024,2025-02-06,36,総合診,1
1710472,0,2024,2024-08-06,7,循環内,1
1710639,0,2024,2025-02-13,19,形成外,1
1710639,0,2024,2025-02-27,19,形成外,1
1710639,0,2024,2024-07-04,18,整形外,1
1710639,0,2024,2024-07-11,18,整形外,1
1710639,0,2024,2024-11-07,18,整形外,1
1710639,0,2024,2024-05-22,21,皮膚科,1
1710639,0,2024,2025-03-19,21,皮膚科,1
1710696,0,2024,2024-07-04,26,眼科,1
1710720,0,2024,2024-06-14,25,耳鼻科,1
1710720,0,2024,2024-08-21,25,耳鼻科,1
1710720,0,2024,2024-10-11,25,耳鼻科,1
1710720,0,2024,2025-01-06,25,耳鼻科,1
1710720,0,2024,2025-03-10,25,耳鼻科,1
1710720,0,2024,2024-07-31,8,腎臓内,1
1710720,0,2024,2025-03-06,8,腎臓内,1
1710738,0,2024,2025-02-06,36,総合診,1
1710761,0,2024,2025-03-12,26,眼科,1
1910072,0,2024,2024-08-23,15,心血外,1
1910809,0,2024,2024-07-25,20,脳神外,1
1910809,0,2024,2025-01-27,20,脳神外,1
1910809,0,2024,2025-01-09,1,血液内,1
2100559,0,2024,2025-03-03,25,耳鼻科,1
2110011,0,2024,2024-05-22,18,整形外,1
2110011,0,2024,2025-03-11,18,整形外,1
2110137,0,2024,2024-07-08,36,総合診,1
2110194,0,2024,2024-07-22,2,脳神内,1
2110466,0,2024,2024-12-13,22,泌尿器,1
2110466,0,2024,2025-01-30,50,消化内,1
2110466,0,2024,2024-08-23,25,耳鼻科,1
2210040,0,2024,2024-12-18,32,歯口外,1
2210119,0,2024,2025-02-01,5,呼吸内,1
2210119,0,2024,2024-11-17,34,救急科,1
2210119,0,2024,2024-08-14,14,消化外,1
2210119,0,2024,2024-12-13,2,脳神内,1
2210127,0,2024,2024-10-01,7,循環内,1
2210127,0,2024,2024-10-18,8,腎臓内,1
2210234,0,2024,2024-06-24,18,整形外,1
2210259,0,2024,2025-02-14,18,整形外,1
2210309,0,2024,2025-02-04,50,消化内,1
2210333,0,2024,2024-07-24,26,眼科,1
2210408,0,2024,2024-05-10,15,心血外,1
2210408,0,2024,2024-08-26,18,整形外,1
2210408,0,2024,2024-06-13,2,脳神内,1
2210408,0,2024,2025-02-17,2,脳神内,1
2210424,0,2024,2024-05-22,16,乳甲外,1
2210424,0,2024,2024-08-19,15,心血外,1
2210432,0,2024,2024-11-06,15,心血外,1
2210432,0,2024,2024-11-06,8,腎臓内,1
2210440,0,2024,2024-08-19,15,心血外,1
2210440,0,2024,2024-06-10,18,整形外,1
2210440,0,2024,2024-10-31,22,泌尿器,1
2210440,0,2024,2024-07-01,50,消化内,1
2210440,0,2024,2024-10-28,21,皮膚科,1
2210440,0,2024,2024-10-28,9,脳卒中,1
2210465,0,2024,2024-05-28,18,整形外,1
2210465,0,2024,2025-03-05,18,整形外,1
2210465,0,2024,2024-11-06,25,耳鼻科,1
2210465,0,2024,2024-11-18,25,耳鼻科,1
2210465,0,2024,2025-01-22,25,耳鼻科,1
2300829,0,2024,2025-02-28,22,泌尿器,2
2300829,0,2024,2025-03-18,2,脳神内,1
2310125,0,2024,2025-02-26,18,整形外,1
2310125,0,2024,2024-05-07,6,糖尿内,1
2310125,0,2024,2025-03-04,6,糖尿内,1
2310125,0,2024,2025-03-11,6,糖尿内,1
2310125,0,2024,2024-07-01,25,耳鼻科,1
2310125,0,2024,2024-06-18,20,脳神外,1
2310125,0,2024,2025-02-21,8,腎臓内,1
2310208,0,2024,2024-12-04,18,整形外,1
2310208,0,2024,2025-02-13,18,整形外,1
2310257,0,2024,2025-01-31,16,乳甲外,1
2410099,0,2024,2025-03-28,12,心療科,1
2510039,0,2024,2024-11-13,48,リウ膠,1
2510039,0,2024,2024-11-25,16,乳甲外,1
2510039,0,2024,2024-12-07,34,救急科,1
2510039,0,2024,2025-03-27,18,整形外,1
2510039,0,2024,2024-08-22,22,泌尿器,1
2510039,0,2024,2025-03-19,22,泌尿器,1
2510039,0,2024,2024-06-14,50,消化内,1
2510039,0,2024,2024-06-21,50,消化内,1
2510039,0,2024,2024-12-11,50,消化内,1
2510039,0,2024,2025-01-28,6,糖尿内,1
2510047,0,2024,2024-08-19,7,循環内,1
2510047,0,2024,2024-11-20,22,泌尿器,1
2510047,0,2024,2025-03-12,50,消化内,1
2510047,0,2024,2024-06-12,21,皮膚科,1
2510047,0,2024,2024-07-29,36,総合診,1
2510047,0,2024,2025-02-17,36,総合診,1
2510047,0,2024,2024-06-10,25,耳鼻科,1
2510047,0,2024,2024-06-10,2,脳神内,1
2510047,0,2024,2025-03-01,2,脳神内,1
2510047,0,2024,2025-01-08,20,脳神外,1
2510062,0,2024,2024-06-04,5,呼吸内,1
2510062,0,2024,2024-08-22,13,呼吸外,1
2510062,0,2024,2024-12-25,18,整形外,1
2510062,0,2024,2024-06-05,32,歯口外,1
2510335,0,2024,2024-05-02,18,整形外,1
2510335,0,2024,2025-03-15,18,整形外,1
2511309,0,2024,2024-05-20,32,歯口外,1
2511671,0,2024,2025-02-28,26,眼科,1
2600349,0,2024,2024-05-27,32,歯口外,1
2600349,0,2024,2024-06-19,32,歯口外,1
2600364,0,2024,2024-05-17,15,心血外,1
2600364,0,2024,2024-05-10,32,歯口外,1
2600364,0,2024,2024-05-15,32,歯口外,2
2600364,0,2024,2024-05-22,32,歯口外,1
2600364,0,2024,2024-05-24,32,歯口外,1
2600364,0,2024,2024-06-14,32,歯口外,1
2600364,0,2024,2024-06-21,32,歯口外,2
2600364,0,2024,2024-06-24,32,歯口外,1
2600364,0,2024,2024-06-26,32,歯口外,1
2600364,0,2024,2024-06-27,32,歯口外,1
2600364,0,2024,2024-06-28,32,歯口外,1
2600364,0,2024,2024-06-29,32,歯口外,1
2600364,0,2024,2024-07-06,32,歯口外,1
2600364,0,2024,2024-07-10,32,歯口外,1
2600364,0,2024,2024-07-17,32,歯口外,1
2600364,0,2024,2024-07-24,32,歯口外,1
2600364,0,2024,2024-07-26,32,歯口外,1
2600364,0,2024,2024-07-29,32,歯口外,1
2600364,0,2024,2024-08-02,32,歯口外,1
2600364,0,2024,2024-08-09,32,歯口外,1
2600364,0,2024,2024-08-10,32,歯口外,1
2600364,0,2024,2024-08-22,32,歯口外,1
2600364,0,2024,2024-08-28,32,歯口外,2
2600364,0,2024,2024-10-30,32,歯口外,1
2600364,0,2024,2024-11-01,32,歯口外,1
2600364,0,2024,2024-11-06,32,歯口外,1
2600364,0,2024,2024-11-08,32,歯口外,3
2600364,0,2024,2024-11-28,32,歯口外,1
2600364,0,2024,2024-12-27,32,歯口外,1
2600364,0,2024,2025-01-06,32,歯口外,1
2600364,0,2024,2025-01-24,32,歯口外,1
2600364,0,2024,2025-01-29,32,歯口外,2
2600364,0,2024,2025-02-07,32,歯口外,1
2600364,0,2024,2025-02-17,32,歯口外,1
2600364,0,2024,2025-02-28,32,歯口外,1
2600364,0,2024,2025-03-10,32,歯口外,1
2600364,0,2024,2025-03-15,32,歯口外,1
2600364,0,2024,2025-03-17,32,歯口外,1
2600364,0,2024,2025-03-19,32,歯口外,1
2600406,0,2024,2024-06-20,32,歯口外,1
2600406,0,2024,2024-08-07,32,歯口外,1
2600406,0,2024,2024-08-16,32,歯口外,1
2600406,0,2024,2024-10-11,32,歯口外,1
2600414,0,2024,2024-05-31,32,歯口外,1
2600414,0,2024,2024-06-04,32,歯口外,1
2600640,0,2024,2025-03-12,16,乳甲外,2
2600640,0,2024,2025-01-15,21,皮膚科,1
2600640,0,2024,2025-02-13,21,皮膚科,1
2600657,0,2024,2024-08-08,15,心血外,1
2600657,0,2024,2024-10-11,50,消化内,1
2600723,0,2024,2024-05-21,19,形成外,1
2600723,0,2024,2024-08-13,19,形成外,1
2600723,0,2024,2025-02-13,19,形成外,1
2600723,0,2024,2024-05-18,21,皮膚科,1
2600723,0,2024,2024-05-07,26,眼科,2
2600723,0,2024,2024-05-10,26,眼科,1
2600723,0,2024,2024-05-14,26,眼科,1
2600723,0,2024,2024-05-16,26,眼科,2
2600723,0,2024,2024-05-17,26,眼科,1
2600723,0,2024,2024-05-23,26,眼科,3
2600723,0,2024,2024-05-30,26,眼科,1
2600723,0,2024,2024-05-31,26,眼科,1
2600723,0,2024,2024-06-11,26,眼科,1
2600723,0,2024,2024-06-13,26,眼科,2
2600723,0,2024,2024-06-27,26,眼科,2
2600723,0,2024,2024-07-01,26,眼科,1
2600723,0,2024,2024-07-03,26,眼科,1
2600723,0,2024,2024-07-04,26,眼科,1
2600723,0,2024,2024-07-08,26,眼科,2
2600723,0,2024,2024-07-12,26,眼科,1
2600723,0,2024,2024-07-17,26,眼科,1
2600723,0,2024,2024-07-18,26,眼科,1
2600723,0,2024,2024-07-19,26,眼科,2
2600723,0,2024,2024-07-23,26,眼科,2
2600723,0,2024,2024-07-25,26,眼科,1
2600723,0,2024,2024-07-30,26,眼科,1
2600723,0,2024,2024-08-01,26,眼科,2
2600723,0,2024,2024-08-16,26,眼科,1
2600723,0,2024,2024-08-20,26,眼科,2
2600723,0,2024,2024-08-23,26,眼科,1
2600723,0,2024,2024-08-27,26,眼科,1
2600723,0,2024,2024-10-02,26,眼科,2
2600723,0,2024,2024-10-07,26,眼科,1
2600723,0,2024,2024-10-08,26,眼科,1
2600723,0,2024,2024-10-11,26,眼科,1
2600723,0,2024,2024-10-22,26,眼科,3
2600723,0,2024,2024-10-23,26,眼科,1
2600723,0,2024,2024-10-24,26,眼科,1
2600723,0,2024,2024-10-25,26,眼科,1
2600723,0,2024,2024-10-31,26,眼科,2
2600723,0,2024,2024-11-01,26,眼科,1
2600723,0,2024,2024-11-07,26,眼科,2
2600723,0,2024,2024-11-12,26,眼科,1
2600723,0,2024,2024-11-21,26,眼科,1
2600723,0,2024,2024-11-22,26,眼科,1
2600723,0,2024,2024-12-12,26,眼科,3
2600723,0,2024,2024-12-13,26,眼科,1
2600723,0,2024,2024-12-17,26,眼科,1
2600723,0,2024,2024-12-25,26,眼科,1
2600723,0,2024,2024-12-26,26,眼科,1
2600723,0,2024,2024-12-27,26,眼科,1
2600723,0,2024,2025-01-08,26,眼科,1
2600723,0,2024,2025-01-09,26,眼科,1
2600723,0,2024,2025-01-10,26,眼科,1
2600723,0,2024,2025-01-16,26,眼科,2
2600723,0,2024,2025-01-23,26,眼科,1
2600723,0,2024,2025-01-24,26,眼科,1
2600723,0,2024,2025-01-28,26,眼科,1
2600723,0,2024,2025-01-31,26,眼科,1
2600723,0,2024,2025-02-04,26,眼科,2
2600723,0,2024,2025-02-07,26,眼科,2
2600723,0,2024,2025-02-13,26,眼科,2
2600723,0,2024,2025-02-17,26,眼科,1
2600723,0,2024,2025-03-05,26,眼科,1
2600723,0,2024,2025-03-06,26,眼科,1
2600723,0,2024,2025-03-10,26,眼科,1
2600723,0,2024,2025-03-12,26,眼科,1
2600723,0,2024,2025-03-13,26,眼科,1
2600723,0,2024,2025-03-14,26,眼科,2
2600723,0,2024,2025-03-19,26,眼科,1
2600723,0,2024,2025-03-24,26,眼科,1
2600723,0,2024,2025-03-26,26,眼科,1
2600723,0,2024,2025-03-27,26,眼科,1
2600723,0,2024,2025-03-28,26,眼科,1
2600723,0,2024,2024-08-14,2,脳神内,1
2600723,0,2024,2025-02-17,2,脳神内,1
2600723,0,2024,2024-11-01,20,脳神外,1
2600723,0,2024,2025-01-31,20,脳神外,1
2610017,0,2024,2024-06-07,32,歯口外,1
2610017,0,2024,2024-08-07,32,歯口外,1
2610025,0,2024,2024-08-02,15,心血外,1
2610025,0,2024,2024-08-23,18,整形外,1
2610025,0,2024,2024-07-03,32,歯口外,1
2610025,0,2024,2024-10-25,32,歯口外,1
2610025,0,2024,2025-01-29,32,歯口外,1
2610025,0,2024,2025-02-14,32,歯口外,1
2610025,0,2024,2025-01-20,50,消化内,1
2610025,0,2024,2024-08-22,14,消化外,1
2610025,0,2024,2024-12-16,6,糖尿内,1
2610025,0,2024,2025-01-24,6,糖尿内,1
2610025,0,2024,2024-12-16,20,脳神外,1
2610033,0,2024,2025-01-14,32,歯口外,1
2610102,0,2024,2025-01-15,48,リウ膠,1
2610102,0,2024,2024-11-01,16,乳甲外,1
2610102,0,2024,2024-06-27,5,呼吸内,1
2610102,0,2024,2024-12-18,5,呼吸内,1
2610102,0,2024,2024-06-22,10,小児科,1
2610102,0,2024,2024-05-01,19,形成外,1
2610102,0,2024,2024-05-17,7,循環内,1
2610102,0,2024,2025-01-22,7,循環内,1
2610102,0,2024,2025-03-10,7,循環内,1
2610102,0,2024,2024-06-25,28,放診断,1
2610102,0,2024,2024-08-19,28,放診断,1
2610102,0,2024,2025-01-28,28,放診断,1
2610102,0,2024,2025-02-07,28,放診断,1
2610102,0,2024,2024-07-21,34,救急科,1
2610102,0,2024,2024-11-29,34,救急科,1
2610102,0,2024,2024-06-04,18,整形外,1
2610102,0,2024,2024-07-04,18,整形外,1
2610102,0,2024,2024-08-17,50,消化内,1
2610102,0,2024,2024-05-07,14,消化外,1
2610102,0,2024,2024-08-22,14,消化外,1
2610102,0,2024,2025-02-17,2,脳神内,1
2610128,0,2024,2024-07-25,48,リウ膠,1
2610128,0,2024,2024-10-29,48,リウ膠,1
2610128,0,2024,2024-07-10,16,乳甲外,1
2610128,0,2024,2024-07-19,16,乳甲外,1
2610128,0,2024,2024-06-03,10,小児科,1
2610128,0,2024,2024-06-12,10,小児科,1
2610128,0,2024,2024-06-14,10,小児科,1
2610128,0,2024,2024-06-27,10,小児科,1
2610128,0,2024,2024-10-03,10,小児科,1
2610128,0,2024,2024-10-20,10,小児科,1
2610128,0,2024,2024-12-29,10,小児科,1
2610128,0,2024,2025-03-02,10,小児科,1
2610128,0,2024,2025-01-20,19,形成外,2
2610128,0,2024,2024-05-01,7,循環内,1
2610128,0,2024,2024-05-17,7,循環内,1
2610128,0,2024,2024-06-07,7,循環内,1
2610128,0,2024,2024-07-03,7,循環内,1
2610128,0,2024,2024-10-21,7,循環内,1
2610128,0,2024,2024-12-06,7,循環内,1
2610128,0,2024,2024-12-29,7,循環内,1
2610128,0,2024,2025-02-03,7,循環内,1
2610128,0,2024,2025-03-05,7,循環内,1
2610128,0,2024,2025-03-31,7,循環内,1
2610128,0,2024,2024-06-05,12,心療科,1
2610128,0,2024,2025-03-19,12,心療科,1
2610128,0,2024,2024-11-20,15,心血外,1
2610128,0,2024,2024-11-17,34,救急科,1
2610128,0,2024,2024-12-16,34,救急科,1
2610128,0,2024,2024-06-10,18,整形外,1
2610128,0,2024,2024-10-29,18,整形外,1
2610128,0,2024,2024-12-04,18,整形外,1
2610128,0,2024,2024-12-11,18,整形外,1
2610128,0,2024,2025-02-26,18,整形外,1
2610128,0,2024,2024-11-20,22,泌尿器,1
2610128,0,2024,2024-08-01,50,消化内,1
2610128,0,2024,2025-02-07,50,消化内,1
2610128,0,2024,2024-06-10,14,消化外,1
2610128,0,2024,2025-03-24,14,消化外,1
2610128,0,2024,2024-06-27,43,産婦人,1
2610128,0,2024,2024-10-08,43,産婦人,1
2610128,0,2024,2024-05-23,21,皮膚科,1
2610128,0,2024,2024-05-22,36,総合診,1
2610128,0,2024,2025-01-17,36,総合診,1
2610128,0,2024,2024-12-06,25,耳鼻科,1
2610128,0,2024,2024-12-11,25,耳鼻科,1
2610128,0,2024,2024-12-23,25,耳鼻科,1
2610128,0,2024,2025-02-19,25,耳鼻科,1
2610128,0,2024,2024-06-17,9,脳卒中,1
2610128,0,2024,2024-08-05,9,脳卒中,2
2610128,0,2024,2024-10-12,9,脳卒中,1
2610128,0,2024,2025-01-20,9,脳卒中,1
2610128,0,2024,2024-12-21,2,脳神内,1
2610128,0,2024,2025-02-07,2,脳神内,1
2610128,0,2024,2025-03-12,2,脳神内,1
2610128,0,2024,2024-12-23,8,腎臓内,1
2610128,0,2024,2025-01-17,8,腎臓内,1
2610136,0,2024,2024-07-19,32,歯口外,1
2610136,0,2024,2025-01-24,2,脳神内,1
2610144,0,2024,2024-06-19,16,乳甲外,1
2610144,0,2024,2024-07-08,16,乳甲外,1
2610144,0,2024,2024-07-10,5,呼吸内,1
2610144,0,2024,2024-06-18,13,呼吸外,1
2610144,0,2024,2024-08-01,19,形成外,1
2610144,0,2024,2024-08-08,19,形成外,1
2610144,0,2024,2024-08-29,19,形成外,1
2610144,0,2024,2024-05-30,7,循環内,1
2610144,0,2024,2024-06-24,7,循環内,1
2610144,0,2024,2024-07-22,7,循環内,1
2610144,0,2024,2024-07-25,7,循環内,1
2610144,0,2024,2024-12-02,7,循環内,1
2610144,0,2024,2024-12-17,7,循環内,1
2610144,0,2024,2024-12-24,7,循環内,1
2610144,0,2024,2024-12-25,7,循環内,1
2610144,0,2024,2025-01-20,7,循環内,1
2610144,0,2024,2024-11-01,15,心血外,1
2610144,0,2024,2024-06-05,34,救急科,1
2610144,0,2024,2025-02-24,34,救急科,1
2610144,0,2024,2025-02-25,34,救急科,1
2610144,0,2024,2025-03-13,34,救急科,1
2610144,0,2024,2024-05-08,18,整形外,1
2610144,0,2024,2024-08-07,18,整形外,1
2610144,0,2024,2024-10-02,18,整形外,1
2610144,0,2024,2024-11-21,18,整形外,1
2610144,0,2024,2025-03-01,18,整形外,1
2610144,0,2024,2025-03-24,18,整形外,1
2610144,0,2024,2024-08-30,32,歯口外,1
2610144,0,2024,2024-11-29,32,歯口外,1
2610144,0,2024,2024-05-09,22,泌尿器,1
2610144,0,2024,2024-08-20,22,泌尿器,1
2610144,0,2024,2024-08-27,22,泌尿器,1
2610144,0,2024,2024-11-19,22,泌尿器,1
2610144,0,2024,2024-12-19,22,泌尿器,1
2610144,0,2024,2025-01-06,22,泌尿器,1
2610144,0,2024,2025-02-26,22,泌尿器,1
2610144,0,2024,2024-06-22,50,消化内,1
2610144,0,2024,2024-06-28,50,消化内,1
2610144,0,2024,2024-07-03,50,消化内,1
2610144,0,2024,2024-07-27,50,消化内,1
2610144,0,2024,2024-08-08,50,消化内,1
2610144,0,2024,2024-08-16,50,消化内,1
2610144,0,2024,2024-10-04,50,消化内,1
2610144,0,2024,2024-11-11,50,消化内,1
2610144,0,2024,2025-01-10,50,消化内,1
2610144,0,2024,2025-01-11,50,消化内,1
2610144,0,2024,2024-07-05,14,消化外,1
2610144,0,2024,2024-10-29,43,産婦人,1
2610144,0,2024,2025-01-20,43,産婦人,1
2610144,0,2024,2024-06-04,26,眼科,1
2610144,0,2024,2024-08-29,26,眼科,1
2610144,0,2024,2024-06-11,36,総合診,1
2610144,0,2024,2024-11-14,36,総合診,1
2610144,0,2024,2024-12-10,36,総合診,1
2610144,0,2024,2025-02-10,36,総合診,1
2610144,0,2024,2024-11-01,25,耳鼻科,1
2610144,0,2024,2024-12-07,9,脳卒中,1
2610144,0,2024,2024-05-25,2,脳神内,1
2610144,0,2024,2024-06-06,2,脳神内,1
2610144,0,2024,2024-06-27,2,脳神内,1
2610144,0,2024,2024-07-18,2,脳神内,1
2610144,0,2024,2024-10-28,2,脳神内,1
2610144,0,2024,2024-10-30,2,脳神内,1
2610144,0,2024,2024-11-22,2,脳神内,1
2610144,0,2024,2025-01-29,2,脳神内,1
2610144,0,2024,2025-02-03,2,脳神内,1
2610144,0,2024,2024-08-01,20,脳神外,2
2610144,0,2024,2024-10-11,20,脳神外,1
2610144,0,2024,2025-01-27,20,脳神外,1
2610144,0,2024,2024-07-24,1,血液内,1
2610144,0,2024,2024-08-19,37,麻酔科,1
2610169,0,2024,2024-06-26,19,形成外,1
2610169,0,2024,2024-11-19,19,形成外,1
2610169,0,2024,2024-08-30,12,心療科,1
2610169,0,2024,2024-06-21,15,心血外,1
2610169,0,2024,2024-05-20,34,救急科,1
2610169,0,2024,2024-10-25,34,救急科,1
2610169,0,2024,2025-03-13,34,救急科,1
2610169,0,2024,2024-05-13,21,皮膚科,1
2610169,0,2024,2024-05-17,21,皮膚科,1
2610169,0,2024,2024-05-22,21,皮膚科,1
2610169,0,2024,2024-05-24,21,皮膚科,1
2610169,0,2024,2024-05-29,21,皮膚科,1
2610169,0,2024,2024-06-11,21,皮膚科,1
2610169,0,2024,2024-06-13,21,皮膚科,1
2610169,0,2024,2024-06-18,21,皮膚科,1
2610169,0,2024,2024-06-21,21,皮膚科,1
2610169,0,2024,2024-06-25,21,皮膚科,1
2610169,0,2024,2024-07-09,21,皮膚科,2
2610169,0,2024,2024-07-16,21,皮膚科,1
2610169,0,2024,2024-07-22,21,皮膚科,1
2610169,0,2024,2024-08-02,21,皮膚科,1
2610169,0,2024,2024-08-16,21,皮膚科,1
2610169,0,2024,2024-08-23,21,皮膚科,1
2610169,0,2024,2024-08-26,21,皮膚科,2
2610169,0,2024,2024-10-08,21,皮膚科,2
2610169,0,2024,2024-10-11,21,皮膚科,2
2610169,0,2024,2024-10-17,21,皮膚科,1
2610169,0,2024,2024-10-31,21,皮膚科,1
2610169,0,2024,2024-11-06,21,皮膚科,1
2610169,0,2024,2024-11-11,21,皮膚科,2
2610169,0,2024,2024-11-20,21,皮膚科,1
2610169,0,2024,2024-11-26,21,皮膚科,1
2610169,0,2024,2024-12-03,21,皮膚科,1
2610169,0,2024,2024-12-27,21,皮膚科,1
2610169,0,2024,2025-01-22,21,皮膚科,1
2610169,0,2024,2025-01-28,21,皮膚科,1
2610169,0,2024,2025-02-20,21,皮膚科,1
2610169,0,2024,2025-02-28,21,皮膚科,1
2610169,0,2024,2025-03-07,21,皮膚科,1
2610169,0,2024,2024-05-13,25,耳鼻科,1
2610169,0,2024,2024-05-22,25,耳鼻科,1
2610169,0,2024,2024-06-03,25,耳鼻科,1
2610169,0,2024,2024-06-12,25,耳鼻科,2
2610169,0,2024,2024-06-14,25,耳鼻科,1
2610169,0,2024,2024-06-17,25,耳鼻科,1
2610169,0,2024,2024-06-19,25,耳鼻科,2
2610169,0,2024,2024-06-21,25,耳鼻科,1
2610169,0,2024,2024-06-26,25,耳鼻科,1
2610169,0,2024,2024-07-01,25,耳鼻科,1
2610169,0,2024,2024-07-03,25,耳鼻科,1
2610169,0,2024,2024-07-08,25,耳鼻科,1
2610169,0,2024,2024-07-17,25,耳鼻科,1
2610169,0,2024,2024-07-20,25,耳鼻科,1
2610169,0,2024,2024-07-22,25,耳鼻科,2
2610169,0,2024,2024-07-31,25,耳鼻科,1
2610169,0,2024,2024-08-01,25,耳鼻科,1
2610169,0,2024,2024-08-02,25,耳鼻科,1
2610169,0,2024,2024-08-05,25,耳鼻科,1
2610169,0,2024,2024-08-07,25,耳鼻科,2
2610169,0,2024,2024-08-09,25,耳鼻科,2
2610169,0,2024,2024-08-14,25,耳鼻科,1
2610169,0,2024,2024-08-16,25,耳鼻科,1
2610169,0,2024,2024-08-26,25,耳鼻科,2
2610169,0,2024,2024-08-28,25,耳鼻科,1
2610169,0,2024,2024-08-30,25,耳鼻科,1
2610169,0,2024,2024-10-11,25,耳鼻科,2
2610169,0,2024,2024-10-21,25,耳鼻科,1
2610169,0,2024,2024-10-23,25,耳鼻科,1
2610169,0,2024,2024-11-06,25,耳鼻科,2
2610169,0,2024,2024-11-08,25,耳鼻科,1
2610169,0,2024,2024-11-18,25,耳鼻科,1
2610169,0,2024,2024-11-21,25,耳鼻科,1
2610169,0,2024,2024-11-29,25,耳鼻科,2
2610169,0,2024,2024-12-04,25,耳鼻科,1
2610169,0,2024,2024-12-09,25,耳鼻科,1
2610169,0,2024,2024-12-13,25,耳鼻科,1
2610169,0,2024,2024-12-23,25,耳鼻科,1
2610169,0,2024,2025-01-10,25,耳鼻科,1
2610169,0,2024,2025-01-15,25,耳鼻科,1
2610169,0,2024,2025-01-20,25,耳鼻科,1
2610169,0,2024,2025-01-22,25,耳鼻科,2
2610169,0,2024,2025-01-27,25,耳鼻科,1
2610169,0,2024,2025-02-08,25,耳鼻科,1
2610169,0,2024,2025-02-12,25,耳鼻科,1
2610169,0,2024,2025-02-26,25,耳鼻科,2
2610169,0,2024,2025-03-03,25,耳鼻科,2
2610169,0,2024,2025-03-04,25,耳鼻科,1
2610169,0,2024,2025-03-05,25,耳鼻科,1
2610169,0,2024,2025-03-17,25,耳鼻科,2
2610169,0,2024,2025-03-19,25,耳鼻科,1
2610169,0,2024,2025-03-31,25,耳鼻科,2
2610169,0,2024,2024-11-01,2,脳神内,1
2610169,0,2024,2025-02-13,2,脳神内,1
2610169,0,2024,2024-10-11,20,脳神外,1
2610177,0,2024,2024-07-10,48,リウ膠,1
2610177,0,2024,2024-07-16,48,リウ膠,1
2610177,0,2024,2024-10-01,48,リウ膠,1
2610177,0,2024,2024-10-23,48,リウ膠,1
2610177,0,2024,2024-12-24,48,リウ膠,1
2610177,0,2024,2024-08-02,31,リハ,1
2610177,0,2024,2024-08-19,19,形成外,1
2610177,0,2024,2024-07-22,7,循環内,1
2610177,0,2024,2024-05-01,18,整形外,1
2610177,0,2024,2024-05-13,18,整形外,1
2610177,0,2024,2024-06-12,18,整形外,1
2610177,0,2024,2024-06-24,18,整形外,1
2610177,0,2024,2024-06-25,18,整形外,1
2610177,0,2024,2024-06-26,18,整形外,1
2610177,0,2024,2024-07-09,18,整形外,1
2610177,0,2024,2024-07-11,18,整形外,1
2610177,0,2024,2024-08-13,18,整形外,1
2610177,0,2024,2024-08-21,18,整形外,1
2610177,0,2024,2024-10-01,18,整形外,1
2610177,0,2024,2024-10-03,18,整形外,1
2610177,0,2024,2024-10-18,18,整形外,1
2610177,0,2024,2024-10-28,18,整形外,1
2610177,0,2024,2024-10-30,18,整形外,1
2610177,0,2024,2024-11-06,18,整形外,2
2610177,0,2024,2024-11-15,18,整形外,1
2610177,0,2024,2024-11-22,18,整形外,1
2610177,0,2024,2024-11-25,18,整形外,1
2610177,0,2024,2024-11-28,18,整形外,1
2610177,0,2024,2024-12-04,18,整形外,1
2610177,0,2024,2024-12-10,18,整形外,2
2610177,0,2024,2024-12-19,18,整形外,1
2610177,0,2024,2024-12-25,18,整形外,1
2610177,0,2024,2025-01-21,18,整形外,2
2610177,0,2024,2025-01-24,18,整形外,2
2610177,0,2024,2025-01-29,18,整形外,1
2610177,0,2024,2025-02-05,18,整形外,1
2610177,0,2024,2025-02-19,18,整形外,1
2610177,0,2024,2025-02-25,18,整形外,1
2610177,0,2024,2025-03-04,18,整形外,1
2610177,0,2024,2025-03-06,18,整形外,1
2610177,0,2024,2025-03-07,18,整形外,2
2610177,0,2024,2025-03-14,18,整形外,1
2610177,0,2024,2025-03-18,18,整形外,2
2610177,0,2024,2025-03-19,18,整形外,1
2610177,0,2024,2025-03-21,18,整形外,1
2610177,0,2024,2024-05-02,22,泌尿器,1
2610177,0,2024,2025-03-18,43,産婦人,1
2610177,0,2024,2024-08-19,21,皮膚科,1
2610177,0,2024,2024-11-29,36,総合診,1
2610177,0,2024,2024-07-11,2,脳神内,1
2610177,0,2024,2024-07-25,2,脳神内,1
2610177,0,2024,2024-08-28,2,脳神内,1
2610177,0,2024,2025-01-21,2,脳神内,1
2610185,0,2024,2025-02-03,7,循環内,1
2610185,0,2024,2024-12-06,15,心血外,1
2700404,0,2024,2024-12-27,32,歯口外,1
2700412,0,2024,2024-05-10,34,救急科,1
2700495,0,2024,2024-05-29,32,歯口外,1
2700495,0,2024,2024-06-17,32,歯口外,1
2700495,0,2024,2024-12-16,32,歯口外,1
2700495,0,2024,2025-02-03,32,歯口外,1
2700495,0,2024,2024-05-14,21,皮膚科,1
2700495,0,2024,2024-08-19,25,耳鼻科,1
2700511,0,2024,2024-05-11,32,歯口外,1
2700511,0,2024,2025-01-08,32,歯口外,1
2700511,0,2024,2025-03-21,32,歯口外,1
2700511,0,2024,2025-03-28,32,歯口外,1
2700537,0,2024,2024-05-15,32,歯口外,1
2700537,0,2024,2024-07-17,32,歯口外,1
2700537,0,2024,2024-10-23,32,歯口外,1
2700537,0,2024,2024-10-25,32,歯口外,1
2700537,0,2024,2024-12-25,32,歯口外,1
2700552,0,2024,2024-05-14,32,歯口外,1
2700578,0,2024,2024-12-09,32,歯口外,1
2700594,0,2024,2024-07-02,32,歯口外,1
2700594,0,2024,2024-10-02,32,歯口外,1
2700594,0,2024,2024-11-27,32,歯口外,1
2700663,0,2024,2024-10-17,16,乳甲外,1
2700663,0,2024,2024-08-30,7,循環内,1
2700770,0,2024,2025-03-19,5,呼吸内,1
2700770,0,2024,2024-05-06,34,救急科,1
2700770,0,2024,2024-12-12,50,消化内,1
2700770,0,2024,2025-02-26,25,耳鼻科,1
2710018,0,2024,2024-12-20,15,心血外,1
2710018,0,2024,2024-12-25,15,心血外,1
2710019,0,2024,2024-11-08,48,リウ膠,1
2710019,0,2024,2025-02-18,48,リウ膠,1
2710019,0,2024,2025-03-27,48,リウ膠,1
2710019,0,2024,2024-05-01,16,乳甲外,1
2710019,0,2024,2024-07-03,16,乳甲外,1
2710019,0,2024,2024-07-05,16,乳甲外,1
2710019,0,2024,2024-07-11,16,乳甲外,1
2710019,0,2024,2024-07-17,16,乳甲外,1
2710019,0,2024,2024-07-19,16,乳甲外,1
2710019,0,2024,2024-08-23,16,乳甲外,1
2710019,0,2024,2024-10-11,16,乳甲外,1
2710019,0,2024,2024-11-06,16,乳甲外,1
2710019,0,2024,2024-11-12,16,乳甲外,1
2710019,0,2024,2024-11-22,16,乳甲外,1
2710019,0,2024,2024-12-06,16,乳甲外,1
2710019,0,2024,2024-12-25,16,乳甲外,1
2710019,0,2024,2025-01-07,16,乳甲外,1
2710019,0,2024,2025-01-22,16,乳甲外,1
2710019,0,2024,2025-02-12,16,乳甲外,1
2710019,0,2024,2025-02-28,16,乳甲外,1
2710019,0,2024,2025-03-05,16,乳甲外,1
2710019,0,2024,2025-03-12,16,乳甲外,1
2710019,0,2024,2025-03-19,16,乳甲外,1
2710019,0,2024,2024-07-01,5,呼吸内,1
2710019,0,2024,2024-10-02,5,呼吸内,1
2710019,0,2024,2024-06-05,13,呼吸外,1
2710019,0,2024,2024-08-21,13,呼吸外,1
2710019,0,2024,2024-12-05,13,呼吸外,1
2710019,0,2024,2024-12-27,13,呼吸外,1
2710019,0,2024,2025-03-08,19,形成外,1
2710019,0,2024,2024-06-26,7,循環内,1
2710019,0,2024,2024-07-01,7,循環内,1
2710019,0,2024,2024-10-30,7,循環内,1
2710019,0,2024,2024-11-14,7,循環内,1
2710019,0,2024,2025-01-06,7,循環内,1
2710019,0,2024,2024-07-12,15,心血外,1
2710019,0,2024,2025-02-21,15,心血外,1
2710019,0,2024,2024-08-04,34,救急科,1
2710019,0,2024,2024-11-04,34,救急科,1
2710019,0,2024,2024-08-28,18,整形外,1
2710019,0,2024,2024-11-06,18,整形外,1
2710019,0,2024,2024-12-11,18,整形外,1
2710019,0,2024,2025-02-03,18,整形外,1
2710019,0,2024,2025-02-06,18,整形外,1
2710019,0,2024,2025-03-04,18,整形外,1
2710019,0,2024,2025-03-05,18,整形外,1
2710019,0,2024,2024-07-26,32,歯口外,1
2710019,0,2024,2025-02-03,32,歯口外,1
2710019,0,2024,2024-05-07,50,消化内,1
2710019,0,2024,2024-05-10,50,消化内,1
2710019,0,2024,2024-05-13,50,消化内,1
2710019,0,2024,2024-05-23,50,消化内,1
2710019,0,2024,2024-05-27,50,消化内,1
2710019,0,2024,2024-07-11,50,消化内,1
2710019,0,2024,2024-07-25,50,消化内,1
2710019,0,2024,2024-07-29,50,消化内,1
2710019,0,2024,2024-08-05,50,消化内,1
2710019,0,2024,2024-08-06,50,消化内,1
2710019,0,2024,2024-08-09,50,消化内,1
2710019,0,2024,2024-08-13,50,消化内,1
2710019,0,2024,2024-08-16,50,消化内,1
2710019,0,2024,2024-08-21,50,消化内,1
2710019,0,2024,2024-08-22,50,消化内,1
2710019,0,2024,2024-10-28,50,消化内,1
2710019,0,2024,2024-11-05,50,消化内,1
2710019,0,2024,2024-11-14,50,消化内,1
2710019,0,2024,2024-11-18,50,消化内,1
2710019,0,2024,2024-11-24,50,消化内,1
2710019,0,2024,2024-12-05,50,消化内,1
2710019,0,2024,2024-12-09,50,消化内,1
2710019,0,2024,2024-12-12,50,消化内,1
2710019,0,2024,2024-12-17,50,消化内,1
2710019,0,2024,2024-12-24,50,消化内,1
2710019,0,2024,2025-01-14,50,消化内,1
2710019,0,2024,2025-01-15,50,消化内,1
2710019,0,2024,2025-02-03,50,消化内,1
2710019,0,2024,2025-02-10,50,消化内,1
2710019,0,2024,2025-02-26,50,消化内,1
2710019,0,2024,2024-10-28,14,消化外,1
2710019,0,2024,2024-11-26,14,消化外,1
2710019,0,2024,2025-03-11,14,消化外,1
2710019,0,2024,2025-03-23,14,消化外,1
2710019,0,2024,2025-01-10,43,産婦人,1
2710019,0,2024,2024-05-07,21,皮膚科,1
2710019,0,2024,2024-05-31,21,皮膚科,1
2710019,0,2024,2024-06-06,21,皮膚科,1
2710019,0,2024,2024-06-10,21,皮膚科,1
2710019,0,2024,2024-07-04,21,皮膚科,1
2710019,0,2024,2024-07-08,21,皮膚科,2
2710019,0,2024,2024-07-22,21,皮膚科,1
2710019,0,2024,2024-08-19,21,皮膚科,1
2710019,0,2024,2024-10-01,21,皮膚科,1
2710019,0,2024,2024-10-16,21,皮膚科,1
2710019,0,2024,2024-10-18,21,皮膚科,1
2710019,0,2024,2024-10-21,21,皮膚科,1
2710019,0,2024,2024-11-20,21,皮膚科,1
2710019,0,2024,2024-11-26,21,皮膚科,1
2710019,0,2024,2024-12-09,21,皮膚科,1
2710019,0,2024,2024-12-10,21,皮膚科,1
2710019,0,2024,2024-12-19,21,皮膚科,1
2710019,0,2024,2025-01-10,21,皮膚科,1
2710019,0,2024,2025-01-14,21,皮膚科,1
2710019,0,2024,2025-01-15,21,皮膚科,1
2710019,0,2024,2025-01-31,21,皮膚科,1
2710019,0,2024,2025-02-03,21,皮膚科,1
2710019,0,2024,2025-02-04,21,皮膚科,1
2710019,0,2024,2025-02-12,21,皮膚科,1
2710019,0,2024,2025-02-14,21,皮膚科,1
2710019,0,2024,2025-03-03,21,皮膚科,1
2710019,0,2024,2025-03-07,21,皮膚科,1
2710019,0,2024,2025-03-25,21,皮膚科,1
2710019,0,2024,2025-03-28,21,皮膚科,1
2710019,0,2024,2024-06-05,6,糖尿内,1
2710019,0,2024,2024-06-14,36,総合診,1
2710019,0,2024,2024-05-10,25,耳鼻科,1
2710019,0,2024,2024-06-05,25,耳鼻科,1
2710019,0,2024,2025-01-17,25,耳鼻科,1
2710019,0,2024,2024-05-11,9,脳卒中,1
2710019,0,2024,2024-07-03,9,脳卒中,1
2710019,0,2024,2024-07-10,9,脳卒中,1
2710019,0,2024,2025-02-12,9,脳卒中,1
2710019,0,2024,2025-01-16,2,脳神内,1
2710019,0,2024,2024-08-16,20,脳神外,1
2710019,0,2024,2025-03-22,20,脳神外,1
2710019,0,2024,2024-05-10,8,腎臓内,1
2710019,0,2024,2024-05-24,8,腎臓内,1
2710019,0,2024,2024-06-12,8,腎臓内,1
2710019,0,2024,2024-06-21,8,腎臓内,1
2710019,0,2024,2024-07-19,8,腎臓内,1
2710019,0,2024,2024-07-26,8,腎臓内,1
2710019,0,2024,2024-08-07,8,腎臓内,1
2710019,0,2024,2024-08-09,8,腎臓内,1
2710019,0,2024,2024-10-11,8,腎臓内,2
2710019,0,2024,2024-10-24,8,腎臓内,1
2710019,0,2024,2024-11-01,8,腎臓内,1
2710019,0,2024,2025-01-10,8,腎臓内,1
2710019,0,2024,2025-01-31,8,腎臓内,1
2710019,0,2024,2025-02-14,8,腎臓内,1
2710019,0,2024,2025-02-21,8,腎臓内,1
2710019,0,2024,2025-02-28,8,腎臓内,1
2710019,0,2024,2025-03-22,8,腎臓内,1
2710019,0,2024,2024-05-27,27,臨腫瘍,1
2710019,0,2024,2024-06-25,27,臨腫瘍,1
2710019,0,2024,2024-10-17,27,臨腫瘍,1
2710019,0,2024,2024-12-17,27,臨腫瘍,1
2710019,0,2024,2024-10-04,1,血液内,1
2710019,0,2024,2025-02-28,1,血液内,1
2710019,0,2024,2025-03-06,1,血液内,1
2710035,0,2024,2024-07-17,31,リハ,1
2710035,0,2024,2025-01-22,28,放診断,1
2710035,0,2024,2025-02-19,28,放診断,1
2710035,0,2024,2025-03-28,18,整形外,1
2710035,0,2024,2024-06-25,50,消化内,1
2710035,0,2024,2025-02-12,50,消化内,1
2710035,0,2024,2024-06-04,14,消化外,1
2710035,0,2024,2025-02-27,21,皮膚科,1
2710035,0,2024,2024-12-09,36,総合診,1
2710035,0,2024,2024-07-08,2,脳神内,1
2710035,0,2024,2024-10-02,2,脳神内,1
2710035,0,2024,2025-01-06,2,脳神内,1
2710035,0,2024,2024-06-21,8,腎臓内,1
2710050,0,2024,2024-07-05,16,乳甲外,1
2710050,0,2024,2024-05-07,5,呼吸内,1
2710050,0,2024,2024-05-14,5,呼吸内,1
2710050,0,2024,2024-05-17,5,呼吸内,1
2710050,0,2024,2024-10-22,50,消化内,1
2710050,0,2024,2024-11-12,50,消化内,1
2710050,0,2024,2024-05-14,6,糖尿内,1
2710068,0,2024,2024-06-18,26,眼科,1
2710068,0,2024,2024-07-03,26,眼科,1
2710068,0,2024,2024-11-13,26,眼科,1
2710068,0,2024,2024-11-27,26,眼科,1
2710068,0,2024,2025-01-16,26,眼科,1
2710068,0,2024,2025-01-20,26,眼科,1
2710068,0,2024,2025-01-22,26,眼科,1
2710068,0,2024,2025-02-05,26,眼科,1
2710068,0,2024,2025-02-19,26,眼科,1
2710068,0,2024,2025-03-03,26,眼科,1
2710068,0,2024,2024-08-07,2,脳神内,1
2710076,0,2024,2024-11-05,50,消化内,1
2710076,0,2024,2024-05-22,21,皮膚科,1
2710076,0,2024,2024-11-27,2,脳神内,1
2710076,0,2024,2025-02-18,20,脳神外,1
2710084,0,2024,2024-11-05,5,呼吸内,1
2710084,0,2024,2024-10-09,18,整形外,1
2710084,0,2024,2024-05-02,32,歯口外,1
2710084,0,2024,2024-07-17,6,糖尿内,1
2710084,0,2024,2024-08-28,25,耳鼻科,1
2710084,0,2024,2024-12-20,25,耳鼻科,1
2710084,0,2024,2024-12-06,2,脳神内,1
2710084,0,2024,2025-03-14,2,脳神内,1
2710100,0,2024,2024-06-27,48,リウ膠,1
2710100,0,2024,2024-07-09,19,形成外,1
2710100,0,2024,2024-12-05,7,循環内,1
2710100,0,2024,2024-12-18,7,循環内,1
2710100,0,2024,2024-08-24,50,消化内,1
2710100,0,2024,2025-01-10,50,消化内,1
2710100,0,2024,2025-02-22,50,消化内,1
2710100,0,2024,2025-03-07,50,消化内,1
2710100,0,2024,2024-08-20,6,糖尿内,1
2710100,0,2024,2024-06-20,2,脳神内,1
2710100,0,2024,2024-11-20,8,腎臓内,1
2710118,0,2024,2024-06-07,26,眼科,1
2710118,0,2024,2024-07-01,26,眼科,1
2710118,0,2024,2024-07-19,26,眼科,1
2710118,0,2024,2024-08-07,26,眼科,1
2710126,0,2024,2025-02-03,7,循環内,1
2710126,0,2024,2025-02-15,7,循環内,1
2710126,0,2024,2024-07-22,15,心血外,1
2710126,0,2024,2024-07-12,18,整形外,1
2710126,0,2024,2024-08-08,18,整形外,1
2710126,0,2024,2024-11-15,18,整形外,1
2710126,0,2024,2024-12-05,18,整形外,1
2710126,0,2024,2025-02-27,18,整形外,1
2710126,0,2024,2024-06-20,32,歯口外,1
2710126,0,2024,2024-08-02,50,消化内,1
2710126,0,2024,2025-01-27,50,消化内,1
2710126,0,2024,2025-01-29,50,消化内,1
2710126,0,2024,2024-10-31,14,消化外,1
2710126,0,2024,2024-05-21,43,産婦人,1
2710126,0,2024,2024-10-02,21,皮膚科,1
2710126,0,2024,2024-07-19,25,耳鼻科,1
2710126,0,2024,2024-06-12,8,腎臓内,1
2710126,0,2024,2024-05-09,1,血液内,1
2710126,0,2024,2024-11-15,1,血液内,1
2710134,0,2024,2025-02-28,31,リハ,1
2710134,0,2024,2024-05-28,16,乳甲外,1
2710134,0,2024,2024-06-02,16,乳甲外,1
2710134,0,2024,2024-06-07,5,呼吸内,1
2710134,0,2024,2024-08-06,5,呼吸内,2
2710134,0,2024,2024-06-03,7,循環内,1
2710134,0,2024,2024-07-09,7,循環内,1
2710134,0,2024,2024-07-23,7,循環内,1
2710134,0,2024,2024-11-05,7,循環内,1
2710134,0,2024,2024-12-09,7,循環内,1
2710134,0,2024,2025-01-20,7,循環内,1
2710134,0,2024,2025-01-23,7,循環内,1
2710134,0,2024,2025-02-07,7,循環内,1
2710134,0,2024,2025-03-25,7,循環内,1
2710134,0,2024,2024-05-24,15,心血外,1
2710134,0,2024,2024-07-10,15,心血外,1
2710134,0,2024,2024-08-30,15,心血外,1
2710134,0,2024,2024-10-21,15,心血外,1
2710134,0,2024,2024-12-09,15,心血外,1
2710134,0,2024,2025-01-31,15,心血外,1
2710134,0,2024,2025-03-21,15,心血外,1
2710134,0,2024,2024-05-16,18,整形外,1
2710134,0,2024,2024-06-10,18,整形外,1
2710134,0,2024,2024-07-04,18,整形外,1
2710134,0,2024,2024-07-08,18,整形外,1
2710134,0,2024,2024-08-05,18,整形外,1
2710134,0,2024,2024-08-22,18,整形外,1
2710134,0,2024,2024-11-05,18,整形外,1
2710134,0,2024,2024-12-10,18,整形外,1
2710134,0,2024,2024-07-31,22,泌尿器,1
2710134,0,2024,2024-11-07,22,泌尿器,1
2710134,0,2024,2024-05-01,50,消化内,1
2710134,0,2024,2024-05-29,50,消化内,1
2710134,0,2024,2024-06-26,50,消化内,1
2710134,0,2024,2024-10-29,50,消化内,1
2710134,0,2024,2025-03-27,50,消化内,1
2710134,0,2024,2024-06-06,14,消化外,1
2710134,0,2024,2024-07-30,14,消化外,1
2710134,0,2024,2025-03-26,14,消化外,1
2710134,0,2024,2024-06-04,21,皮膚科,1
2710134,0,2024,2024-11-12,21,皮膚科,1
2710134,0,2024,2025-02-28,21,皮膚科,1
2710134,0,2024,2025-03-04,21,皮膚科,1
2710134,0,2024,2025-02-26,6,糖尿内,1
2710134,0,2024,2024-07-12,25,耳鼻科,1
2710134,0,2024,2024-06-13,9,脳卒中,1
2710134,0,2024,2024-05-20,2,脳神内,1
2710159,0,2024,2024-07-08,10,小児科,1
2710159,0,2024,2024-06-06,7,循環内,1
2710167,0,2024,2024-07-02,5,呼吸内,1
2710167,0,2024,2024-05-22,18,整形外,1
2710167,0,2024,2024-10-02,6,糖尿内,1
2710167,0,2024,2025-01-04,25,耳鼻科,1
2710183,0,2024,2025-01-16,18,整形外,1
2710209,0,2024,2025-01-21,19,形成外,1
2710209,0,2024,2024-05-10,32,歯口外,1
2710209,0,2024,2024-05-24,32,歯口外,1
2710209,0,2024,2024-06-14,36,総合診,1
2710209,0,2024,2024-05-20,25,耳鼻科,2
2710209,0,2024,2024-05-22,25,耳鼻科,1
2710209,0,2024,2024-06-04,25,耳鼻科,1
2710209,0,2024,2024-07-03,25,耳鼻科,1
2710209,0,2024,2024-07-12,25,耳鼻科,1
2710209,0,2024,2024-07-24,25,耳鼻科,1
2710209,0,2024,2024-08-19,25,耳鼻科,1
2710209,0,2024,2024-08-28,25,耳鼻科,1
2710209,0,2024,2024-11-11,25,耳鼻科,1
2710209,0,2024,2024-11-29,25,耳鼻科,1
2710209,0,2024,2024-12-13,25,耳鼻科,1
2710209,0,2024,2025-01-08,25,耳鼻科,1
2710209,0,2024,2025-01-10,25,耳鼻科,1
2710209,0,2024,2025-01-20,25,耳鼻科,1
2710209,0,2024,2025-01-22,25,耳鼻科,1
2710209,0,2024,2025-02-14,25,耳鼻科,1
2710209,0,2024,2025-03-05,25,耳鼻科,2
2710209,0,2024,2025-03-26,25,耳鼻科,1
2710217,0,2024,2024-05-29,18,整形外,1
2710217,0,2024,2024-10-23,18,整形外,1
2710217,0,2024,2024-11-20,18,整形外,1
2710217,0,2024,2024-11-29,18,整形外,1
2710217,0,2024,2024-12-11,18,整形外,1
2710217,0,2024,2024-12-24,18,整形外,1
2710217,0,2024,2025-03-06,18,整形外,1
2710225,0,2024,2025-01-17,7,循環内,1
2710225,0,2024,2024-10-15,22,泌尿器,1
2710225,0,2024,2024-06-26,50,消化内,1
2710225,0,2024,2025-02-05,50,消化内,1
2710225,0,2024,2025-03-07,50,消化内,1
2710225,0,2024,2024-07-31,43,産婦人,1
2710225,0,2024,2025-01-31,25,耳鼻科,1
2710225,0,2024,2024-06-19,8,腎臓内,1
2710225,0,2024,2024-08-28,8,腎臓内,1
2710233,0,2024,2024-08-22,5,呼吸内,1
2710233,0,2024,2024-12-03,50,消化内,1
2710233,0,2024,2025-01-13,50,消化内,1
2710233,0,2024,2024-08-05,25,耳鼻科,1
2710233,0,2024,2025-01-29,25,耳鼻科,1
2710233,0,2024,2024-10-04,2,脳神内,1
2710241,0,2024,2024-10-25,25,耳鼻科,1
2800295,0,2024,2024-06-28,32,歯口外,1
2800295,0,2024,2024-08-14,32,歯口外,1
2800364,0,2024,2024-11-12,2,脳神内,1
2800372,0,2024,2024-06-25,7,循環内,1
2800372,0,2024,2025-01-08,25,耳鼻科,1
2800372,0,2024,2024-05-30,2,脳神内,1
2800372,0,2024,2024-05-01,1,血液内,1
2810058,0,2024,2024-10-18,48,リウ膠,1
2810058,0,2024,2025-03-19,19,形成外,1
2810058,0,2024,2024-08-13,18,整形外,1
2810058,0,2024,2024-07-17,22,泌尿器,1
2810058,0,2024,2024-05-14,50,消化内,1
2810058,0,2024,2024-05-05,14,消化外,1
2810058,0,2024,2025-03-11,43,産婦人,1
2810058,0,2024,2024-08-31,21,皮膚科,1
2810058,0,2024,2025-01-21,21,皮膚科,1
2810058,0,2024,2025-02-18,21,皮膚科,1
2810058,0,2024,2025-01-27,6,糖尿内,1
2810058,0,2024,2024-07-25,2,脳神内,1
2810058,0,2024,2025-01-27,20,脳神外,1
2810058,0,2024,2024-06-17,1,血液内,1
2810066,0,2024,2024-07-22,7,循環内,1
2810066,0,2024,2024-10-21,7,循環内,1
2810066,0,2024,2024-12-24,7,循環内,1
2810066,0,2024,2024-10-16,22,泌尿器,1
2810066,0,2024,2024-06-07,50,消化内,1
2810066,0,2024,2024-12-27,50,消化内,1
2810074,0,2024,2024-05-16,2,脳神内,1
2810082,0,2024,2025-02-07,48,リウ膠,1
2810082,0,2024,2024-11-22,16,乳甲外,1
2810082,0,2024,2025-02-07,16,乳甲外,1
2810082,0,2024,2024-05-20,34,救急科,1
2810090,0,2024,2024-11-19,48,リウ膠,1
2810090,0,2024,2025-02-19,48,リウ膠,1
2810090,0,2024,2025-02-18,5,呼吸内,1
2810090,0,2024,2025-01-27,10,小児科,1
2810090,0,2024,2025-03-25,10,小児科,1
2810090,0,2024,2024-11-12,19,形成外,1
2810090,0,2024,2025-02-19,19,形成外,1
2810090,0,2024,2024-10-07,7,循環内,1
2810090,0,2024,2024-10-08,7,循環内,1
2810090,0,2024,2025-01-31,18,整形外,1
2810090,0,2024,2025-03-24,18,整形外,1
2810090,0,2024,2024-07-01,32,歯口外,1
2810090,0,2024,2025-02-21,50,消化内,1
2810090,0,2024,2025-03-25,50,消化内,1
2810090,0,2024,2025-01-09,14,消化外,1
2810090,0,2024,2024-07-09,21,皮膚科,1
2810090,0,2024,2024-08-01,21,皮膚科,1
2810090,0,2024,2025-02-17,21,皮膚科,1
2810090,0,2024,2025-01-15,25,耳鼻科,1
2810090,0,2024,2024-11-20,8,腎臓内,1
2810090,0,2024,2024-12-17,8,腎臓内,1
2810108,0,2024,2024-05-20,12,心療科,1
2900149,0,2024,2024-07-25,19,形成外,1
2900149,0,2024,2025-01-16,7,循環内,1
2900149,0,2024,2024-12-10,8,腎臓内,1
2910015,0,2024,2024-08-08,7,循環内,1
3000283,0,2024,2024-05-20,32,歯口外,1
3000283,0,2024,2024-12-18,32,歯口外,1
3000493,0,2024,2024-06-25,36,総合診,1
3000493,0,2024,2024-05-13,25,耳鼻科,1
3000493,0,2024,2024-05-29,25,耳鼻科,1
3000493,0,2024,2024-10-21,25,耳鼻科,1
3010054,0,2024,2024-05-11,12,心療科,1
3010054,0,2024,2024-05-18,12,心療科,1
3010054,0,2024,2024-06-26,12,心療科,1
3010054,0,2024,2024-07-26,12,心療科,1
3010054,0,2024,2024-08-16,12,心療科,1
3010054,0,2024,2024-11-22,12,心療科,1
3010054,0,2024,2024-11-29,12,心療科,1
3010054,0,2024,2025-01-08,12,心療科,1
3010054,0,2024,2025-02-10,12,心療科,1
3010054,0,2024,2025-03-21,12,心療科,1
3010054,0,2024,2024-10-03,34,救急科,1
3010054,0,2024,2024-11-25,18,整形外,1
3010054,0,2024,2024-05-21,21,皮膚科,1
3010054,0,2024,2024-05-15,6,糖尿内,1
3010054,0,2024,2024-12-16,6,糖尿内,1
3010054,0,2024,2025-01-08,6,糖尿内,1
3010054,0,2024,2024-10-23,25,耳鼻科,1
3010054,0,2024,2024-06-03,2,脳神内,1
3010054,0,2024,2024-10-09,2,脳神内,1
3010088,0,2024,2024-06-26,50,消化内,1
3010088,0,2024,2024-12-13,50,消化内,1
3010088,0,2024,2024-05-02,14,消化外,1
3010088,0,2024,2025-03-12,26,眼科,1
3110078,0,2024,2024-11-22,7,循環内,1
3110078,0,2024,2024-05-11,34,救急科,1
3110078,0,2024,2025-01-18,34,救急科,1
3110078,0,2024,2025-02-15,34,救急科,1
3110078,0,2024,2024-05-09,18,整形外,1
3110078,0,2024,2024-07-10,50,消化内,1
3110078,0,2024,2025-03-14,50,消化内,1
3110078,0,2024,2025-03-27,50,消化内,1
3110078,0,2024,2024-08-19,21,皮膚科,1
3110078,0,2024,2024-08-23,21,皮膚科,1
3110078,0,2024,2024-05-16,2,脳神内,1
3110086,0,2024,2024-07-23,5,呼吸内,1
3110086,0,2024,2024-12-11,10,小児科,1
3110086,0,2024,2024-08-22,18,整形外,1
3110086,0,2024,2024-05-08,25,耳鼻科,1
3110086,0,2024,2024-05-20,25,耳鼻科,1
3110086,0,2024,2024-05-29,25,耳鼻科,1
3110086,0,2024,2024-06-05,25,耳鼻科,1
3110086,0,2024,2024-06-14,25,耳鼻科,1
3110086,0,2024,2024-08-05,25,耳鼻科,1
3110086,0,2024,2024-08-28,25,耳鼻科,1
3110086,0,2024,2024-12-07,25,耳鼻科,1
3110086,0,2024,2025-01-06,25,耳鼻科,1
3110086,0,2024,2025-03-26,25,耳鼻科,1
3110102,0,2024,2024-10-15,17,小児外,1
3110102,0,2024,2024-12-09,15,心血外,1
3110102,0,2024,2024-10-08,36,総合診,1
3210142,0,2024,2024-07-10,18,整形外,1
3300240,0,2024,2024-10-29,5,呼吸内,1
3300240,0,2024,2024-10-08,7,循環内,1
3300240,0,2024,2025-01-30,7,循環内,1
3310199,0,2024,2024-10-10,5,呼吸内,1
3310199,0,2024,2025-03-11,5,呼吸内,1
3310199,0,2024,2024-12-18,7,循環内,1
3310199,0,2024,2025-01-23,18,整形外,1
3310199,0,2024,2024-11-12,50,消化内,1
3310199,0,2024,2024-11-18,50,消化内,1
3310199,0,2024,2024-11-07,43,産婦人,1
3310199,0,2024,2024-06-05,6,糖尿内,1
3310199,0,2024,2024-11-12,6,糖尿内,1
3310199,0,2024,2024-07-08,25,耳鼻科,1
3310199,0,2024,2025-03-24,8,腎臓内,1
3400792,0,2024,2024-08-23,22,泌尿器,1
3410106,0,2024,2025-02-17,5,呼吸内,1
3410106,0,2024,2024-05-24,13,呼吸外,1
3410106,0,2024,2024-06-05,13,呼吸外,1
3410106,0,2024,2024-06-21,13,呼吸外,1
3410106,0,2024,2024-07-26,13,呼吸外,1
3410106,0,2024,2024-10-07,13,呼吸外,1
3410106,0,2024,2024-10-18,13,呼吸外,1
3410106,0,2024,2024-11-27,13,呼吸外,1
3410106,0,2024,2025-01-29,13,呼吸外,1
3410106,0,2024,2025-02-10,13,呼吸外,1
3410106,0,2024,2024-10-11,15,心血外,1
3410106,0,2024,2024-05-24,28,放診断,1
3410106,0,2024,2024-05-16,18,整形外,1
3410106,0,2024,2024-06-04,18,整形外,1
3410106,0,2024,2024-06-14,18,整形外,1
3410106,0,2024,2024-10-31,18,整形外,1
3410106,0,2024,2025-02-20,14,消化外,1
3410106,0,2024,2024-10-21,26,眼科,1
3410106,0,2024,2025-01-19,20,脳神外,1
3410130,0,2024,2024-05-23,36,総合診,1
3410163,0,2024,2024-05-29,48,リウ膠,1
3410163,0,2024,2024-07-12,48,リウ膠,1
3410163,0,2024,2024-08-02,48,リウ膠,1
3410163,0,2024,2025-03-18,48,リウ膠,1
3410163,0,2024,2024-06-21,16,乳甲外,1
3410163,0,2024,2024-07-12,16,乳甲外,1
3410163,0,2024,2024-08-05,16,乳甲外,1
3410163,0,2024,2024-08-30,16,乳甲外,1
3410163,0,2024,2024-12-11,16,乳甲外,1
3410163,0,2024,2025-02-07,16,乳甲外,1
3410163,0,2024,2025-02-28,16,乳甲外,1
3410163,0,2024,2025-03-07,16,乳甲外,1
3410163,0,2024,2025-03-14,16,乳甲外,1
3410163,0,2024,2025-03-28,16,乳甲外,1
3410163,0,2024,2024-06-18,10,小児科,1
3410163,0,2024,2024-06-19,19,形成外,1
3410163,0,2024,2025-03-31,19,形成外,1
3410163,0,2024,2024-08-29,7,循環内,1
3410163,0,2024,2025-01-03,7,循環内,1
3410163,0,2024,2025-02-10,7,循環内,1
3410163,0,2024,2025-03-31,7,循環内,1
3410163,0,2024,2024-05-22,15,心血外,1
3410163,0,2024,2024-07-22,15,心血外,1
3410163,0,2024,2024-08-05,15,心血外,1
3410163,0,2024,2024-10-08,15,心血外,1
3410163,0,2024,2024-10-09,15,心血外,1
3410163,0,2024,2024-11-29,15,心血外,1
3410163,0,2024,2024-06-25,28,放診断,1
3410163,0,2024,2024-12-04,28,放診断,1
3410163,0,2024,2024-12-20,28,放診断,1
3410163,0,2024,2024-08-11,34,救急科,1
3410163,0,2024,2024-11-10,34,救急科,1
3410163,0,2024,2025-02-19,34,救急科,1
3410163,0,2024,2024-06-07,18,整形外,1
3410163,0,2024,2024-07-18,18,整形外,1
3410163,0,2024,2024-07-28,18,整形外,1
3410163,0,2024,2024-07-29,18,整形外,1
3410163,0,2024,2024-08-13,18,整形外,1
3410163,0,2024,2024-10-09,18,整形外,1
3410163,0,2024,2024-12-12,18,整形外,1
3410163,0,2024,2024-12-26,18,整形外,1
3410163,0,2024,2025-03-06,18,整形外,2
3410163,0,2024,2024-12-06,32,歯口外,1
3410163,0,2024,2025-02-17,32,歯口外,1
3410163,0,2024,2024-07-09,22,泌尿器,1
3410163,0,2024,2024-06-19,50,消化内,1
3410163,0,2024,2024-10-02,50,消化内,1
3410163,0,2024,2024-10-09,50,消化内,1
3410163,0,2024,2024-10-30,50,消化内,1
3410163,0,2024,2024-11-27,50,消化内,1
3410163,0,2024,2025-01-21,50,消化内,1
3410163,0,2024,2025-02-04,50,消化内,1
3410163,0,2024,2025-02-05,50,消化内,1
3410163,0,2024,2025-02-18,50,消化内,1
3410163,0,2024,2025-03-01,50,消化内,1
3410163,0,2024,2024-06-11,14,消化外,1
3410163,0,2024,2024-10-10,14,消化外,1
3410163,0,2024,2025-03-06,14,消化外,1
3410163,0,2024,2024-06-18,43,産婦人,1
3410163,0,2024,2024-05-16,21,皮膚科,1
3410163,0,2024,2024-05-17,21,皮膚科,1
3410163,0,2024,2024-06-17,21,皮膚科,1
3410163,0,2024,2024-07-04,21,皮膚科,1
3410163,0,2024,2024-08-30,21,皮膚科,1
3410163,0,2024,2024-11-06,21,皮膚科,1
3410163,0,2024,2024-11-13,21,皮膚科,1
3410163,0,2024,2024-12-06,21,皮膚科,1
3410163,0,2024,2024-12-09,21,皮膚科,1
3410163,0,2024,2024-12-18,21,皮膚科,1
3410163,0,2024,2025-01-14,21,皮膚科,1
3410163,0,2024,2025-01-25,21,皮膚科,1
3410163,0,2024,2025-01-29,21,皮膚科,2
3410163,0,2024,2025-03-19,21,皮膚科,1
3410163,0,2024,2025-03-28,21,皮膚科,2
3410163,0,2024,2024-05-01,6,糖尿内,1
3410163,0,2024,2024-12-18,6,糖尿内,1
3410163,0,2024,2025-03-07,36,総合診,1
3410163,0,2024,2024-05-08,2,脳神内,1
3410163,0,2024,2024-06-20,2,脳神内,1
3410163,0,2024,2024-07-12,2,脳神内,1
3410163,0,2024,2024-08-01,2,脳神内,1
3410163,0,2024,2024-10-23,2,脳神内,1
3410163,0,2024,2024-10-31,2,脳神内,1
3410163,0,2024,2024-11-04,2,脳神内,1
3410163,0,2024,2024-11-06,2,脳神内,1
3410163,0,2024,2025-03-13,2,脳神内,1
3410163,0,2024,2024-10-28,20,脳神外,1
3410163,0,2024,2024-05-15,1,血液内,1
3410163,0,2024,2024-10-17,1,血液内,1
3410163,0,2024,2024-10-25,1,血液内,1
3410163,0,2024,2025-01-20,1,血液内,1
3410221,0,2024,2024-11-14,14,消化外,1
3410270,0,2024,2024-06-18,48,リウ膠,1
3410270,0,2024,2024-10-31,48,リウ膠,1
3410270,0,2024,2024-11-18,16,乳甲外,1
3410270,0,2024,2025-02-26,19,形成外,1
3410270,0,2024,2024-06-18,7,循環内,1
3410270,0,2024,2024-08-16,7,循環内,1
3410270,0,2024,2024-11-11,7,循環内,1
3410270,0,2024,2025-02-25,7,循環内,1
3410270,0,2024,2024-12-20,28,放診断,1
3410270,0,2024,2024-05-07,18,整形外,1
3410270,0,2024,2024-05-08,18,整形外,1
3410270,0,2024,2024-05-09,18,整形外,1
3410270,0,2024,2024-05-10,18,整形外,1
3410270,0,2024,2024-05-13,18,整形外,1
3410270,0,2024,2024-06-14,18,整形外,1
3410270,0,2024,2024-06-26,18,整形外,1
3410270,0,2024,2024-07-01,18,整形外,1
3410270,0,2024,2024-07-23,18,整形外,1
3410270,0,2024,2024-08-20,18,整形外,1
3410270,0,2024,2024-10-29,18,整形外,1
3410270,0,2024,2024-11-06,18,整形外,1
3410270,0,2024,2024-11-13,18,整形外,1
3410270,0,2024,2024-12-09,18,整形外,2
3410270,0,2024,2024-12-13,18,整形外,1
3410270,0,2024,2025-01-28,18,整形外,1
3410270,0,2024,2025-01-31,18,整形外,1
3410270,0,2024,2025-02-10,18,整形外,1
3410270,0,2024,2025-02-13,18,整形外,1
3410270,0,2024,2025-03-03,18,整形外,1
3410270,0,2024,2025-03-10,18,整形外,1
3410270,0,2024,2025-02-05,22,泌尿器,1
3410270,0,2024,2025-01-14,14,消化外,1
3410270,0,2024,2024-11-21,2,脳神内,1
3410296,0,2024,2024-05-22,21,皮膚科,1
3410312,0,2024,2024-06-07,16,乳甲外,1
3410312,0,2024,2024-08-26,18,整形外,1
3410312,0,2024,2024-05-17,22,泌尿器,1
3410312,0,2024,2024-08-26,50,消化内,1
3410312,0,2024,2024-12-25,6,糖尿内,1
3410320,0,2024,2024-08-07,18,整形外,1
3410320,0,2024,2024-11-11,22,泌尿器,1
3410353,0,2024,2024-08-20,26,眼科,1
3500427,0,2024,2024-05-23,2,脳神内,1
3500443,0,2024,2024-07-03,26,眼科,1
3500443,0,2024,2024-07-23,26,眼科,1
3500443,0,2024,2025-01-28,26,眼科,1
3500443,0,2024,2025-02-17,26,眼科,1
3500443,0,2024,2025-02-26,26,眼科,1
3500443,0,2024,2025-03-03,26,眼科,1
3500443,0,2024,2025-03-26,26,眼科,1
3510061,0,2024,2024-06-13,17,小児外,1
3510061,0,2024,2025-01-04,2,脳神内,1
3600458,0,2024,2024-07-01,18,整形外,1
3610069,0,2024,2024-06-12,7,循環内,1
3610069,0,2024,2024-12-28,18,整形外,1
3610192,0,2024,2024-10-24,16,乳甲外,1
3610192,0,2024,2024-07-23,13,呼吸外,1
3610192,0,2024,2024-10-16,13,呼吸外,1
3610192,0,2024,2024-05-24,12,心療科,1
3610192,0,2024,2024-06-08,15,心血外,1
3610192,0,2024,2024-10-26,28,放診断,1
3610192,0,2024,2024-11-02,28,放診断,1
3610192,0,2024,2024-12-17,28,放診断,1
3610192,0,2024,2025-01-06,28,放診断,1
3610192,0,2024,2024-07-10,18,整形外,1
3610192,0,2024,2024-07-12,18,整形外,1
3610192,0,2024,2024-07-24,18,整形外,1
3610192,0,2024,2024-07-29,18,整形外,1
3610192,0,2024,2024-08-21,18,整形外,1
3610192,0,2024,2025-01-24,18,整形外,1
3610192,0,2024,2025-01-29,18,整形外,1
3610192,0,2024,2025-02-17,18,整形外,1
3610192,0,2024,2024-06-26,22,泌尿器,1
3610192,0,2024,2024-08-07,22,泌尿器,1
3610192,0,2024,2024-10-02,22,泌尿器,1
3610192,0,2024,2024-12-03,22,泌尿器,1
3610192,0,2024,2024-12-06,22,泌尿器,1
3610192,0,2024,2025-01-15,22,泌尿器,1
3610192,0,2024,2025-01-27,22,泌尿器,1
3610192,0,2024,2025-02-03,22,泌尿器,1
3610192,0,2024,2024-06-26,50,消化内,1
3610192,0,2024,2024-07-01,50,消化内,1
3610192,0,2024,2024-08-08,50,消化内,1
3610192,0,2024,2024-10-24,50,消化内,1
3610192,0,2024,2025-01-21,50,消化内,1
3610192,0,2024,2025-03-19,50,消化内,1
3610192,0,2024,2024-11-14,14,消化外,1
3610192,0,2024,2024-12-09,14,消化外,1
3610192,0,2024,2025-01-16,14,消化外,1
3610192,0,2024,2024-06-04,26,眼科,1
3610192,0,2024,2024-08-23,26,眼科,1
3610192,0,2024,2024-12-16,26,眼科,1
3610192,0,2024,2025-03-03,26,眼科,1
3610192,0,2024,2024-05-30,6,糖尿内,1
3610192,0,2024,2024-10-21,25,耳鼻科,1
3610192,0,2024,2024-10-23,25,耳鼻科,1
3610192,0,2024,2024-11-27,25,耳鼻科,1
3610192,0,2024,2025-01-27,25,耳鼻科,1
3610192,0,2024,2024-08-26,9,脳卒中,1
3610192,0,2024,2025-02-26,9,脳卒中,1
3610192,0,2024,2024-06-11,8,腎臓内,1
3610192,0,2024,2024-07-05,8,腎臓内,1
3610192,0,2024,2025-01-06,8,腎臓内,1
3610192,0,2024,2024-11-21,1,血液内,1
3610192,0,2024,2025-01-07,1,血液内,1
3610234,0,2024,2024-10-24,48,リウ膠,1
3610234,0,2024,2024-05-01,25,耳鼻科,2
3610242,0,2024,2024-05-01,25,耳鼻科,1
3700571,0,2024,2024-07-22,16,乳甲外,1
3710022,0,2024,2025-03-21,32,歯口外,1
3710109,0,2024,2024-07-29,7,循環内,1
3710109,0,2024,2024-08-06,7,循環内,1
3710117,0,2024,2025-01-11,34,救急科,1
3710166,0,2024,2024-12-02,18,整形外,1
3710182,0,2024,2024-05-14,26,眼科,1
3710182,0,2024,2024-05-22,26,眼科,1
3710182,0,2024,2024-06-10,26,眼科,1
3710182,0,2024,2024-06-15,26,眼科,1
3710182,0,2024,2024-07-19,26,眼科,1
3710182,0,2024,2024-07-25,26,眼科,1
3710182,0,2024,2024-10-16,26,眼科,1
3710182,0,2024,2024-12-09,26,眼科,1
3710182,0,2024,2024-12-28,26,眼科,1
3710182,0,2024,2025-03-13,26,眼科,1
3800328,0,2024,2025-03-21,32,歯口外,1
3800629,0,2024,2024-05-29,16,乳甲外,1
3800629,0,2024,2024-06-05,16,乳甲外,1
3800629,0,2024,2024-12-04,16,乳甲外,1
3800629,0,2024,2024-05-17,28,放診断,1
3800629,0,2024,2024-05-22,28,放診断,1
3800629,0,2024,2024-05-29,28,放診断,1
3910030,0,2024,2024-08-02,5,呼吸内,1
3910030,0,2024,2024-10-30,18,整形外,1
3910030,0,2024,2024-10-31,18,整形外,1
3910030,0,2024,2025-01-17,50,消化内,1
3910030,0,2024,2025-03-26,50,消化内,1
3910030,0,2024,2025-01-23,14,消化外,1
3910030,0,2024,2024-11-21,43,産婦人,1
3910030,0,2024,2024-07-16,21,皮膚科,1
3910030,0,2024,2025-01-08,2,脳神内,1
3910030,0,2024,2025-03-26,2,脳神内,1
3910146,0,2024,2024-07-17,48,リウ膠,1
3910302,0,2024,2024-05-08,13,呼吸外,1
3910559,0,2024,2025-02-12,22,泌尿器,1
4210025,0,2024,2024-12-16,22,泌尿器,1
4210223,0,2024,2024-07-31,22,泌尿器,1
4210355,0,2024,2025-03-03,26,眼科,1
4310171,0,2024,2024-12-25,2,脳神内,1
4310239,0,2024,2025-01-08,43,産婦人,1
4310239,0,2024,2025-01-22,6,糖尿内,1
4410286,0,2024,2024-12-20,15,心血外,1
4410344,0,2024,2024-07-03,18,整形外,1
4410344,0,2024,2024-10-21,18,整形外,1
4410344,0,2024,2025-01-10,50,消化内,1
4410450,0,2024,2024-11-18,18,整形外,1
4410450,0,2024,2025-02-10,18,整形外,1
4410450,0,2024,2024-07-29,2,脳神内,1
4410476,0,2024,2024-06-28,26,眼科,1
4410476,0,2024,2024-07-10,26,眼科,1
4410476,0,2024,2025-01-15,26,眼科,1
4410476,0,2024,2025-01-28,26,眼科,1
4510051,0,2024,2024-08-25,34,救急科,1
4510051,0,2024,2025-01-20,25,耳鼻科,1
4730119,0,2024,2025-03-28,32,歯口外,1
4910053,0,2024,2024-05-27,7,循環内,1
4910053,0,2024,2024-12-19,50,消化内,1
4910053,0,2024,2025-02-03,25,耳鼻科,1
4910129,0,2024,2024-11-12,16,乳甲外,1
4910129,0,2024,2024-08-21,7,循環内,1
4910129,0,2024,2024-12-20,43,産婦人,1
4910137,0,2024,2025-01-16,36,総合診,1
8010017,0,2024,2025-03-13,19,形成外,1
8010017,0,2024,2025-02-07,26,眼科,1
8010017,0,2024,2025-02-14,26,眼科,1
8010017,0,2024,2024-11-06,27,臨腫瘍,1
8010033,0,2024,2024-05-31,16,乳甲外,1
8010033,0,2024,2024-10-02,16,乳甲外,1
8010033,0,2024,2025-01-24,16,乳甲外,1
8010033,0,2024,2025-03-19,25,耳鼻科,1
8010041,0,2024,2024-12-19,48,リウ膠,1
8010041,0,2024,2024-12-14,5,呼吸内,1
8010041,0,2024,2024-07-22,17,小児外,1
8010041,0,2024,2024-08-20,17,小児外,1
8010041,0,2024,2024-10-12,17,小児外,1
8010041,0,2024,2024-11-05,17,小児外,1
8010041,0,2024,2025-01-06,17,小児外,2
8010041,0,2024,2025-02-17,17,小児外,1
8010041,0,2024,2024-07-12,10,小児科,1
8010041,0,2024,2024-05-13,19,形成外,1
8010041,0,2024,2024-06-13,19,形成外,1
8010041,0,2024,2024-06-24,19,形成外,1
8010041,0,2024,2024-10-28,19,形成外,1
8010041,0,2024,2025-01-06,19,形成外,1
8010041,0,2024,2025-01-20,19,形成外,1
8010041,0,2024,2025-02-14,19,形成外,1
8010041,0,2024,2025-03-12,19,形成外,1
8010041,0,2024,2024-12-14,7,循環内,1
8010041,0,2024,2024-07-08,15,心血外,1
8010041,0,2024,2024-10-04,15,心血外,1
8010041,0,2024,2025-03-03,29,放治療,1
8010041,0,2024,2024-05-13,18,整形外,1
8010041,0,2024,2024-07-13,18,整形外,1
8010041,0,2024,2025-01-15,18,整形外,1
8010041,0,2024,2025-03-19,18,整形外,1
8010041,0,2024,2024-12-11,22,泌尿器,1
8010041,0,2024,2024-05-27,50,消化内,1
8010041,0,2024,2024-07-14,50,消化内,1
8010041,0,2024,2024-11-06,50,消化内,1
8010041,0,2024,2025-03-18,50,消化内,1
8010041,0,2024,2024-06-09,14,消化外,1
8010041,0,2024,2024-06-13,14,消化外,1
8010041,0,2024,2024-08-14,14,消化外,1
8010041,0,2024,2024-08-29,14,消化外,1
8010041,0,2024,2024-12-03,14,消化外,1
8010041,0,2024,2025-02-01,14,消化外,1
8010041,0,2024,2024-12-04,43,産婦人,1
8010041,0,2024,2024-07-24,21,皮膚科,1
8010041,0,2024,2024-10-12,21,皮膚科,1
8010041,0,2024,2024-08-15,26,眼科,1
8010041,0,2024,2024-11-06,26,眼科,1
8010041,0,2024,2024-05-21,36,総合診,1
8010041,0,2024,2024-10-08,36,総合診,1
8010041,0,2024,2025-02-03,25,耳鼻科,1
8010041,0,2024,2024-12-27,1,血液内,1
8800038,0,2024,2025-03-04,5,呼吸内,1
8800038,0,2024,2024-07-17,13,呼吸外,1
8800038,0,2024,2024-07-22,13,呼吸外,1
8800038,0,2024,2025-03-31,17,小児外,1
8800038,0,2024,2024-08-26,7,循環内,1
8800038,0,2024,2024-10-16,15,心血外,1
8800038,0,2024,2025-01-15,15,心血外,1
8800038,0,2024,2025-02-10,15,心血外,1
8800038,0,2024,2024-06-17,29,放治療,1
8800038,0,2024,2024-06-11,28,放診断,1
8800038,0,2024,2024-05-08,18,整形外,1
8800038,0,2024,2024-12-25,22,泌尿器,1
8800038,0,2024,2025-02-07,22,泌尿器,1
8800038,0,2024,2024-06-03,21,皮膚科,1
8800038,0,2024,2024-08-22,21,皮膚科,1
8800038,0,2024,2025-02-07,21,皮膚科,1
8800038,0,2024,2024-11-27,36,総合診,1
8800038,0,2024,2024-10-08,2,脳神内,1
8800038,0,2024,2024-11-14,20,脳神外,1
8800038,0,2024,2025-03-03,20,脳神外,1
8800038,0,2024,2025-03-31,20,脳神外,1
8800038,0,2024,2024-05-27,8,腎臓内,1
8800038,0,2024,2024-07-18,8,腎臓内,1
8800038,0,2024,2024-10-30,1,血液内,1
8800061,0,2024,2024-07-31,31,リハ,1
8800061,0,2024,2024-11-22,31,リハ,1
8800061,0,2024,2024-11-01,5,呼吸内,1
8800061,0,2024,2024-10-21,18,整形外,1
8800061,0,2024,2024-12-06,22,泌尿器,1
8800061,0,2024,2025-03-12,43,産婦人,1
8800061,0,2024,2024-05-13,21,皮膚科,1
8800061,0,2024,2024-05-20,21,皮膚科,1
8800061,0,2024,2024-06-12,21,皮膚科,1
8800061,0,2024,2024-10-31,6,糖尿内,1
8800061,0,2024,2024-10-31,2,脳神内,1
8800061,0,2024,2024-10-28,20,脳神外,1
8800079,0,2024,2025-03-14,48,リウ膠,1
8800079,0,2024,2024-10-07,5,呼吸内,1
8800079,0,2024,2025-01-21,19,形成外,1
8800079,0,2024,2025-03-31,15,心血外,1
8800079,0,2024,2024-05-02,18,整形外,1
8800079,0,2024,2024-07-09,18,整形外,1
8800079,0,2024,2024-08-28,18,整形外,1
8800079,0,2024,2025-02-04,18,整形外,1
8800079,0,2024,2024-05-08,50,消化内,1
8800079,0,2024,2024-05-16,50,消化内,1
8800079,0,2024,2024-11-07,50,消化内,1
8800079,0,2024,2024-11-19,14,消化外,1
8800079,0,2024,2024-08-21,21,皮膚科,1
8800079,0,2024,2024-05-29,25,耳鼻科,1
8800079,0,2024,2024-08-05,9,脳卒中,1
8800079,0,2024,2024-10-14,9,脳卒中,1
8800079,0,2024,2024-07-05,2,脳神内,1
8800079,0,2024,2024-07-10,2,脳神内,1
8800079,0,2024,2025-03-12,2,脳神内,1
8800079,0,2024,2024-07-04,20,脳神外,1
8800087,0,2024,2025-02-25,16,乳甲外,1
8800087,0,2024,2025-03-14,7,循環内,1
8800087,0,2024,2024-12-24,12,心療科,1
8800087,0,2024,2025-02-22,34,救急科,1
8800087,0,2024,2024-07-05,18,整形外,1
8800087,0,2024,2025-01-08,43,産婦人,1
8800087,0,2024,2024-07-02,36,総合診,1
8800087,0,2024,2024-08-29,2,脳神内,1
8800087,0,2024,2025-02-10,20,脳神外,1
8800087,0,2024,2024-10-11,27,臨腫瘍,1
8800087,0,2024,2024-11-19,1,血液内,1
8800137,0,2024,2024-05-20,20,脳神外,1
8800160,0,2024,2024-11-13,5,呼吸内,1
8800160,0,2024,2025-01-16,5,呼吸内,1
8800160,0,2024,2024-10-25,19,形成外,1
8800160,0,2024,2024-10-22,7,循環内,1
8800160,0,2024,2024-11-19,7,循環内,1
8800160,0,2024,2025-01-16,12,心療科,2
8800160,0,2024,2024-12-27,34,救急科,1
8800160,0,2024,2024-07-23,18,整形外,1
8800160,0,2024,2024-07-31,18,整形外,1
8800160,0,2024,2024-11-30,18,整形外,1
8800160,0,2024,2024-08-22,14,消化外,1
8800160,0,2024,2024-11-08,26,眼科,1
8800160,0,2024,2024-11-13,6,糖尿内,1
8800160,0,2024,2024-10-28,36,総合診,1
8800160,0,2024,2024-05-08,25,耳鼻科,1
8800160,0,2024,2024-07-01,2,脳神内,1
8800160,0,2024,2024-08-05,2,脳神内,1
8800160,0,2024,2024-07-23,20,脳神外,1
8800160,0,2024,2024-05-10,8,腎臓内,1
8800160,0,2024,2024-05-31,8,腎臓内,1
8800160,0,2024,2024-07-05,8,腎臓内,1
8800160,0,2024,2024-07-26,8,腎臓内,1
8800160,0,2024,2024-08-23,8,腎臓内,1
8800160,0,2024,2024-10-10,8,腎臓内,1
8800160,0,2024,2024-11-11,8,腎臓内,1
8800160,0,2024,2024-11-15,8,腎臓内,1
8800160,0,2024,2024-11-22,8,腎臓内,1
8800160,0,2024,2024-12-06,8,腎臓内,1
8800160,0,2024,2025-01-16,8,腎臓内,1
8800160,0,2024,2025-01-29,8,腎臓内,2
8800160,0,2024,2025-02-14,8,腎臓内,1
8800160,0,2024,2025-02-25,8,腎臓内,1
8800160,0,2024,2025-03-03,8,腎臓内,1
8800160,0,2024,2025-03-07,8,腎臓内,1
8800160,0,2024,2024-07-02,1,血液内,1
8800160,0,2024,2024-07-17,1,血液内,1
8800160,0,2024,2024-08-07,1,血液内,1
8800160,0,2024,2024-10-09,1,血液内,1
8800160,0,2024,2024-11-20,1,血液内,1
8800160,0,2024,2024-11-30,1,血液内,1
8800160,0,2024,2025-01-08,1,血液内,1
8800160,0,2024,2025-01-29,1,血液内,1
8800160,0,2024,2025-02-19,1,血液内,1
8800160,0,2024,2025-03-12,1,血液内,1
8800194,0,2024,2024-06-19,13,呼吸外,1
8800194,0,2024,2024-05-02,17,小児外,1
8800194,0,2024,2024-06-07,12,心療科,1
8800194,0,2024,2024-08-21,12,心療科,1
8800194,0,2024,2024-10-31,12,心療科,1
8800194,0,2024,2025-01-08,12,心療科,1
8800194,0,2024,2024-06-19,18,整形外,1
8800194,0,2024,2025-01-07,43,産婦人,1
8800194,0,2024,2024-06-19,6,糖尿内,1
8800194,0,2024,2024-06-12,25,耳鼻科,1
8800194,0,2024,2024-10-07,25,耳鼻科,1
8800194,0,2024,2024-10-16,25,耳鼻科,1
8800194,0,2024,2024-11-13,25,耳鼻科,1
8800194,0,2024,2025-03-17,25,耳鼻科,1
8800194,0,2024,2024-06-10,9,脳卒中,1
8800194,0,2024,2024-06-10,2,脳神内,1
8800194,0,2024,2024-12-12,20,脳神外,1
8800194,0,2024,2025-01-09,20,脳神外,1
8800194,0,2024,2024-06-28,27,臨腫瘍,1
8800194,0,2024,2025-03-10,1,血液内,1
8900127,0,2024,2024-08-23,16,乳甲外,1
8900127,0,2024,2024-07-09,5,呼吸内,1
8900127,0,2024,2025-02-12,13,呼吸外,1
8900127,0,2024,2024-05-13,10,小児科,1
8900127,0,2024,2024-07-08,10,小児科,1
8900127,0,2024,2024-08-22,10,小児科,1
8900127,0,2024,2024-12-27,10,小児科,1
8900127,0,2024,2025-02-25,10,小児科,1
8900127,0,2024,2025-02-27,10,小児科,1
8900127,0,2024,2024-05-30,19,形成外,1
8900127,0,2024,2024-06-21,19,形成外,1
8900127,0,2024,2024-07-25,19,形成外,1
8900127,0,2024,2024-10-10,19,形成外,1
8900127,0,2024,2024-10-21,19,形成外,1
8900127,0,2024,2024-11-14,19,形成外,1
8900127,0,2024,2024-05-12,7,循環内,1
8900127,0,2024,2024-05-27,7,循環内,1
8900127,0,2024,2024-10-22,7,循環内,1
8900127,0,2024,2024-11-15,7,循環内,1
8900127,0,2024,2025-03-18,7,循環内,1
8900127,0,2024,2024-06-20,15,心血外,1
8900127,0,2024,2024-06-28,15,心血外,1
8900127,0,2024,2024-12-13,15,心血外,1
8900127,0,2024,2024-12-25,15,心血外,1
8900127,0,2024,2024-05-27,28,放診断,1
8900127,0,2024,2024-06-24,28,放診断,1
8900127,0,2024,2025-03-12,28,放診断,1
8900127,0,2024,2024-11-25,34,救急科,1
8900127,0,2024,2024-11-27,34,救急科,1
8900127,0,2024,2025-01-07,34,救急科,1
8900127,0,2024,2024-06-17,18,整形外,1
8900127,0,2024,2024-07-22,18,整形外,1
8900127,0,2024,2024-08-02,18,整形外,1
8900127,0,2024,2024-10-15,18,整形外,1
8900127,0,2024,2025-01-15,18,整形外,1
8900127,0,2024,2025-02-17,18,整形外,1
8900127,0,2024,2025-02-07,32,歯口外,1
8900127,0,2024,2024-06-14,22,泌尿器,1
8900127,0,2024,2024-05-23,50,消化内,1
8900127,0,2024,2024-06-07,50,消化内,1
8900127,0,2024,2024-10-15,50,消化内,1
8900127,0,2024,2025-01-24,50,消化内,1
8900127,0,2024,2025-03-03,50,消化内,1
8900127,0,2024,2024-07-01,14,消化外,1
8900127,0,2024,2025-01-22,14,消化外,1
8900127,0,2024,2025-01-27,14,消化外,1
8900127,0,2024,2024-11-27,43,産婦人,1
8900127,0,2024,2024-12-09,43,産婦人,1
8900127,0,2024,2024-11-29,21,皮膚科,1
8900127,0,2024,2024-12-17,21,皮膚科,1
8900127,0,2024,2025-01-14,21,皮膚科,1
8900127,0,2024,2025-01-16,21,皮膚科,1
8900127,0,2024,2025-02-14,21,皮膚科,1
8900127,0,2024,2025-03-05,21,皮膚科,1
8900127,0,2024,2024-08-15,6,糖尿内,1
8900127,0,2024,2024-11-27,6,糖尿内,1
8900127,0,2024,2024-11-20,36,総合診,1
8900127,0,2024,2024-10-07,2,脳神内,1
8900127,0,2024,2025-03-21,2,脳神内,1
8900135,0,2024,2024-07-21,10,小児科,1
8900135,0,2024,2024-10-06,10,小児科,1
8900135,0,2024,2024-12-10,10,小児科,1
8900135,0,2024,2024-12-30,10,小児科,1
8900135,0,2024,2025-02-09,10,小児科,1
8900135,0,2024,2025-03-30,10,小児科,1
8900135,0,2024,2024-07-21,34,救急科,1
8900135,0,2024,2024-10-20,34,救急科,1
8900180,0,2024,2025-02-13,32,歯口外,1
8900325,0,2024,2024-10-02,48,リウ膠,1
8900325,0,2024,2024-08-07,16,乳甲外,1
8900325,0,2024,2024-08-22,16,乳甲外,1
8900325,0,2024,2024-06-03,5,呼吸内,1
8900325,0,2024,2025-02-19,13,呼吸外,1
8900325,0,2024,2024-06-13,10,小児科,1
8900325,0,2024,2024-08-17,10,小児科,1
8900325,0,2024,2025-01-10,10,小児科,1
8900325,0,2024,2024-07-08,19,形成外,1
8900325,0,2024,2025-02-08,19,形成外,1
8900325,0,2024,2024-06-06,7,循環内,1
8900325,0,2024,2024-11-19,7,循環内,1
8900325,0,2024,2024-08-19,18,整形外,1
8900325,0,2024,2024-10-07,18,整形外,1
8900325,0,2024,2024-11-06,18,整形外,1
8900325,0,2024,2024-11-29,18,整形外,1
8900325,0,2024,2025-03-25,18,整形外,1
8900325,0,2024,2024-05-22,22,泌尿器,1
8900325,0,2024,2024-06-19,22,泌尿器,1
8900325,0,2024,2024-08-26,22,泌尿器,1
8900325,0,2024,2025-01-10,22,泌尿器,1
8900325,0,2024,2024-06-28,50,消化内,1
8900325,0,2024,2024-12-19,50,消化内,1
8900325,0,2024,2024-12-02,1,血液内,1
8900416,0,2024,2024-05-14,48,リウ膠,1
8900416,0,2024,2024-05-24,5,呼吸内,1
8900416,0,2024,2024-12-10,5,呼吸内,1
8900416,0,2024,2024-05-14,19,形成外,1
8900416,0,2024,2024-08-02,19,形成外,1
8900416,0,2024,2024-12-09,7,循環内,1
8900416,0,2024,2025-03-24,7,循環内,1
8900416,0,2024,2024-05-17,15,心血外,1
8900416,0,2024,2024-08-23,15,心血外,2
8900416,0,2024,2024-12-13,15,心血外,1
8900416,0,2024,2025-01-10,15,心血外,1
8900416,0,2024,2025-03-07,15,心血外,1
8900416,0,2024,2025-02-07,34,救急科,1
8900416,0,2024,2024-08-26,18,整形外,1
8900416,0,2024,2024-11-05,18,整形外,1
8900416,0,2024,2025-01-16,18,整形外,1
8900416,0,2024,2025-03-28,18,整形外,1
8900416,0,2024,2024-07-01,22,泌尿器,1
8900416,0,2024,2024-11-15,22,泌尿器,1
8900416,0,2024,2025-02-12,22,泌尿器,1
8900416,0,2024,2024-05-18,50,消化内,1
8900416,0,2024,2024-06-04,50,消化内,1
8900416,0,2024,2024-07-31,50,消化内,1
8900416,0,2024,2024-08-13,50,消化内,1
8900416,0,2024,2025-01-15,50,消化内,1
8900416,0,2024,2025-02-10,50,消化内,1
8900416,0,2024,2025-02-17,50,消化内,1
8900416,0,2024,2025-02-18,50,消化内,1
8900416,0,2024,2025-03-05,50,消化内,1
8900416,0,2024,2025-03-25,50,消化内,1
8900416,0,2024,2024-06-11,14,消化外,1
8900416,0,2024,2024-10-29,14,消化外,1
8900416,0,2024,2025-01-28,14,消化外,1
8900416,0,2024,2025-02-18,43,産婦人,1
8900416,0,2024,2025-02-25,43,産婦人,1
8900416,0,2024,2024-06-14,21,皮膚科,1
8900416,0,2024,2024-08-16,21,皮膚科,1
8900416,0,2024,2024-10-12,21,皮膚科,1
8900416,0,2024,2024-10-25,21,皮膚科,1
8900416,0,2024,2025-01-06,21,皮膚科,1
8900416,0,2024,2025-01-31,21,皮膚科,1
8900416,0,2024,2025-02-07,21,皮膚科,1
8900416,0,2024,2025-02-27,21,皮膚科,1
8900416,0,2024,2024-05-17,26,眼科,1
8900416,0,2024,2024-11-22,26,眼科,1
8900416,0,2024,2025-01-21,26,眼科,1
8900416,0,2024,2024-07-24,6,糖尿内,1
8900432,0,2024,2024-07-18,16,乳甲外,1
8900432,0,2024,2024-12-09,7,循環内,1
8900432,0,2024,2024-10-13,34,救急科,1
8900432,0,2024,2025-01-27,8,腎臓内,1
8900598,0,2024,2024-08-19,17,小児外,1
8900598,0,2024,2024-08-08,19,形成外,1
8900598,0,2024,2024-10-11,15,心血外,1
8900598,0,2024,2024-11-01,15,心血外,1
8900598,0,2024,2024-11-13,15,心血外,1
8900598,0,2024,2024-12-20,15,心血外,1
8900598,0,2024,2024-07-10,18,整形外,1
8900598,0,2024,2024-12-11,25,耳鼻科,1
8900713,0,2024,2024-05-08,50,消化内,1
8900713,0,2024,2024-08-23,21,皮膚科,1
8900846,0,2024,2024-06-11,18,整形外,1
8900846,0,2024,2024-07-25,18,整形外,1
8900846,0,2024,2024-08-19,18,整形外,1
8900846,0,2024,2025-01-06,18,整形外,1
8900846,0,2024,2024-12-23,25,耳鼻科,1
8900846,0,2024,2024-07-17,9,脳卒中,1
8901315,0,2024,2024-05-03,48,リウ膠,1
8901315,0,2024,2024-05-11,16,乳甲外,1
8901315,0,2024,2024-06-07,16,乳甲外,1
8901315,0,2024,2024-07-02,16,乳甲外,1
8901315,0,2024,2024-08-20,16,乳甲外,1
8901315,0,2024,2024-10-22,16,乳甲外,1
8901315,0,2024,2024-12-24,16,乳甲外,2
8901315,0,2024,2025-01-20,16,乳甲外,1
8901315,0,2024,2024-07-26,5,呼吸内,1
8901315,0,2024,2024-10-08,5,呼吸内,1
8901315,0,2024,2025-01-06,5,呼吸内,1
8901315,0,2024,2025-02-07,5,呼吸内,1
8901315,0,2024,2025-03-03,10,小児科,1
8901315,0,2024,2024-05-07,19,形成外,1
8901315,0,2024,2024-06-13,19,形成外,1
8901315,0,2024,2024-08-08,19,形成外,1
8901315,0,2024,2024-11-11,19,形成外,1
8901315,0,2024,2024-11-20,19,形成外,1
8901315,0,2024,2024-12-24,19,形成外,1
8901315,0,2024,2024-05-15,7,循環内,1
8901315,0,2024,2024-06-03,7,循環内,1
8901315,0,2024,2024-06-07,7,循環内,1
8901315,0,2024,2024-07-21,7,循環内,1
8901315,0,2024,2024-08-02,7,循環内,1
8901315,0,2024,2024-08-05,7,循環内,1
8901315,0,2024,2024-08-19,7,循環内,1
8901315,0,2024,2024-08-22,7,循環内,1
8901315,0,2024,2024-10-10,7,循環内,1
8901315,0,2024,2024-10-29,7,循環内,1
8901315,0,2024,2024-11-19,7,循環内,1
8901315,0,2024,2024-12-04,7,循環内,1
8901315,0,2024,2024-12-13,7,循環内,1
8901315,0,2024,2025-01-26,7,循環内,1
8901315,0,2024,2025-03-04,7,循環内,1
8901315,0,2024,2025-03-21,7,循環内,1
8901315,0,2024,2024-05-30,12,心療科,1
8901315,0,2024,2024-05-15,15,心血外,1
8901315,0,2024,2024-07-26,15,心血外,1
8901315,0,2024,2024-08-01,15,心血外,1
8901315,0,2024,2024-11-06,15,心血外,1
8901315,0,2024,2024-11-08,15,心血外,1
8901315,0,2024,2024-12-26,29,放治療,1
8901315,0,2024,2024-07-18,28,放診断,1
8901315,0,2024,2024-12-05,28,放診断,1
8901315,0,2024,2025-03-01,28,放診断,1
8901315,0,2024,2025-03-07,28,放診断,1
8901315,0,2024,2025-03-26,28,放診断,1
8901315,0,2024,2024-05-24,34,救急科,1
8901315,0,2024,2024-06-26,34,救急科,1
8901315,0,2024,2024-07-20,34,救急科,1
8901315,0,2024,2024-08-03,34,救急科,1
8901315,0,2024,2024-08-31,34,救急科,1
8901315,0,2024,2024-10-14,34,救急科,1
8901315,0,2024,2024-11-09,34,救急科,1
8901315,0,2024,2025-03-20,34,救急科,1
8901315,0,2024,2024-05-10,18,整形外,1
8901315,0,2024,2024-07-02,18,整形外,1
8901315,0,2024,2024-07-17,18,整形外,1
8901315,0,2024,2024-07-22,18,整形外,1
8901315,0,2024,2024-08-26,18,整形外,1
8901315,0,2024,2024-12-02,18,整形外,1
8901315,0,2024,2024-12-11,18,整形外,1
8901315,0,2024,2024-12-20,18,整形外,1
8901315,0,2024,2025-01-15,18,整形外,1
8901315,0,2024,2025-02-06,18,整形外,1
8901315,0,2024,2025-03-12,18,整形外,1
8901315,0,2024,2025-03-13,18,整形外,1
8901315,0,2024,2025-03-25,18,整形外,1
8901315,0,2024,2024-08-02,22,泌尿器,1
8901315,0,2024,2024-11-08,22,泌尿器,1
8901315,0,2024,2025-03-03,22,泌尿器,1
8901315,0,2024,2024-08-01,50,消化内,1
8901315,0,2024,2024-08-09,50,消化内,1
8901315,0,2024,2024-10-18,50,消化内,1
8901315,0,2024,2024-10-31,50,消化内,1
8901315,0,2024,2024-11-15,50,消化内,1
8901315,0,2024,2024-11-27,50,消化内,1
8901315,0,2024,2025-02-07,50,消化内,1
8901315,0,2024,2025-02-26,50,消化内,1
8901315,0,2024,2025-03-04,50,消化内,1
8901315,0,2024,2025-03-14,50,消化内,1
8901315,0,2024,2025-03-20,50,消化内,1
8901315,0,2024,2024-07-02,14,消化外,1
8901315,0,2024,2024-08-16,14,消化外,1
8901315,0,2024,2024-08-20,14,消化外,1
8901315,0,2024,2024-10-08,14,消化外,1
8901315,0,2024,2024-10-16,14,消化外,1
8901315,0,2024,2024-11-19,14,消化外,1
8901315,0,2024,2024-12-22,14,消化外,1
8901315,0,2024,2024-12-26,14,消化外,1
8901315,0,2024,2025-01-16,14,消化外,1
8901315,0,2024,2025-02-15,14,消化外,1
8901315,0,2024,2024-07-24,21,皮膚科,1
8901315,0,2024,2024-08-23,21,皮膚科,1
8901315,0,2024,2025-01-08,21,皮膚科,1
8901315,0,2024,2025-01-16,21,皮膚科,1
8901315,0,2024,2025-02-19,21,皮膚科,1
8901315,0,2024,2024-06-10,26,眼科,1
8901315,0,2024,2024-06-03,25,耳鼻科,1
8901315,0,2024,2024-07-03,25,耳鼻科,1
8901315,0,2024,2024-07-17,25,耳鼻科,1
8901315,0,2024,2024-11-06,25,耳鼻科,1
8901315,0,2024,2025-02-10,25,耳鼻科,1
8901315,0,2024,2025-02-25,25,耳鼻科,1
8901315,0,2024,2025-02-07,9,脳卒中,1
8901315,0,2024,2025-02-25,9,脳卒中,1
8901315,0,2024,2024-05-08,2,脳神内,1
8901315,0,2024,2024-08-13,2,脳神内,1
8901315,0,2024,2024-08-16,2,脳神内,1
8901315,0,2024,2024-08-26,2,脳神内,1
8901315,0,2024,2024-11-14,2,脳神内,1
8901315,0,2024,2024-12-23,2,脳神内,1
8901315,0,2024,2024-12-26,2,脳神内,1
8901315,0,2024,2025-01-16,2,脳神内,1
8901315,0,2024,2025-03-10,2,脳神内,1
8901315,0,2024,2024-05-10,20,脳神外,1
8901315,0,2024,2024-05-30,20,脳神外,1
8901315,0,2024,2024-10-06,20,脳神外,1
8901315,0,2024,2024-11-05,20,脳神外,1
8901315,0,2024,2024-12-23,20,脳神外,1
8901315,0,2024,2025-01-08,20,脳神外,1
8901315,0,2024,2024-05-20,8,腎臓内,1
8901315,0,2024,2024-11-11,8,腎臓内,1
8901315,0,2024,2024-07-01,1,血液内,1
8901794,0,2024,2024-07-11,18,整形外,1
8901794,0,2024,2025-01-20,18,整形外,1
8901794,0,2024,2024-10-16,21,皮膚科,1
8901794,0,2024,2024-10-28,1,血液内,1
8901901,0,2024,2024-10-31,48,リウ膠,1
8901901,0,2024,2024-06-24,7,循環内,1
8901901,0,2024,2024-06-21,12,心療科,1
8901901,0,2024,2025-02-03,15,心血外,1
8901901,0,2024,2024-05-23,18,整形外,1
8901901,0,2024,2025-03-11,18,整形外,1
8901901,0,2024,2025-03-14,18,整形外,1
8901901,0,2024,2024-06-21,25,耳鼻科,1
8901901,0,2024,2024-08-03,25,耳鼻科,1
8901901,0,2024,2024-08-14,25,耳鼻科,1
8901901,0,2024,2024-10-25,25,耳鼻科,1
8901901,0,2024,2024-10-26,25,耳鼻科,1
8901901,0,2024,2024-08-08,2,脳神内,1
8901901,0,2024,2024-11-25,1,血液内,1
8902321,0,2024,2024-06-15,50,消化内,1
8902321,0,2024,2025-03-18,50,消化内,1
8902339,0,2024,2025-01-10,8,腎臓内,1
8902347,0,2024,2024-05-28,48,リウ膠,1
8902347,0,2024,2024-06-25,48,リウ膠,1
8902347,0,2024,2024-11-29,16,乳甲外,1
8902347,0,2024,2024-05-16,5,呼吸内,1
8902347,0,2024,2024-12-01,5,呼吸内,1
8902347,0,2024,2025-02-04,5,呼吸内,1
8902347,0,2024,2025-02-12,5,呼吸内,1
8902347,0,2024,2024-07-09,10,小児科,1
8902347,0,2024,2024-05-21,19,形成外,1
8902347,0,2024,2024-08-28,19,形成外,1
8902347,0,2024,2024-12-26,19,形成外,1
8902347,0,2024,2024-05-12,7,循環内,1
8902347,0,2024,2024-05-28,7,循環内,1
8902347,0,2024,2024-08-15,7,循環内,1
8902347,0,2024,2024-10-22,7,循環内,1
8902347,0,2024,2024-11-15,7,循環内,1
8902347,0,2024,2024-12-11,7,循環内,1
8902347,0,2024,2024-05-01,15,心血外,1
8902347,0,2024,2024-10-02,15,心血外,1
8902347,0,2024,2024-11-29,15,心血外,1
8902347,0,2024,2024-06-26,34,救急科,1
8902347,0,2024,2024-10-14,34,救急科,1
8902347,0,2024,2025-01-07,34,救急科,1
8902347,0,2024,2025-01-29,34,救急科,1
8902347,0,2024,2024-06-18,18,整形外,1
8902347,0,2024,2024-06-19,18,整形外,1
8902347,0,2024,2024-07-10,18,整形外,1
8902347,0,2024,2024-07-23,18,整形外,1
8902347,0,2024,2024-11-07,18,整形外,1
8902347,0,2024,2024-12-26,18,整形外,1
8902347,0,2024,2025-03-05,18,整形外,1
8902347,0,2024,2025-03-24,18,整形外,1
8902347,0,2024,2024-05-02,22,泌尿器,1
8902347,0,2024,2024-07-24,22,泌尿器,1
8902347,0,2024,2024-10-21,22,泌尿器,1
8902347,0,2024,2024-11-07,22,泌尿器,1
8902347,0,2024,2024-05-02,50,消化内,1
8902347,0,2024,2024-05-15,50,消化内,1
8902347,0,2024,2024-05-20,50,消化内,1
8902347,0,2024,2024-06-15,50,消化内,1
8902347,0,2024,2024-08-03,50,消化内,1
8902347,0,2024,2024-08-19,50,消化内,1
8902347,0,2024,2024-08-31,50,消化内,1
8902347,0,2024,2024-10-11,50,消化内,2
8902347,0,2024,2024-10-31,50,消化内,1
8902347,0,2024,2024-11-19,50,消化内,1
8902347,0,2024,2024-11-21,50,消化内,1
8902347,0,2024,2024-11-27,50,消化内,1
8902347,0,2024,2024-12-04,50,消化内,1
8902347,0,2024,2024-12-10,50,消化内,1
8902347,0,2024,2024-12-20,50,消化内,1
8902347,0,2024,2025-01-15,50,消化内,1
8902347,0,2024,2025-02-03,50,消化内,1
8902347,0,2024,2025-02-04,50,消化内,1
8902347,0,2024,2025-03-07,50,消化内,1
8902347,0,2024,2025-03-13,50,消化内,1
8902347,0,2024,2024-05-16,14,消化外,2
8902347,0,2024,2024-10-17,14,消化外,1
8902347,0,2024,2025-01-09,14,消化外,1
8902347,0,2024,2025-03-13,14,消化外,1
8902347,0,2024,2024-10-09,43,産婦人,1
8902347,0,2024,2024-05-20,21,皮膚科,1
8902347,0,2024,2024-06-14,21,皮膚科,1
8902347,0,2024,2024-08-26,21,皮膚科,1
8902347,0,2024,2024-10-21,21,皮膚科,1
8902347,0,2024,2024-11-08,21,皮膚科,1
8902347,0,2024,2024-11-13,21,皮膚科,1
8902347,0,2024,2025-02-04,21,皮膚科,1
8902347,0,2024,2025-02-14,26,眼科,1
8902347,0,2024,2025-03-17,26,眼科,1
8902347,0,2024,2024-08-08,6,糖尿内,1
8902347,0,2024,2025-02-05,6,糖尿内,1
8902347,0,2024,2024-08-07,36,総合診,1
8902347,0,2024,2024-07-19,25,耳鼻科,2
8902347,0,2024,2024-12-16,25,耳鼻科,1
8902347,0,2024,2024-05-22,9,脳卒中,1
8902347,0,2024,2024-05-23,9,脳卒中,1
8902347,0,2024,2024-07-10,9,脳卒中,1
8902347,0,2024,2024-08-01,9,脳卒中,1
8902347,0,2024,2024-08-22,9,脳卒中,1
8902347,0,2024,2024-08-23,9,脳卒中,1
8902347,0,2024,2024-10-02,9,脳卒中,1
8902347,0,2024,2024-10-24,9,脳卒中,1
8902347,0,2024,2024-10-31,9,脳卒中,1
8902347,0,2024,2024-12-07,9,脳卒中,1
8902347,0,2024,2025-01-29,9,脳卒中,1
8902347,0,2024,2025-02-04,9,脳卒中,1
8902347,0,2024,2024-06-20,2,脳神内,1
8902347,0,2024,2024-07-31,2,脳神内,1
8902347,0,2024,2024-08-20,2,脳神内,1
8902347,0,2024,2025-01-07,2,脳神内,1
8902347,0,2024,2025-01-27,2,脳神内,1
8902347,0,2024,2024-11-26,20,脳神外,1
8902347,0,2024,2024-11-01,8,腎臓内,1
8902347,0,2024,2025-02-07,1,血液内,1
8902412,0,2024,2025-03-07,26,眼科,1
8902412,0,2024,2024-08-08,1,血液内,1
8902461,0,2024,2024-11-22,18,整形外,1
8902511,0,2024,2024-08-16,25,耳鼻科,1
8902511,0,2024,2024-11-06,25,耳鼻科,1
8902511,0,2024,2024-12-18,25,耳鼻科,1
8902610,0,2024,2025-01-28,28,放診断,1
8902610,0,2024,2025-03-28,28,放診断,1
8902628,0,2024,2024-12-27,22,泌尿器,1
8902636,0,2024,2024-05-30,7,循環内,1
8902636,0,2024,2024-07-02,7,循環内,1
8902636,0,2024,2024-07-10,1,血液内,1
8902735,0,2024,2024-08-05,22,泌尿器,1
8902784,0,2024,2024-12-02,7,循環内,1
8902784,0,2024,2024-12-04,7,循環内,1
8902784,0,2024,2025-01-21,7,循環内,1
8902784,0,2024,2024-10-23,34,救急科,1
8902784,0,2024,2025-01-13,34,救急科,1
8902784,0,2024,2024-07-26,18,整形外,1
8902784,0,2024,2024-08-19,18,整形外,1
8902784,0,2024,2024-11-14,18,整形外,1
8902784,0,2024,2024-05-31,50,消化内,1
8902784,0,2024,2024-11-16,50,消化内,1
8902784,0,2024,2024-10-03,14,消化外,1
8902784,0,2024,2025-02-19,21,皮膚科,1
8902784,0,2024,2024-08-13,26,眼科,1
8902784,0,2024,2024-06-07,20,脳神外,1
8902941,0,2024,2024-11-06,18,整形外,1
8902958,0,2024,2024-08-22,5,呼吸内,1
8902958,0,2024,2024-08-03,7,循環内,1
8902958,0,2024,2025-02-03,15,心血外,1
8902958,0,2024,2024-11-22,18,整形外,1
8902958,0,2024,2024-10-31,20,脳神外,1
8903014,0,2024,2024-12-23,50,消化内,1
8903055,0,2024,2025-01-15,48,リウ膠,1
8903055,0,2024,2024-11-11,13,呼吸外,1
8903055,0,2024,2024-08-16,18,整形外,1
8903055,0,2024,2025-02-27,18,整形外,1
8903055,0,2024,2025-03-31,14,消化外,1
8903055,0,2024,2024-11-20,25,耳鼻科,1
8903055,0,2024,2024-12-20,2,脳神内,1
8903055,0,2024,2025-03-13,2,脳神内,1
8903055,0,2024,2024-06-27,20,脳神外,1
8903055,0,2024,2024-07-29,20,脳神外,1
8903089,0,2024,2024-08-16,48,リウ膠,1
8903089,0,2024,2025-01-06,48,リウ膠,1
8903089,0,2024,2025-01-28,48,リウ膠,1
8903089,0,2024,2025-01-22,31,リハ,1
8903089,0,2024,2024-06-05,16,乳甲外,1
8903089,0,2024,2024-06-10,16,乳甲外,1
8903089,0,2024,2024-06-21,5,呼吸内,1
8903089,0,2024,2025-01-24,5,呼吸内,1
8903089,0,2024,2025-02-07,10,小児科,1
8903089,0,2024,2024-05-13,15,心血外,1
8903089,0,2024,2024-06-05,15,心血外,3
8903089,0,2024,2024-06-12,15,心血外,1
8903089,0,2024,2024-06-24,15,心血外,1
8903089,0,2024,2024-08-13,15,心血外,1
8903089,0,2024,2024-08-28,15,心血外,1
8903089,0,2024,2024-11-06,15,心血外,1
8903089,0,2024,2025-01-06,15,心血外,1
8903089,0,2024,2025-01-22,15,心血外,1
8903089,0,2024,2025-01-27,15,心血外,1
8903089,0,2024,2025-03-03,15,心血外,1
8903089,0,2024,2025-01-02,34,救急科,1
8903089,0,2024,2025-02-07,34,救急科,1
8903089,0,2024,2024-10-30,18,整形外,1
8903089,0,2024,2024-11-25,18,整形外,1
8903089,0,2024,2024-05-20,22,泌尿器,1
8903089,0,2024,2024-10-21,22,泌尿器,1
8903089,0,2024,2025-02-21,22,泌尿器,1
8903089,0,2024,2024-06-05,50,消化内,1
8903089,0,2024,2024-11-29,50,消化内,2
8903089,0,2024,2025-01-31,50,消化内,1
8903089,0,2024,2025-02-18,50,消化内,1
8903089,0,2024,2024-08-06,14,消化外,1
8903089,0,2024,2024-11-25,43,産婦人,1
8903089,0,2024,2024-06-19,21,皮膚科,1
8903089,0,2024,2024-06-05,25,耳鼻科,1
8903089,0,2024,2025-03-25,25,耳鼻科,1
8903089,0,2024,2024-07-23,9,脳卒中,1
8903089,0,2024,2024-12-16,2,脳神内,1
8903089,0,2024,2025-01-14,2,脳神内,1
8903089,0,2024,2025-01-17,2,脳神内,1
8903089,0,2024,2025-03-10,2,脳神内,1
8903089,0,2024,2025-03-13,2,脳神内,1
8903089,0,2024,2024-07-30,20,脳神外,1
8903089,0,2024,2024-11-28,20,脳神外,1
8903089,0,2024,2024-08-16,8,腎臓内,1
8903089,0,2024,2024-10-07,8,腎臓内,1
8903089,0,2024,2025-01-17,27,臨腫瘍,1
8903089,0,2024,2024-08-02,1,血液内,1
8903113,0,2024,2024-05-26,10,小児科,1
8903113,0,2024,2024-06-09,10,小児科,1
8903113,0,2024,2024-12-31,10,小児科,1
8903113,0,2024,2025-01-12,10,小児科,1
8903154,0,2024,2024-08-19,7,循環内,1
8903154,0,2024,2024-06-20,18,整形外,1
8903154,0,2024,2024-06-22,18,整形外,1
8903154,0,2024,2024-07-17,18,整形外,1
8903154,0,2024,2024-07-23,18,整形外,1
8903154,0,2024,2025-01-09,18,整形外,1
8903154,0,2024,2024-05-15,22,泌尿器,1
8903154,0,2024,2024-06-03,43,産婦人,1
8903154,0,2024,2024-06-28,26,眼科,1
8903154,0,2024,2024-05-13,6,糖尿内,1
8903154,0,2024,2024-05-07,8,腎臓内,1
8903154,0,2024,2024-05-09,8,腎臓内,1
8903162,0,2024,2024-12-23,12,心療科,1
8903162,0,2024,2024-12-23,15,心血外,1
8903162,0,2024,2024-12-12,22,泌尿器,1
8903162,0,2024,2024-10-07,14,消化外,1
8903162,0,2024,2024-08-26,36,総合診,1
8903162,0,2024,2024-08-16,8,腎臓内,2
8903196,0,2024,2025-01-27,7,循環内,1
8903196,0,2024,2025-01-27,9,脳卒中,1
8903196,0,2024,2025-02-19,8,腎臓内,1
9800011,0,2024,2024-05-02,48,リウ膠,1
9800011,0,2024,2024-12-25,31,リハ,1
9800011,0,2024,2024-05-15,16,乳甲外,1
9800011,0,2024,2024-05-21,16,乳甲外,1
9800011,0,2024,2024-05-29,16,乳甲外,1
9800011,0,2024,2024-07-03,16,乳甲外,2
9800011,0,2024,2024-08-21,16,乳甲外,1
9800011,0,2024,2024-11-22,16,乳甲外,1
9800011,0,2024,2025-01-06,16,乳甲外,1
9800011,0,2024,2025-01-23,16,乳甲外,1
9800011,0,2024,2024-06-24,5,呼吸内,1
9800011,0,2024,2024-11-22,5,呼吸内,1
9800011,0,2024,2025-01-31,5,呼吸内,1
9800011,0,2024,2025-02-17,5,呼吸内,1
9800011,0,2024,2024-11-19,13,呼吸外,1
9800011,0,2024,2024-12-19,10,小児科,1
9800011,0,2024,2025-01-03,10,小児科,1
9800011,0,2024,2025-01-06,10,小児科,1
9800011,0,2024,2025-02-10,10,小児科,1
9800011,0,2024,2025-02-27,10,小児科,1
9800011,0,2024,2025-03-17,10,小児科,1
9800011,0,2024,2024-10-21,19,形成外,1
9800011,0,2024,2025-01-27,19,形成外,1
9800011,0,2024,2025-03-04,19,形成外,1
9800011,0,2024,2024-11-22,7,循環内,1
9800011,0,2024,2024-08-19,12,心療科,1
9800011,0,2024,2024-08-20,12,心療科,1
9800011,0,2024,2024-10-20,12,心療科,1
9800011,0,2024,2025-02-17,12,心療科,2
9800011,0,2024,2024-08-30,15,心血外,1
9800011,0,2024,2024-05-02,29,放治療,1
9800011,0,2024,2024-06-04,29,放治療,1
9800011,0,2024,2024-10-21,29,放治療,1
9800011,0,2024,2024-12-23,29,放治療,1
9800011,0,2024,2025-01-20,29,放治療,1
9800011,0,2024,2024-11-29,34,救急科,1
9800011,0,2024,2024-05-20,18,整形外,1
9800011,0,2024,2024-08-27,18,整形外,1
9800011,0,2024,2024-10-08,18,整形外,1
9800011,0,2024,2024-10-29,18,整形外,1
9800011,0,2024,2024-11-13,18,整形外,1
9800011,0,2024,2024-11-18,18,整形外,1
9800011,0,2024,2024-11-29,18,整形外,1
9800011,0,2024,2024-12-10,18,整形外,1
9800011,0,2024,2025-03-21,18,整形外,1
9800011,0,2024,2024-06-18,32,歯口外,1
9800011,0,2024,2024-10-24,32,歯口外,1
9800011,0,2024,2024-12-02,32,歯口外,1
9800011,0,2024,2024-12-13,32,歯口外,1
9800011,0,2024,2025-02-03,22,泌尿器,1
9800011,0,2024,2024-05-02,50,消化内,1
9800011,0,2024,2024-05-22,50,消化内,1
9800011,0,2024,2024-07-18,50,消化内,1
9800011,0,2024,2024-08-03,50,消化内,1
9800011,0,2024,2025-03-25,50,消化内,1
9800011,0,2024,2025-03-27,14,消化外,1
9800011,0,2024,2024-06-05,43,産婦人,1
9800011,0,2024,2024-06-26,43,産婦人,1
9800011,0,2024,2024-07-19,21,皮膚科,1
9800011,0,2024,2025-03-19,21,皮膚科,1
9800011,0,2024,2024-08-02,26,眼科,1
9800011,0,2024,2024-12-10,26,眼科,1
9800011,0,2024,2025-01-24,26,眼科,1
9800011,0,2024,2024-05-01,25,耳鼻科,1
9800011,0,2024,2024-10-16,25,耳鼻科,1
9800011,0,2024,2024-10-21,25,耳鼻科,1
9800011,0,2024,2024-10-30,25,耳鼻科,1
9800011,0,2024,2024-12-02,25,耳鼻科,1
9800011,0,2024,2025-02-28,25,耳鼻科,1
9800011,0,2024,2025-02-05,9,脳卒中,1
9800011,0,2024,2024-10-21,2,脳神内,1
9800011,0,2024,2025-03-10,2,脳神内,1
9800011,0,2024,2025-03-28,2,脳神内,1
9800011,0,2024,2024-06-10,20,脳神外,1
9800011,0,2024,2024-08-26,20,脳神外,1
9800011,0,2024,2024-10-10,20,脳神外,1
9800011,0,2024,2024-10-21,20,脳神外,1
9800011,0,2024,2024-11-11,20,脳神外,2
9800011,0,2024,2024-12-02,20,脳神外,1
9800011,0,2024,2025-01-07,20,脳神外,1
9800011,0,2024,2025-02-06,20,脳神外,1
9800011,0,2024,2025-03-24,20,脳神外,2
9800011,0,2024,2025-03-31,20,脳神外,1
9800011,0,2024,2024-12-05,8,腎臓内,1
9800011,0,2024,2025-03-13,8,腎臓内,1
9800011,0,2024,2024-11-14,27,臨腫瘍,1
9800011,0,2024,2024-05-20,1,血液内,1
9800011,0,2024,2024-06-12,1,血液内,1
9800011,0,2024,2024-08-13,1,血液内,1
9800011,0,2024,2024-12-13,1,血液内,1
9800037,0,2024,2024-06-04,48,リウ膠,1
9800037,0,2024,2024-05-01,31,リハ,1
9800037,0,2024,2024-07-31,31,リハ,1
9800037,0,2024,2024-07-23,16,乳甲外,1
9800037,0,2024,2024-08-09,16,乳甲外,1
9800037,0,2024,2024-10-18,16,乳甲外,1
9800037,0,2024,2025-01-28,16,乳甲外,1
9800037,0,2024,2025-03-11,5,呼吸内,1
9800037,0,2024,2024-08-07,10,小児科,1
9800037,0,2024,2024-11-06,10,小児科,1
9800037,0,2024,2025-01-16,10,小児科,1
9800037,0,2024,2024-05-22,19,形成外,1
9800037,0,2024,2025-01-09,19,形成外,1
9800037,0,2024,2024-10-07,7,循環内,1
9800037,0,2024,2024-05-29,15,心血外,1
9800037,0,2024,2024-05-30,15,心血外,1
9800037,0,2024,2024-06-05,15,心血外,1
9800037,0,2024,2024-07-17,15,心血外,1
9800037,0,2024,2024-10-02,15,心血外,2
9800037,0,2024,2024-10-21,15,心血外,1
9800037,0,2024,2024-11-11,15,心血外,1
9800037,0,2024,2024-12-05,15,心血外,1
9800037,0,2024,2025-01-13,15,心血外,1
9800037,0,2024,2025-02-10,15,心血外,1
9800037,0,2024,2025-01-18,34,救急科,1
9800037,0,2024,2025-02-24,34,救急科,1
9800037,0,2024,2024-05-10,18,整形外,1
9800037,0,2024,2024-11-06,18,整形外,1
9800037,0,2024,2025-01-30,18,整形外,1
9800037,0,2024,2025-02-05,18,整形外,1
9800037,0,2024,2025-03-26,18,整形外,1
9800037,0,2024,2024-07-05,22,泌尿器,1
9800037,0,2024,2025-03-10,22,泌尿器,1
9800037,0,2024,2025-03-21,22,泌尿器,1
9800037,0,2024,2024-05-13,21,皮膚科,1
9800037,0,2024,2024-06-12,21,皮膚科,1
9800037,0,2024,2024-06-19,21,皮膚科,1
9800037,0,2024,2024-10-18,21,皮膚科,1
9800037,0,2024,2024-07-12,26,眼科,1
9800037,0,2024,2024-05-08,25,耳鼻科,1
9800037,0,2024,2024-07-08,25,耳鼻科,1
9800037,0,2024,2025-02-14,25,耳鼻科,1
9800037,0,2024,2025-03-19,25,耳鼻科,1
9800037,0,2024,2024-07-10,2,脳神内,1
9800037,0,2024,2024-08-10,2,脳神内,1
9800037,0,2024,2024-11-01,2,脳神内,1
9800037,0,2024,2024-11-27,1,血液内,1
9900027,0,2024,2024-07-16,48,リウ膠,1
9900027,0,2024,2024-07-23,48,リウ膠,1
9900027,0,2024,2024-10-08,48,リウ膠,1
9900027,0,2024,2024-10-22,48,リウ膠,1
9900027,0,2024,2025-03-04,48,リウ膠,1
9900027,0,2024,2024-05-08,31,リハ,1
9900027,0,2024,2025-03-27,31,リハ,1
9900027,0,2024,2024-05-16,16,乳甲外,1
9900027,0,2024,2024-05-30,16,乳甲外,1
9900027,0,2024,2024-06-05,16,乳甲外,1
9900027,0,2024,2024-08-23,16,乳甲外,1
9900027,0,2024,2024-08-29,16,乳甲外,1
9900027,0,2024,2024-10-08,16,乳甲外,1
9900027,0,2024,2024-10-24,16,乳甲外,1
9900027,0,2024,2024-12-11,16,乳甲外,1
9900027,0,2024,2024-12-20,16,乳甲外,1
9900027,0,2024,2025-01-21,5,呼吸内,1
9900027,0,2024,2024-05-08,13,呼吸外,1
9900027,0,2024,2024-05-10,13,呼吸外,1
9900027,0,2024,2024-05-27,13,呼吸外,1
9900027,0,2024,2024-08-28,13,呼吸外,1
9900027,0,2024,2024-11-11,13,呼吸外,1
9900027,0,2024,2025-03-26,13,呼吸外,1
9900027,0,2024,2025-02-14,19,形成外,1
9900027,0,2024,2024-05-07,7,循環内,1
9900027,0,2024,2024-07-10,7,循環内,1
9900027,0,2024,2024-07-11,7,循環内,1
9900027,0,2024,2024-10-01,7,循環内,1
9900027,0,2024,2024-11-21,7,循環内,1
9900027,0,2024,2024-12-27,7,循環内,1
9900027,0,2024,2025-01-10,7,循環内,1
9900027,0,2024,2024-10-04,12,心療科,1
9900027,0,2024,2025-02-12,12,心療科,1
9900027,0,2024,2024-05-04,34,救急科,1
9900027,0,2024,2024-10-20,34,救急科,1
9900027,0,2024,2024-11-01,34,救急科,1
9900027,0,2024,2024-12-25,34,救急科,1
9900027,0,2024,2025-02-18,34,救急科,1
9900027,0,2024,2025-03-04,34,救急科,1
9900027,0,2024,2024-10-15,18,整形外,1
9900027,0,2024,2025-03-18,18,整形外,1
9900027,0,2024,2024-12-27,32,歯口外,1
9900027,0,2024,2024-05-17,22,泌尿器,1
9900027,0,2024,2024-07-12,22,泌尿器,1
9900027,0,2024,2025-01-27,22,泌尿器,1
9900027,0,2024,2025-03-26,22,泌尿器,1
9900027,0,2024,2024-05-01,50,消化内,1
9900027,0,2024,2024-05-07,50,消化内,1
9900027,0,2024,2024-05-27,50,消化内,1
9900027,0,2024,2024-05-29,50,消化内,1
9900027,0,2024,2024-06-13,50,消化内,1
9900027,0,2024,2024-06-14,50,消化内,1
9900027,0,2024,2024-06-19,50,消化内,1
9900027,0,2024,2024-06-20,50,消化内,1
9900027,0,2024,2024-07-26,50,消化内,1
9900027,0,2024,2024-08-02,50,消化内,1
9900027,0,2024,2024-08-14,50,消化内,1
9900027,0,2024,2024-10-18,50,消化内,1
9900027,0,2024,2024-10-25,50,消化内,1
9900027,0,2024,2024-10-28,50,消化内,1
9900027,0,2024,2024-11-05,50,消化内,1
9900027,0,2024,2024-11-08,50,消化内,1
9900027,0,2024,2024-12-02,50,消化内,1
9900027,0,2024,2024-12-16,50,消化内,1
9900027,0,2024,2025-01-20,50,消化内,1
9900027,0,2024,2025-02-04,50,消化内,1
9900027,0,2024,2025-02-06,50,消化内,1
9900027,0,2024,2025-02-17,50,消化内,1
9900027,0,2024,2025-02-25,50,消化内,1
9900027,0,2024,2025-03-11,50,消化内,2
9900027,0,2024,2025-03-21,50,消化内,1
9900027,0,2024,2024-06-18,14,消化外,1
9900027,0,2024,2024-06-27,14,消化外,1
9900027,0,2024,2024-08-19,14,消化外,1
9900027,0,2024,2024-10-07,14,消化外,1
9900027,0,2024,2024-11-14,14,消化外,1
9900027,0,2024,2024-12-12,14,消化外,1
9900027,0,2024,2024-12-27,14,消化外,1
9900027,0,2024,2025-03-06,14,消化外,1
9900027,0,2024,2025-03-13,14,消化外,1
9900027,0,2024,2024-06-28,43,産婦人,1
9900027,0,2024,2024-07-12,43,産婦人,1
9900027,0,2024,2024-07-09,21,皮膚科,1
9900027,0,2024,2024-11-29,21,皮膚科,1
9900027,0,2024,2025-01-07,21,皮膚科,1
9900027,0,2024,2025-01-28,21,皮膚科,1
9900027,0,2024,2024-10-23,6,糖尿内,1
9900027,0,2024,2024-12-18,6,糖尿内,1
9900027,0,2024,2024-06-19,36,総合診,1
9900027,0,2024,2024-06-26,36,総合診,1
9900027,0,2024,2024-07-19,36,総合診,1
9900027,0,2024,2024-10-07,25,耳鼻科,1
9900027,0,2024,2025-02-26,25,耳鼻科,1
9900027,0,2024,2024-05-14,9,脳卒中,1
9900027,0,2024,2024-05-15,2,脳神内,1
9900027,0,2024,2024-07-24,2,脳神内,1
9900027,0,2024,2024-08-22,2,脳神内,1
9900027,0,2024,2024-10-09,2,脳神内,1
9900027,0,2024,2024-11-26,2,脳神内,1
9900027,0,2024,2024-06-26,20,脳神外,1
9900027,0,2024,2024-07-26,20,脳神外,1
9900027,0,2024,2024-10-04,20,脳神外,1
9900027,0,2024,2025-02-28,20,脳神外,1
9900027,0,2024,2025-03-28,20,脳神外,1
9900027,0,2024,2024-05-14,8,腎臓内,1
9900027,0,2024,2025-02-25,8,腎臓内,1
9900027,0,2024,2024-08-19,1,血液内,1
9900027,0,2024,2025-03-28,1,血液内,2
9900043,0,2024,2024-06-26,6,糖尿内,1
