hos_cd	ins	fie_name	dep_cd	year	invr_intr
0104443	0	歯口外	32	2023	1
0105937	0	歯口外	32	2023	1
0106059	0	歯口外	32	2023	1
0106414	0	歯口外	32	2023	1
0106539	0	消化内	50	2023	1
0106558	0	乳甲外	16	2023	2
0106558	0	整形外	18	2023	1
0106749	0	腎臓内	08	2023	1
0107024	0	歯口外	32	2023	1
0107135	0	皮膚科	21	2023	1
0107305	0	歯口外	32	2023	1
0107564	0	眼科	26	2023	16
0107663	0	循環内	07	2023	1
0107663	0	糖尿内	06	2023	1
0107663	0	腎臓内	08	2023	1
0107838	0	心血外	15	2023	1
0107982	0	リハ	31	2023	1
0107982	0	歯口外	32	2023	1
0108030	0	歯口外	32	2023	1
0108034	0	眼科	26	2023	2
0108097	0	歯口外	32	2023	1
0108345	0	歯口外	32	2023	1
0108451	0	耳鼻科	25	2023	1
0108469	0	歯口外	32	2023	6
0108477	0	歯口外	32	2023	1
0108675	0	歯口外	32	2023	6
0108828	0	救急科	34	2023	2
0109335	0	歯口外	32	2023	1
0109467	0	歯口外	32	2023	1
0109875	0	産婦人	43	2023	1
0110013	0	整形外	18	2023	1
0110062	0	産婦人	43	2023	1
0110170	0	呼吸内	05	2023	1
0110170	0	心療科	12	2023	1
0110170	0	整形外	18	2023	1
0110170	0	脳神内	02	2023	1
0110246	0	乳甲外	16	2023	1
0110246	0	形成外	19	2023	2
0110246	0	循環内	07	2023	1
0110246	0	救急科	34	2023	1
0110246	0	整形外	18	2023	2
0110246	0	眼科	26	2023	2
0110261	0	泌尿器	22	2023	1
0110261	0	脳神内	02	2023	1
0110261	0	腎臓内	08	2023	2
0110279	0	リハ	31	2023	1
0110279	0	心療科	12	2023	11
0110279	0	救急科	34	2023	2
0110279	0	消化内	50	2023	1
0110279	0	糖尿内	06	2023	1
0110279	0	脳神内	02	2023	2
0110352	0	消化外	14	2023	1
0110416	0	歯口外	32	2023	1
0110427	0	リウ膠	48	2023	2
0110493	0	心療科	12	2023	1
0110493	0	救急科	34	2023	1
0110493	0	整形外	18	2023	1
0110493	0	泌尿器	22	2023	1
0110493	0	腎臓内	08	2023	2
0110531	0	歯口外	32	2023	1
0110580	0	歯口外	32	2023	30
0110626	0	乳甲外	16	2023	1
0110626	0	循環内	07	2023	2
0110626	0	心血外	15	2023	1
0110626	0	放治療	29	2023	1
0110626	0	救急科	34	2023	1
0110626	0	脳神内	02	2023	1
0110689	0	歯口外	32	2023	2
0111018	0	歯口外	32	2023	1
0111061	0	消化内	50	2023	1
0111061	0	皮膚科	21	2023	3
0111152	0	呼吸内	05	2023	2
0111152	0	呼吸外	13	2023	10
0111152	0	小児科	10	2023	2
0111152	0	形成外	19	2023	1
0111152	0	循環内	07	2023	11
0111152	0	心療科	12	2023	1
0111152	0	心血外	15	2023	22
0111152	0	救急科	34	2023	9
0111152	0	整形外	18	2023	9
0111152	0	泌尿器	22	2023	1
0111152	0	消化内	50	2023	5
0111152	0	消化外	14	2023	4
0111152	0	皮膚科	21	2023	2
0111152	0	糖尿内	06	2023	4
0111152	0	総合診	36	2023	4
0111152	0	耳鼻科	25	2023	1
0111152	0	脳卒中	09	2023	2
0111152	0	脳神内	02	2023	5
0111152	0	脳神外	20	2023	2
0111152	0	腎臓内	08	2023	16
0111240	0	歯口外	32	2023	1
0111299	0	歯口外	32	2023	1
0111319	0	リウ膠	48	2023	2
0111319	0	呼吸外	13	2023	1
0111319	0	形成外	19	2023	1
0111319	0	放診断	28	2023	1
0111319	0	救急科	34	2023	5
0111319	0	整形外	18	2023	3
0111319	0	眼科	26	2023	1
0111319	0	糖尿内	06	2023	1
0111319	0	脳神内	02	2023	4
0111319	0	脳神外	20	2023	1
0111319	0	腎臓内	08	2023	1
0111323	0	形成外	19	2023	1
0111327	0	心血外	15	2023	1
0111327	0	放核医	30	2023	1
0111327	0	腎臓内	08	2023	1
0111392	0	循環内	07	2023	1
0111392	0	救急科	34	2023	2
0111392	0	整形外	18	2023	2
0111392	0	糖尿内	06	2023	1
0111392	0	脳卒中	09	2023	3
0111392	0	脳神内	02	2023	1
0111392	0	脳神外	20	2023	1
0111400	0	整形外	18	2023	1
0111400	0	脳神内	02	2023	2
0111400	0	臨腫瘍	27	2023	1
0111442	0	乳甲外	16	2023	1
0111459	0	心血外	15	2023	1
0111459	0	整形外	18	2023	1
0111475	0	眼科	26	2023	3
0111489	0	歯口外	32	2023	1
0111491	0	放診断	28	2023	1
0111491	0	泌尿器	22	2023	1
0111491	0	脳卒中	09	2023	1
0111539	0	歯口外	32	2023	2
0111541	0	皮膚科	21	2023	2
0111608	0	心血外	15	2023	4
0111608	0	放診断	28	2023	1
0111608	0	救急科	34	2023	2
0111608	0	整形外	18	2023	2
0111608	0	消化外	14	2023	1
0111608	0	脳神内	02	2023	1
0111624	0	心血外	15	2023	2
0111673	0	眼科	26	2023	1
0111699	0	眼科	26	2023	2
0111749	0	脳神外	20	2023	1
0111830	0	糖尿内	06	2023	1
0111855	0	心血外	15	2023	2
0111855	0	腎臓内	08	2023	2
0111871	0	整形外	18	2023	1
0111889	0	小児科	10	2023	1
0111913	0	腎臓内	08	2023	2
0111954	0	リウ膠	48	2023	2
0111954	0	心血外	15	2023	1
0111954	0	放診断	28	2023	10
0111954	0	救急科	34	2023	3
0111954	0	整形外	18	2023	8
0111954	0	皮膚科	21	2023	1
0111954	0	脳神内	02	2023	1
0111954	0	麻酔科	37	2023	1
0111970	0	腎臓内	08	2023	1
0112028	0	循環内	07	2023	2
0112028	0	救急科	34	2023	2
0112028	0	整形外	18	2023	3
0112036	0	眼科	26	2023	2
0112036	0	脳卒中	09	2023	1
0112044	0	眼科	26	2023	2
0112069	0	呼吸内	05	2023	2
0112069	0	心血外	15	2023	1
0112069	0	整形外	18	2023	1
0112069	0	脳神外	20	2023	1
0112069	0	血液内	01	2023	1
0112119	0	循環内	07	2023	1
0112127	0	脳卒中	09	2023	1
0112184	0	心血外	15	2023	1
0112184	0	放診断	28	2023	5
0112184	0	消化外	14	2023	1
0112184	0	腎臓内	08	2023	3
0112184	0	血液内	01	2023	1
0112192	0	脳卒中	09	2023	1
0112192	0	脳神内	02	2023	1
0112218	0	眼科	26	2023	4
0112218	0	腎臓内	08	2023	1
0112259	0	総合診	36	2023	1
0112259	0	腎臓内	08	2023	2
0112259	0	血液内	01	2023	1
0112283	0	リウ膠	48	2023	1
0112283	0	循環内	07	2023	1
0112283	0	皮膚科	21	2023	1
0112283	0	糖尿内	06	2023	1
0112283	0	脳卒中	09	2023	1
0112291	0	消化外	14	2023	1
0112291	0	脳神内	02	2023	1
0112309	0	リウ膠	48	2023	1
0112309	0	産婦人	43	2023	1
0112309	0	糖尿内	06	2023	1
0112325	0	循環内	07	2023	1
0112325	0	耳鼻科	25	2023	1
0112325	0	腎臓内	08	2023	1
0112333	0	消化内	50	2023	1
0112341	0	糖尿内	06	2023	1
0112358	0	整形外	18	2023	1
0112416	0	循環内	07	2023	1
0112416	0	脳神内	02	2023	1
0112465	0	心血外	15	2023	1
0112465	0	腎臓内	08	2023	1
0112515	0	糖尿内	06	2023	1
0112564	0	循環内	07	2023	1
0112564	0	心血外	15	2023	2
0112564	0	救急科	34	2023	1
0112564	0	整形外	18	2023	2
0112564	0	泌尿器	22	2023	1
0112564	0	脳神内	02	2023	4
0112564	0	血液内	01	2023	1
0112622	0	眼科	26	2023	3
0112630	0	乳甲外	16	2023	1
0112630	0	整形外	18	2023	3
0112630	0	歯口外	32	2023	1
0112630	0	消化内	50	2023	1
0112630	0	耳鼻科	25	2023	1
0112648	0	整形外	18	2023	1
0112648	0	皮膚科	21	2023	1
0112671	0	血液内	01	2023	1
0112754	0	耳鼻科	25	2023	1
0112770	0	心血外	15	2023	1
0112788	0	整形外	18	2023	1
0112812	0	耳鼻科	25	2023	3
0112820	0	リウ膠	48	2023	2
0112820	0	呼吸内	05	2023	5
0112820	0	循環内	07	2023	1
0112820	0	心血外	15	2023	3
0112820	0	救急科	34	2023	1
0112820	0	整形外	18	2023	2
0112820	0	糖尿内	06	2023	2
0112820	0	耳鼻科	25	2023	1
0112820	0	脳神内	02	2023	2
0112820	0	脳神外	20	2023	2
0112820	0	腎臓内	08	2023	2
0112820	0	血液内	01	2023	2
0112846	0	救急科	34	2023	1
0112846	0	整形外	18	2023	1
0112861	0	リウ膠	48	2023	1
0112861	0	糖尿内	06	2023	1
0112887	0	眼科	26	2023	5
0112887	0	糖尿内	06	2023	1
0112960	0	循環内	07	2023	2
0112960	0	糖尿内	06	2023	1
0112960	0	腎臓内	08	2023	4
0112978	0	呼吸内	05	2023	1
0112994	0	眼科	26	2023	2
0112994	0	糖尿内	06	2023	1
0113000	0	心血外	15	2023	1
0113026	0	循環内	07	2023	1
0113026	0	整形外	18	2023	2
0113026	0	脳神内	02	2023	1
0113067	0	脳神外	20	2023	1
0113125	0	乳甲外	16	2023	1
0113190	0	脳卒中	09	2023	1
0113208	0	循環内	07	2023	1
0113208	0	総合診	36	2023	1
0113208	0	腎臓内	08	2023	7
0113257	0	消化内	50	2023	2
0113281	0	循環内	07	2023	1
0113281	0	消化内	50	2023	1
0113281	0	総合診	36	2023	1
0113281	0	脳卒中	09	2023	1
0113299	0	放診断	28	2023	1
0113315	0	循環内	07	2023	1
0113349	0	救急科	34	2023	2
0113349	0	整形外	18	2023	2
0113349	0	消化内	50	2023	1
0113349	0	脳神内	02	2023	2
0113372	0	循環内	07	2023	1
0113422	0	整形外	18	2023	1
0113489	0	救急科	34	2023	2
0113489	0	整形外	18	2023	12
0113489	0	腎臓内	08	2023	1
0113539	0	放核医	30	2023	1
0113547	0	放診断	28	2023	1
0113554	0	整形外	18	2023	1
0113554	0	総合診	36	2023	1
0113554	0	脳神内	02	2023	1
0113596	0	心血外	15	2023	1
0113596	0	整形外	18	2023	1
0113596	0	泌尿器	22	2023	1
0113596	0	腎臓内	08	2023	1
0113638	0	リウ膠	48	2023	1
0113638	0	泌尿器	22	2023	1
0113638	0	産婦人	43	2023	3
0113638	0	糖尿内	06	2023	1
0113638	0	血液内	01	2023	1
0113687	0	循環内	07	2023	2
0113687	0	消化内	50	2023	1
0113695	0	産婦人	43	2023	1
0113711	0	整形外	18	2023	1
0113737	0	心血外	15	2023	7
0113737	0	救急科	34	2023	1
0113737	0	腎臓内	08	2023	2
0113828	0	整形外	18	2023	2
0113885	0	腎臓内	08	2023	1
0113893	0	放診断	28	2023	1
0113893	0	腎臓内	08	2023	2
0113927	0	整形外	18	2023	1
0114008	0	心血外	15	2023	2
0114016	0	眼科	26	2023	1
0114032	0	リウ膠	48	2023	1
0114032	0	形成外	19	2023	1
0114032	0	循環内	07	2023	3
0114032	0	放治療	29	2023	2
0114032	0	救急科	34	2023	2
0114032	0	整形外	18	2023	5
0114032	0	泌尿器	22	2023	6
0114032	0	消化内	50	2023	6
0114032	0	消化外	14	2023	8
0114032	0	産婦人	43	2023	5
0114032	0	糖尿内	06	2023	1
0114032	0	脳卒中	09	2023	1
0114032	0	脳神外	20	2023	2
0114032	0	臨腫瘍	27	2023	2
0114057	0	腎臓内	08	2023	2
0114065	0	整形外	18	2023	1
0114115	0	循環内	07	2023	2
0114115	0	放診断	28	2023	1
0114164	0	脳神内	02	2023	1
0114172	0	小児科	10	2023	1
0114198	0	リハ	31	2023	1
0114198	0	呼吸外	13	2023	3
0114198	0	放診断	28	2023	5
0114198	0	救急科	34	2023	2
0114198	0	整形外	18	2023	6
0114198	0	脳神内	02	2023	2
0114198	0	腎臓内	08	2023	1
0114222	0	循環内	07	2023	7
0114222	0	心血外	15	2023	1
0114222	0	放診断	28	2023	1
0114222	0	整形外	18	2023	1
0114222	0	消化内	50	2023	1
0114222	0	皮膚科	21	2023	2
0114222	0	糖尿内	06	2023	3
0114222	0	耳鼻科	25	2023	1
0114222	0	脳神内	02	2023	1
0114222	0	腎臓内	08	2023	9
0114230	0	血液内	01	2023	1
0114271	0	乳甲外	16	2023	15
0114271	0	呼吸内	05	2023	1
0114271	0	循環内	07	2023	1
0114271	0	放核医	30	2023	10
0114271	0	放治療	29	2023	1
0114271	0	消化内	50	2023	2
0114271	0	産婦人	43	2023	5
0114271	0	糖尿内	06	2023	1
0114271	0	脳神内	02	2023	2
0114271	0	脳神外	20	2023	1
0114271	0	血液内	01	2023	2
0114297	0	リウ膠	48	2023	1
0114297	0	呼吸外	13	2023	2
0114297	0	循環内	07	2023	3
0114297	0	泌尿器	22	2023	1
0114297	0	消化内	50	2023	1
0114297	0	産婦人	43	2023	1
0114297	0	皮膚科	21	2023	1
0114297	0	脳卒中	09	2023	1
0114297	0	血液内	01	2023	1
0114305	0	循環内	07	2023	2
0114305	0	心血外	15	2023	2
0114305	0	総合診	36	2023	1
0114305	0	脳卒中	09	2023	3
0114305	0	脳神外	20	2023	2
0114388	0	呼吸内	05	2023	2
0114388	0	糖尿内	06	2023	1
0114388	0	腎臓内	08	2023	12
0114396	0	乳甲外	16	2023	2
0114396	0	循環内	07	2023	1
0114396	0	産婦人	43	2023	1
0114420	0	心血外	15	2023	1
0114461	0	脳神内	02	2023	1
0114479	0	救急科	34	2023	1
0114503	0	心療科	12	2023	1
0114537	0	乳甲外	16	2023	1
0114537	0	呼吸内	05	2023	2
0114537	0	呼吸外	13	2023	3
0114537	0	循環内	07	2023	38
0114537	0	心血外	15	2023	8
0114537	0	救急科	34	2023	1
0114537	0	整形外	18	2023	2
0114537	0	歯口外	32	2023	3
0114537	0	泌尿器	22	2023	2
0114537	0	消化内	50	2023	7
0114537	0	消化外	14	2023	1
0114537	0	脳卒中	09	2023	5
0114537	0	脳神内	02	2023	2
0114537	0	脳神外	20	2023	1
0114537	0	腎臓内	08	2023	18
0114537	0	血液内	01	2023	4
0114552	0	形成外	19	2023	1
0114552	0	救急科	34	2023	1
0114560	0	リウ膠	48	2023	1
0114560	0	呼吸内	05	2023	1
0114560	0	小児科	10	2023	2
0114560	0	循環内	07	2023	10
0114560	0	心療科	12	2023	1
0114560	0	心血外	15	2023	8
0114560	0	整形外	18	2023	1
0114560	0	泌尿器	22	2023	4
0114560	0	消化内	50	2023	6
0114560	0	皮膚科	21	2023	2
0114560	0	糖尿内	06	2023	7
0114560	0	総合診	36	2023	1
0114560	0	脳卒中	09	2023	2
0114560	0	脳神内	02	2023	6
0114560	0	脳神外	20	2023	1
0114560	0	血液内	01	2023	1
0114586	0	整形外	18	2023	1
0114586	0	脳神内	02	2023	6
0114602	0	放診断	28	2023	2
0114602	0	消化内	50	2023	1
0114602	0	眼科	26	2023	5
0114602	0	糖尿内	06	2023	2
0114602	0	脳神内	02	2023	1
0114610	0	リハ	31	2023	1
0114610	0	心血外	15	2023	1
0114610	0	泌尿器	22	2023	1
0114610	0	消化内	50	2023	3
0114610	0	耳鼻科	25	2023	1
0114636	0	循環内	07	2023	2
0114776	0	リウ膠	48	2023	4
0114776	0	リハ	31	2023	2
0114776	0	循環内	07	2023	4
0114776	0	心血外	15	2023	2
0114776	0	救急科	34	2023	3
0114776	0	整形外	18	2023	8
0114776	0	泌尿器	22	2023	2
0114776	0	消化内	50	2023	5
0114776	0	消化外	14	2023	1
0114776	0	皮膚科	21	2023	1
0114776	0	糖尿内	06	2023	4
0114776	0	総合診	36	2023	2
0114776	0	脳卒中	09	2023	1
0114776	0	脳神内	02	2023	3
0114776	0	脳神外	20	2023	2
0114776	0	腎臓内	08	2023	3
0114826	0	循環内	07	2023	2
0114867	0	リウ膠	48	2023	1
0114867	0	乳甲外	16	2023	1
0114867	0	心血外	15	2023	2
0114867	0	耳鼻科	25	2023	1
0114883	0	整形外	18	2023	1
0114974	0	皮膚科	21	2023	1
0114982	0	リウ膠	48	2023	1
0114982	0	心血外	15	2023	2
0114982	0	放診断	28	2023	2
0114982	0	救急科	34	2023	1
0114982	0	整形外	18	2023	1
0114982	0	消化内	50	2023	1
0114982	0	総合診	36	2023	1
0114982	0	脳神内	02	2023	2
0114990	0	リハ	31	2023	1
0115013	0	乳甲外	16	2023	1
0115013	0	循環内	07	2023	2
0115013	0	麻酔科	37	2023	1
0115039	0	腎臓内	08	2023	2
0115096	0	乳甲外	16	2023	1
0115096	0	呼吸内	05	2023	1
0115096	0	循環内	07	2023	1
0115096	0	心血外	15	2023	1
0115096	0	消化内	50	2023	1
0115120	0	消化内	50	2023	1
0115138	0	救急科	34	2023	1
0115153	0	腎臓内	08	2023	1
0115179	0	耳鼻科	25	2023	1
0115195	0	リウ膠	48	2023	1
0115195	0	眼科	26	2023	2
0115203	0	心血外	15	2023	2
0115229	0	心療科	12	2023	11
0115229	0	救急科	34	2023	7
0115229	0	脳神内	02	2023	1
0115245	0	救急科	34	2023	1
0115245	0	整形外	18	2023	1
0115252	0	循環内	07	2023	2
0115278	0	循環内	07	2023	1
0115278	0	眼科	26	2023	2
0115286	0	小児外	17	2023	1
0115286	0	産婦人	43	2023	5
0115286	0	眼科	26	2023	1
0115286	0	糖尿内	06	2023	1
0115310	0	呼吸内	05	2023	1
0115310	0	眼科	26	2023	3
0115328	0	リハ	31	2023	1
0115328	0	呼吸内	05	2023	1
0115328	0	小児科	10	2023	4
0115328	0	循環内	07	2023	7
0115328	0	心血外	15	2023	2
0115328	0	救急科	34	2023	1
0115328	0	泌尿器	22	2023	1
0115328	0	消化内	50	2023	1
0115328	0	皮膚科	21	2023	1
0115328	0	糖尿内	06	2023	5
0115328	0	脳卒中	09	2023	1
0115328	0	脳神内	02	2023	3
0115351	0	整形外	18	2023	1
0115401	0	循環内	07	2023	2
0115401	0	心血外	15	2023	1
0115435	0	心血外	15	2023	1
0115435	0	腎臓内	08	2023	1
0115468	0	整形外	18	2023	2
0115476	0	循環内	07	2023	4
0115476	0	心血外	15	2023	6
0115476	0	放核医	30	2023	1
0115476	0	整形外	18	2023	1
0115476	0	消化内	50	2023	1
0115476	0	耳鼻科	25	2023	1
0115476	0	脳卒中	09	2023	1
0115476	0	脳神内	02	2023	1
0115492	0	リウ膠	48	2023	1
0115492	0	眼科	26	2023	1
0115492	0	糖尿内	06	2023	1
0115534	0	呼吸内	05	2023	1
0115534	0	循環内	07	2023	1
0115567	0	脳神内	02	2023	1
0115567	0	臨腫瘍	27	2023	1
0115609	0	消化内	50	2023	1
0115609	0	皮膚科	21	2023	1
0115633	0	皮膚科	21	2023	1
0115641	0	救急科	34	2023	1
0115658	0	心血外	15	2023	3
0115658	0	放核医	30	2023	5
0115674	0	リハ	31	2023	1
0115674	0	整形外	18	2023	3
0115674	0	脳卒中	09	2023	2
0115674	0	脳神外	20	2023	3
0115682	0	小児科	10	2023	1
0115682	0	循環内	07	2023	1
0115690	0	小児科	10	2023	2
0115690	0	心療科	12	2023	1
0115690	0	整形外	18	2023	2
0115690	0	脳神内	02	2023	1
0115716	0	呼吸外	13	2023	1
0115716	0	循環内	07	2023	1
0115716	0	皮膚科	21	2023	1
0115724	0	リハ	31	2023	1
0115724	0	小児科	10	2023	1
0115732	0	皮膚科	21	2023	2
0115740	0	リハ	31	2023	1
0115740	0	循環内	07	2023	5
0115740	0	心血外	15	2023	4
0115740	0	救急科	34	2023	3
0115740	0	整形外	18	2023	1
0115740	0	消化内	50	2023	1
0115740	0	脳卒中	09	2023	2
0115740	0	脳神外	20	2023	1
0115740	0	腎臓内	08	2023	1
0115740	0	臨腫瘍	27	2023	1
0115740	0	血液内	01	2023	1
0115765	0	眼科	26	2023	2
0115773	0	整形外	18	2023	1
0115815	0	循環内	07	2023	1
0115823	0	リハ	31	2023	1
0115823	0	泌尿器	22	2023	1
0115823	0	皮膚科	21	2023	1
0115823	0	腎臓内	08	2023	2
0115823	0	臨腫瘍	27	2023	3
0115856	0	整形外	18	2023	1
0115898	0	心療科	12	2023	1
0115898	0	救急科	34	2023	1
0115906	0	呼吸内	05	2023	1
0115906	0	呼吸外	13	2023	1
0115906	0	循環内	07	2023	1
0115906	0	耳鼻科	25	2023	1
0115922	0	リハ	31	2023	3
0115922	0	小児科	10	2023	3
0115922	0	循環内	07	2023	2
0115922	0	泌尿器	22	2023	2
0115922	0	脳神内	02	2023	3
0115922	0	腎臓内	08	2023	1
0115922	0	臨腫瘍	27	2023	1
0115955	0	呼吸内	05	2023	1
0115955	0	耳鼻科	25	2023	14
0115963	0	放診断	28	2023	1
0115963	0	整形外	18	2023	4
0115963	0	脳神内	02	2023	2
0116037	0	小児科	10	2023	1
0116045	0	乳甲外	16	2023	1
0116045	0	循環内	07	2023	1
0116045	0	脳神内	02	2023	1
0116060	0	小児科	10	2023	1
0116060	0	耳鼻科	25	2023	5
0116110	0	泌尿器	22	2023	1
0116110	0	消化内	50	2023	1
0116110	0	脳神内	02	2023	10
0116136	0	心血外	15	2023	2
0116169	0	整形外	18	2023	3
0116169	0	泌尿器	22	2023	2
0116169	0	眼科	26	2023	1
0116169	0	脳神内	02	2023	1
0116169	0	脳神外	20	2023	2
0116169	0	臨腫瘍	27	2023	1
0116185	0	眼科	26	2023	23
0116185	0	脳卒中	09	2023	1
0116193	0	リハ	31	2023	1
0116193	0	循環内	07	2023	1
0116193	0	泌尿器	22	2023	1
0116201	0	脳神内	02	2023	1
0116219	0	乳甲外	16	2023	1
0116219	0	循環内	07	2023	1
0116235	0	循環内	07	2023	1
0116243	0	リウ膠	48	2023	1
0116243	0	乳甲外	16	2023	1
0116243	0	整形外	18	2023	2
0116243	0	眼科	26	2023	1
0116243	0	糖尿内	06	2023	2
0116243	0	耳鼻科	25	2023	1
0116276	0	泌尿器	22	2023	1
0116292	0	眼科	26	2023	1
0116300	0	リウ膠	48	2023	2
0116300	0	眼科	26	2023	16
0116326	0	循環内	07	2023	1
0116326	0	消化内	50	2023	1
0116334	0	小児科	10	2023	2
0116342	0	呼吸内	05	2023	1
0116359	0	産婦人	43	2023	1
0116383	0	循環内	07	2023	1
0116383	0	脳神内	02	2023	2
0116409	0	泌尿器	22	2023	1
0116425	0	乳甲外	16	2023	1
0116425	0	呼吸外	13	2023	4
0116425	0	循環内	07	2023	6
0116425	0	放診断	28	2023	1
0116425	0	消化内	50	2023	1
0116425	0	皮膚科	21	2023	1
0116425	0	耳鼻科	25	2023	1
0116425	0	腎臓内	08	2023	8
0116441	0	救急科	34	2023	2
0116441	0	整形外	18	2023	2
0116458	0	整形外	18	2023	1
0116458	0	臨腫瘍	27	2023	1
0116466	0	耳鼻科	25	2023	1
0116490	0	循環内	07	2023	4
0116490	0	放診断	28	2023	1
0116490	0	救急科	34	2023	1
0116490	0	脳神内	02	2023	1
0116490	0	腎臓内	08	2023	29
0116524	0	皮膚科	21	2023	1
0116565	0	救急科	34	2023	1
0116573	0	眼科	26	2023	1
0116615	0	循環内	07	2023	3
0116615	0	心血外	15	2023	1
0116615	0	消化内	50	2023	1
0116615	0	総合診	36	2023	6
0116615	0	腎臓内	08	2023	3
0116664	0	放核医	30	2023	1
0116664	0	救急科	34	2023	1
0116664	0	皮膚科	21	2023	4
0116805	0	脳神内	02	2023	1
0116821	0	乳甲外	16	2023	165
0116821	0	放核医	30	2023	3
0116821	0	放診断	28	2023	7
0116821	0	糖尿内	06	2023	1
0118834	0	乳甲外	16	2023	1
0120039	0	耳鼻科	25	2023	1
0120134	0	歯口外	32	2023	2
0120294	0	循環内	07	2023	2
0120294	0	心血外	15	2023	1
0120294	0	泌尿器	22	2023	1
0120294	0	消化内	50	2023	1
0120294	0	皮膚科	21	2023	1
0120294	0	脳卒中	09	2023	1
0120294	0	脳神内	02	2023	1
0120385	0	救急科	34	2023	1
0120427	0	心療科	12	2023	2
0120476	0	救急科	34	2023	1
0120476	0	整形外	18	2023	1
0120518	0	循環内	07	2023	1
0120518	0	脳卒中	09	2023	1
0120518	0	脳神外	20	2023	2
0120609	0	心療科	12	2023	1
0120807	0	脳神内	02	2023	1
0120815	0	耳鼻科	25	2023	2
0120880	0	整形外	18	2023	1
0121151	0	消化内	50	2023	1
0121185	0	循環内	07	2023	1
0121185	0	心血外	15	2023	1
0121185	0	産婦人	43	2023	1
0121235	0	小児科	10	2023	1
0121235	0	耳鼻科	25	2023	1
0121359	0	小児科	10	2023	3
0121383	0	耳鼻科	25	2023	1
0121458	0	リウ膠	48	2023	1
0121458	0	リハ	31	2023	1
0121458	0	眼科	26	2023	1
0121573	0	眼科	26	2023	1
0121581	0	救急科	34	2023	1
0121581	0	眼科	26	2023	1
0121599	0	心療科	12	2023	1
0121599	0	救急科	34	2023	1
0121607	0	循環内	07	2023	3
0121607	0	整形外	18	2023	1
0121607	0	消化内	50	2023	1
0121607	0	脳神内	02	2023	1
0121607	0	腎臓内	08	2023	3
0121714	0	皮膚科	21	2023	1
0121714	0	耳鼻科	25	2023	10
0121730	0	皮膚科	21	2023	1
0121813	0	脳神内	02	2023	1
0121821	0	脳卒中	09	2023	1
0121870	0	乳甲外	16	2023	1
0121896	0	心療科	12	2023	2
0121946	0	リハ	31	2023	1
0122027	0	皮膚科	21	2023	7
0122035	0	循環内	07	2023	2
0122159	0	耳鼻科	25	2023	2
0122209	0	皮膚科	21	2023	1
0122266	0	皮膚科	21	2023	1
0122316	0	小児科	10	2023	1
0122316	0	産婦人	43	2023	2
0122324	0	乳甲外	16	2023	1
0122324	0	泌尿器	22	2023	1
0122324	0	消化内	50	2023	2
0122324	0	脳卒中	09	2023	1
0122324	0	脳神内	02	2023	4
0122324	0	血液内	01	2023	1
0122399	0	心血外	15	2023	1
0122407	0	消化内	50	2023	1
0122464	0	リハ	31	2023	1
0122464	0	救急科	34	2023	2
0122530	0	心療科	12	2023	1
0122589	0	心療科	12	2023	1
0122662	0	心血外	15	2023	1
0122670	0	心血外	15	2023	1
0122670	0	腎臓内	08	2023	1
0122738	0	リハ	31	2023	2
0122738	0	放核医	30	2023	1
0122746	0	心療科	12	2023	1
0122746	0	救急科	34	2023	1
0122761	0	眼科	26	2023	2
0122795	0	産婦人	43	2023	1
0122795	0	耳鼻科	25	2023	1
0122829	0	乳甲外	16	2023	3
0122829	0	呼吸内	05	2023	1
0122829	0	循環内	07	2023	8
0122829	0	心療科	12	2023	1
0122829	0	放診断	28	2023	8
0122829	0	消化内	50	2023	3
0122829	0	糖尿内	06	2023	2
0122829	0	耳鼻科	25	2023	1
0122829	0	脳神内	02	2023	8
0122845	0	産婦人	43	2023	1
0122977	0	リハ	31	2023	1
0122977	0	消化内	50	2023	1
0122977	0	脳神外	20	2023	1
0122993	0	耳鼻科	25	2023	1
0123041	0	リウ膠	48	2023	1
0123041	0	乳甲外	16	2023	1
0123165	0	乳甲外	16	2023	1
0123249	0	心血外	15	2023	1
0123249	0	整形外	18	2023	1
0123322	0	消化内	50	2023	1
0123322	0	糖尿内	06	2023	1
0123322	0	脳神内	02	2023	1
0123330	0	腎臓内	08	2023	2
0123355	0	消化外	14	2023	1
0123355	0	腎臓内	08	2023	1
0123363	0	眼科	26	2023	11
0123397	0	眼科	26	2023	1
0123405	0	小児科	10	2023	9
0123405	0	循環内	07	2023	1
0123405	0	救急科	34	2023	1
0123405	0	産婦人	43	2023	23
0123470	0	形成外	19	2023	1
0123488	0	放診断	28	2023	1
0123496	0	心血外	15	2023	2
0123496	0	糖尿内	06	2023	1
0123546	0	心血外	15	2023	2
0123611	0	眼科	26	2023	1
0123611	0	耳鼻科	25	2023	1
0123652	0	形成外	19	2023	1
0123701	0	泌尿器	22	2023	1
0123736	0	眼科	26	2023	1
0123751	0	眼科	26	2023	5
0123777	0	皮膚科	21	2023	1
0123793	0	リウ膠	48	2023	1
0123801	0	呼吸内	05	2023	3
0123801	0	消化内	50	2023	3
0123801	0	腎臓内	08	2023	1
0123835	0	呼吸内	05	2023	1
0123876	0	リハ	31	2023	1
0123876	0	呼吸内	05	2023	1
0123876	0	心血外	15	2023	1
0123876	0	皮膚科	21	2023	1
0123876	0	脳卒中	09	2023	1
0123876	0	脳神外	20	2023	1
0123876	0	腎臓内	08	2023	4
0123975	0	リウ膠	48	2023	2
0123975	0	乳甲外	16	2023	2
0123975	0	救急科	34	2023	1
0123975	0	消化内	50	2023	2
0123975	0	糖尿内	06	2023	1
0123983	0	小児科	10	2023	1
0123991	0	脳神外	20	2023	1
0124378	0	小児科	10	2023	2
0124378	0	形成外	19	2023	2
0124378	0	糖尿内	06	2023	1
0124378	0	脳神内	02	2023	1
0125268	0	乳甲外	16	2023	2
0201983	0	歯口外	32	2023	1
0202320	0	歯口外	32	2023	5
0202445	0	脳神内	02	2023	1
0202452	0	歯口外	32	2023	1
0202585	0	歯口外	32	2023	1
0202668	0	皮膚科	21	2023	1
0202734	0	歯口外	32	2023	1
0202759	0	歯口外	32	2023	1
0203013	0	リウ膠	48	2023	1
0203013	0	歯口外	32	2023	7
0203229	0	歯口外	32	2023	1
0203280	0	心血外	15	2023	1
0203280	0	糖尿内	06	2023	1
0203280	0	耳鼻科	25	2023	1
0203280	0	血液内	01	2023	1
0203286	0	歯口外	32	2023	1
0203294	0	耳鼻科	25	2023	1
0203310	0	歯口外	32	2023	1
0203328	0	歯口外	32	2023	7
0203351	0	歯口外	32	2023	1
0203371	0	耳鼻科	25	2023	1
0203419	0	歯口外	32	2023	3
0203421	0	循環内	07	2023	1
0203518	0	歯口外	32	2023	1
0203633	0	歯口外	32	2023	1
0203757	0	歯口外	32	2023	4
0203773	0	消化内	50	2023	1
0203799	0	歯口外	32	2023	1
0203823	0	歯口外	32	2023	2
0203831	0	歯口外	32	2023	1
0203831	0	皮膚科	21	2023	1
0203849	0	循環内	07	2023	1
0203849	0	整形外	18	2023	1
0203864	0	歯口外	32	2023	1
0203872	0	歯口外	32	2023	1
0203914	0	歯口外	32	2023	1
0203971	0	歯口外	32	2023	2
0204102	0	歯口外	32	2023	1
0204110	0	歯口外	32	2023	1
0204148	0	リウ膠	48	2023	1
0204148	0	眼科	26	2023	8
0204151	0	歯口外	32	2023	1
0204169	0	歯口外	32	2023	1
0204243	0	歯口外	32	2023	1
0204243	0	腎臓内	08	2023	1
0204268	0	歯口外	32	2023	2
0204367	0	放診断	28	2023	1
0204367	0	歯口外	32	2023	5
0204375	0	歯口外	32	2023	1
0204383	0	歯口外	32	2023	1
0204391	0	歯口外	32	2023	5
0204437	0	眼科	26	2023	5
0204478	0	耳鼻科	25	2023	3
0204502	0	リウ膠	48	2023	1
0204502	0	乳甲外	16	2023	1
0204502	0	循環内	07	2023	4
0204502	0	心血外	15	2023	3
0204502	0	消化内	50	2023	1
0204502	0	脳卒中	09	2023	1
0204502	0	脳神外	20	2023	5
0204510	0	循環内	07	2023	3
0204510	0	救急科	34	2023	1
0204510	0	糖尿内	06	2023	2
0204510	0	総合診	36	2023	1
0204510	0	脳卒中	09	2023	1
0204510	0	脳神内	02	2023	1
0204510	0	脳神外	20	2023	1
0204510	0	腎臓内	08	2023	1
0204573	0	歯口外	32	2023	2
0204607	0	歯口外	32	2023	3
0204619	0	整形外	18	2023	1
0204698	0	歯口外	32	2023	1
0204706	0	歯口外	32	2023	2
0204805	0	歯口外	32	2023	3
0204862	0	歯口外	32	2023	1
0204916	0	眼科	26	2023	2
0204920	0	歯口外	32	2023	9
0204938	0	歯口外	32	2023	1
0204940	0	眼科	26	2023	2
0204946	0	歯口外	32	2023	1
0204957	0	眼科	26	2023	1
0204973	0	循環内	07	2023	1
0204973	0	脳神内	02	2023	1
0204981	0	循環内	07	2023	1
0204981	0	救急科	34	2023	4
0204981	0	整形外	18	2023	1
0204981	0	腎臓内	08	2023	1
0204981	0	血液内	01	2023	1
0204987	0	歯口外	32	2023	2
0204999	0	眼科	26	2023	7
0205087	0	リハ	31	2023	1
0205087	0	消化内	50	2023	2
0205103	0	循環内	07	2023	1
0205103	0	泌尿器	22	2023	1
0205103	0	腎臓内	08	2023	6
0205145	0	耳鼻科	25	2023	6
0205194	0	リウ膠	48	2023	1
0205194	0	呼吸外	13	2023	2
0205194	0	循環内	07	2023	1
0205194	0	心血外	15	2023	1
0205194	0	救急科	34	2023	1
0205194	0	消化外	14	2023	1
0205194	0	皮膚科	21	2023	1
0205194	0	糖尿内	06	2023	1
0205194	0	脳神内	02	2023	2
0205194	0	脳神外	20	2023	1
0205236	0	リウ膠	48	2023	1
0205236	0	心血外	15	2023	1
0205236	0	救急科	34	2023	2
0205236	0	整形外	18	2023	5
0205236	0	脳神内	02	2023	1
0205236	0	腎臓内	08	2023	2
0205251	0	小児科	10	2023	1
0205251	0	心血外	15	2023	3
0205251	0	整形外	18	2023	1
0205251	0	脳卒中	09	2023	1
0205251	0	血液内	01	2023	1
0205277	0	糖尿内	06	2023	1
0205293	0	循環内	07	2023	1
0205293	0	心血外	15	2023	1
0205293	0	脳神内	02	2023	2
0205327	0	リハ	31	2023	1
0205327	0	心血外	15	2023	1
0205327	0	放診断	28	2023	1
0205327	0	救急科	34	2023	3
0205327	0	整形外	18	2023	1
0205350	0	乳甲外	16	2023	1
0205350	0	消化内	50	2023	2
0205384	0	心療科	12	2023	1
0205392	0	循環内	07	2023	1
0205392	0	糖尿内	06	2023	1
0205392	0	脳神内	02	2023	1
0205434	0	循環内	07	2023	3
0205434	0	糖尿内	06	2023	1
0205434	0	総合診	36	2023	1
0205434	0	脳神内	02	2023	1
0205467	0	眼科	26	2023	2
0205491	0	小児科	10	2023	2
0205616	0	眼科	26	2023	8
0205640	0	呼吸外	13	2023	1
0205640	0	心血外	15	2023	1
0205640	0	消化外	14	2023	1
0205640	0	糖尿内	06	2023	1
0205640	0	脳神内	02	2023	2
0205640	0	脳神外	20	2023	1
0205640	0	腎臓内	08	2023	2
0205715	0	眼科	26	2023	3
0205723	0	小児科	10	2023	3
0205749	0	産婦人	43	2023	1
0205749	0	総合診	36	2023	1
0205749	0	脳神内	02	2023	1
0205772	0	心血外	15	2023	1
0205772	0	眼科	26	2023	4
0205780	0	リウ膠	48	2023	1
0205780	0	リハ	31	2023	1
0205780	0	心血外	15	2023	3
0205780	0	救急科	34	2023	1
0205780	0	泌尿器	22	2023	1
0205780	0	消化外	14	2023	1
0205780	0	皮膚科	21	2023	2
0205780	0	脳神内	02	2023	2
0205780	0	腎臓内	08	2023	1
0205806	0	脳卒中	09	2023	1
0205855	0	耳鼻科	25	2023	2
0205988	0	整形外	18	2023	1
0205988	0	消化内	50	2023	2
0205988	0	脳神内	02	2023	1
0205996	0	循環内	07	2023	1
0205996	0	放診断	28	2023	15
0205996	0	泌尿器	22	2023	9
0206010	0	形成外	19	2023	2
0206010	0	救急科	34	2023	2
0206010	0	皮膚科	21	2023	3
0206010	0	麻酔科	37	2023	1
0206028	0	放診断	28	2023	1
0206028	0	眼科	26	2023	19
0206036	0	循環内	07	2023	1
0206036	0	泌尿器	22	2023	1
0206044	0	眼科	26	2023	2
0206101	0	救急科	34	2023	1
0206135	0	リウ膠	48	2023	2
0206135	0	眼科	26	2023	17
0206176	0	皮膚科	21	2023	16
0206192	0	乳甲外	16	2023	1
0206192	0	循環内	07	2023	1
0206192	0	心血外	15	2023	2
0206192	0	救急科	34	2023	1
0206192	0	糖尿内	06	2023	1
0206267	0	循環内	07	2023	4
0206267	0	心血外	15	2023	1
0206267	0	救急科	34	2023	2
0206267	0	消化内	50	2023	2
0206267	0	糖尿内	06	2023	1
0206267	0	脳卒中	09	2023	1
0206267	0	腎臓内	08	2023	4
0206283	0	リハ	31	2023	1
0206283	0	呼吸内	05	2023	1
0206283	0	循環内	07	2023	11
0206283	0	救急科	34	2023	3
0206283	0	消化内	50	2023	1
0206283	0	糖尿内	06	2023	2
0206283	0	耳鼻科	25	2023	1
0206283	0	脳神内	02	2023	7
0206283	0	腎臓内	08	2023	1
0206416	0	リハ	31	2023	1
0206416	0	腎臓内	08	2023	1
0206424	0	循環内	07	2023	1
0206424	0	消化内	50	2023	1
0206473	0	リハ	31	2023	1
0206473	0	小児科	10	2023	1
0206473	0	整形外	18	2023	1
0206473	0	糖尿内	06	2023	2
0206473	0	脳神外	20	2023	1
0206473	0	腎臓内	08	2023	1
0206499	0	救急科	34	2023	1
0206499	0	皮膚科	21	2023	5
0206515	0	耳鼻科	25	2023	1
0206523	0	救急科	34	2023	1
0206523	0	消化内	50	2023	2
0206523	0	糖尿内	06	2023	1
0206523	0	脳神内	02	2023	1
0206531	0	呼吸外	13	2023	2
0206531	0	整形外	18	2023	1
0206531	0	脳神内	02	2023	1
0206580	0	リハ	31	2023	1
0206580	0	総合診	36	2023	1
0206580	0	腎臓内	08	2023	3
0206614	0	心血外	15	2023	1
0206614	0	消化外	14	2023	1
0206614	0	総合診	36	2023	2
0206614	0	腎臓内	08	2023	1
0206614	0	血液内	01	2023	1
0206622	0	耳鼻科	25	2023	3
0206648	0	小児科	10	2023	1
0206648	0	耳鼻科	25	2023	2
0206671	0	乳甲外	16	2023	1
0206671	0	呼吸外	13	2023	1
0206671	0	循環内	07	2023	1
0206671	0	心血外	15	2023	4
0206671	0	放核医	30	2023	1
0206671	0	泌尿器	22	2023	1
0206671	0	消化内	50	2023	1
0206671	0	脳神内	02	2023	1
0206705	0	救急科	34	2023	1
0206713	0	リウ膠	48	2023	1
0206713	0	循環内	07	2023	12
0206713	0	心血外	15	2023	1
0206713	0	救急科	34	2023	1
0206713	0	消化内	50	2023	1
0206713	0	糖尿内	06	2023	1
0206713	0	脳卒中	09	2023	1
0206739	0	歯口外	32	2023	1
0206739	0	脳卒中	09	2023	1
0206747	0	耳鼻科	25	2023	4
0206747	0	脳神内	02	2023	1
0206788	0	救急科	34	2023	1
0206788	0	整形外	18	2023	1
0206788	0	泌尿器	22	2023	1
0206788	0	耳鼻科	25	2023	1
0206788	0	腎臓内	08	2023	1
0206788	0	臨腫瘍	27	2023	1
0206796	0	呼吸内	05	2023	1
0206796	0	循環内	07	2023	2
0206796	0	放診断	28	2023	3
0206796	0	泌尿器	22	2023	1
0206796	0	消化内	50	2023	1
0206796	0	総合診	36	2023	1
0206796	0	脳神内	02	2023	2
0206796	0	腎臓内	08	2023	1
0206804	0	心血外	15	2023	1
0206804	0	救急科	34	2023	1
0206804	0	皮膚科	21	2023	3
0206820	0	呼吸内	05	2023	1
0206820	0	耳鼻科	25	2023	8
0206820	0	脳神内	02	2023	1
0206853	0	整形外	18	2023	2
0206853	0	糖尿内	06	2023	2
0206853	0	脳神内	02	2023	2
0206861	0	リウ膠	48	2023	1
0206861	0	リハ	31	2023	4
0206861	0	循環内	07	2023	1
0206861	0	放核医	30	2023	13
0206861	0	放診断	28	2023	40
0206861	0	救急科	34	2023	19
0206861	0	整形外	18	2023	58
0206861	0	泌尿器	22	2023	1
0206861	0	総合診	36	2023	1
0206861	0	脳神外	20	2023	1
0206861	0	腎臓内	08	2023	4
0206861	0	麻酔科	37	2023	1
0206879	0	リハ	31	2023	1
0206879	0	小児外	17	2023	2
0206879	0	小児科	10	2023	16
0206879	0	放診断	28	2023	16
0206879	0	歯口外	32	2023	1
0206879	0	耳鼻科	25	2023	17
0206887	0	小児科	10	2023	1
0206887	0	循環内	07	2023	1
0206887	0	心血外	15	2023	1
0206887	0	救急科	34	2023	1
0206887	0	腎臓内	08	2023	3
0206929	0	耳鼻科	25	2023	6
0206937	0	呼吸内	05	2023	1
0206937	0	循環内	07	2023	2
0206937	0	耳鼻科	25	2023	1
0206937	0	脳神内	02	2023	1
0206937	0	臨腫瘍	27	2023	9
0206952	0	呼吸外	13	2023	3
0206952	0	消化内	50	2023	1
0206952	0	総合診	36	2023	1
0206960	0	リウ膠	48	2023	1
0206960	0	リハ	31	2023	1
0206960	0	呼吸外	13	2023	1
0206960	0	循環内	07	2023	5
0206960	0	心血外	15	2023	1
0206960	0	放診断	28	2023	1
0206960	0	救急科	34	2023	1
0206960	0	消化外	14	2023	1
0206960	0	糖尿内	06	2023	1
0206960	0	脳神内	02	2023	1
0206978	0	リウ膠	48	2023	1
0206978	0	皮膚科	21	2023	1
0206978	0	総合診	36	2023	1
0206978	0	耳鼻科	25	2023	11
0206978	0	脳神内	02	2023	1
0206986	0	乳甲外	16	2023	1
0206986	0	循環内	07	2023	3
0206986	0	心療科	12	2023	1
0206986	0	心血外	15	2023	2
0206986	0	放診断	28	2023	1
0206986	0	救急科	34	2023	1
0206986	0	眼科	26	2023	1
0206986	0	脳卒中	09	2023	3
0206986	0	脳神内	02	2023	1
0206994	0	リウ膠	48	2023	1
0206994	0	眼科	26	2023	13
0207000	0	乳甲外	16	2023	1
0207000	0	循環内	07	2023	2
0207000	0	脳卒中	09	2023	1
0207018	0	小児外	17	2023	1
0207018	0	小児科	10	2023	5
0207026	0	リウ膠	48	2023	1
0207026	0	乳甲外	16	2023	5
0207026	0	心血外	15	2023	1
0207026	0	消化内	50	2023	2
0207026	0	産婦人	43	2023	2
0207026	0	糖尿内	06	2023	8
0207034	0	リウ膠	48	2023	1
0207034	0	リハ	31	2023	1
0207034	0	心血外	15	2023	1
0207034	0	救急科	34	2023	1
0207034	0	消化内	50	2023	2
0207034	0	皮膚科	21	2023	1
0207034	0	脳神内	02	2023	1
0207042	0	小児科	10	2023	1
0207059	0	循環内	07	2023	1
0207059	0	心血外	15	2023	1
0207059	0	救急科	34	2023	1
0207059	0	糖尿内	06	2023	3
0207059	0	脳神内	02	2023	1
0207083	0	循環内	07	2023	1
0207083	0	放核医	30	2023	1
0207083	0	消化内	50	2023	1
0207083	0	産婦人	43	2023	99
0207083	0	脳神内	02	2023	3
0207083	0	血液内	01	2023	2
0207109	0	呼吸内	05	2023	1
0207109	0	循環内	07	2023	1
0207109	0	消化内	50	2023	2
0207109	0	腎臓内	08	2023	4
0207117	0	呼吸内	05	2023	1
0207117	0	整形外	18	2023	2
0207117	0	脳神内	02	2023	1
0207125	0	血液内	01	2023	1
0207141	0	脳神内	02	2023	1
0210012	0	リウ膠	48	2023	5
0210012	0	リハ	31	2023	3
0210012	0	乳甲外	16	2023	6
0210012	0	呼吸内	05	2023	2
0210012	0	小児外	17	2023	2
0210012	0	小児科	10	2023	10
0210012	0	形成外	19	2023	5
0210012	0	循環内	07	2023	7
0210012	0	心療科	12	2023	3
0210012	0	心血外	15	2023	6
0210012	0	救急科	34	2023	13
0210012	0	整形外	18	2023	17
0210012	0	歯口外	32	2023	1
0210012	0	泌尿器	22	2023	6
0210012	0	消化内	50	2023	9
0210012	0	消化外	14	2023	6
0210012	0	産婦人	43	2023	9
0210012	0	皮膚科	21	2023	5
0210012	0	眼科	26	2023	4
0210012	0	糖尿内	06	2023	2
0210012	0	耳鼻科	25	2023	3
0210012	0	脳卒中	09	2023	4
0210012	0	脳神内	02	2023	8
0210012	0	脳神外	20	2023	2
0210012	0	腎臓内	08	2023	1
0210012	0	血液内	01	2023	6
0210012	0	麻酔科	37	2023	1
0210075	0	歯口外	32	2023	1
0210091	0	歯口外	32	2023	2
0210145	0	リウ膠	48	2023	1
0210145	0	乳甲外	16	2023	1
0210145	0	呼吸内	05	2023	4
0210145	0	呼吸外	13	2023	1
0210145	0	形成外	19	2023	1
0210145	0	循環内	07	2023	6
0210145	0	心血外	15	2023	5
0210145	0	救急科	34	2023	4
0210145	0	整形外	18	2023	23
0210145	0	泌尿器	22	2023	3
0210145	0	消化内	50	2023	6
0210145	0	消化外	14	2023	2
0210145	0	糖尿内	06	2023	4
0210145	0	総合診	36	2023	1
0210145	0	脳卒中	09	2023	11
0210145	0	脳神内	02	2023	3
0210145	0	脳神外	20	2023	3
0210145	0	腎臓内	08	2023	11
0210186	0	乳甲外	16	2023	1
0210186	0	呼吸内	05	2023	4
0210186	0	呼吸外	13	2023	6
0210186	0	小児科	10	2023	3
0210186	0	形成外	19	2023	10
0210186	0	循環内	07	2023	11
0210186	0	心血外	15	2023	8
0210186	0	放核医	30	2023	1
0210186	0	救急科	34	2023	11
0210186	0	整形外	18	2023	8
0210186	0	泌尿器	22	2023	4
0210186	0	消化内	50	2023	7
0210186	0	皮膚科	21	2023	8
0210186	0	眼科	26	2023	11
0210186	0	総合診	36	2023	4
0210186	0	耳鼻科	25	2023	1
0210186	0	脳神内	02	2023	3
0210186	0	脳神外	20	2023	3
0210186	0	腎臓内	08	2023	5
0210186	0	臨腫瘍	27	2023	1
0210190	0	歯口外	32	2023	1
0210210	0	リウ膠	48	2023	1
0210210	0	リハ	31	2023	2
0210210	0	乳甲外	16	2023	2
0210210	0	呼吸外	13	2023	2
0210210	0	形成外	19	2023	1
0210210	0	循環内	07	2023	3
0210210	0	心血外	15	2023	2
0210210	0	整形外	18	2023	4
0210210	0	消化外	14	2023	2
0210210	0	産婦人	43	2023	1
0210210	0	皮膚科	21	2023	2
0210210	0	眼科	26	2023	1
0210210	0	総合診	36	2023	1
0210210	0	耳鼻科	25	2023	1
0210210	0	脳神内	02	2023	3
0210210	0	血液内	01	2023	1
0210273	0	歯口外	32	2023	3
0210273	0	皮膚科	21	2023	1
0210281	0	歯口外	32	2023	2
0210281	0	腎臓内	08	2023	1
0210301	0	心血外	15	2023	1
0210301	0	整形外	18	2023	1
0210301	0	消化内	50	2023	3
0210301	0	眼科	26	2023	1
0210301	0	腎臓内	08	2023	6
0210356	0	歯口外	32	2023	1
0210364	0	歯口外	32	2023	1
0210368	0	乳甲外	16	2023	1
0210368	0	循環内	07	2023	1
0210368	0	整形外	18	2023	1
0210368	0	眼科	26	2023	1
0210368	0	耳鼻科	25	2023	1
0210368	0	脳神内	02	2023	1
0210380	0	救急科	34	2023	1
0210380	0	歯口外	32	2023	1
0210418	0	リウ膠	48	2023	1
0210418	0	リハ	31	2023	1
0210418	0	乳甲外	16	2023	1
0210418	0	呼吸内	05	2023	1
0210418	0	呼吸外	13	2023	1
0210418	0	形成外	19	2023	1
0210418	0	循環内	07	2023	5
0210418	0	心療科	12	2023	1
0210418	0	心血外	15	2023	7
0210418	0	救急科	34	2023	8
0210418	0	整形外	18	2023	26
0210418	0	泌尿器	22	2023	1
0210418	0	消化内	50	2023	6
0210418	0	消化外	14	2023	5
0210418	0	皮膚科	21	2023	4
0210418	0	眼科	26	2023	4
0210418	0	糖尿内	06	2023	5
0210418	0	総合診	36	2023	1
0210418	0	耳鼻科	25	2023	2
0210418	0	脳卒中	09	2023	8
0210418	0	脳神内	02	2023	3
0210418	0	脳神外	20	2023	5
0210418	0	腎臓内	08	2023	2
0210418	0	麻酔科	37	2023	1
0210463	0	歯口外	32	2023	2
0210497	0	歯口外	32	2023	9
0210517	0	リウ膠	48	2023	4
0210517	0	リハ	31	2023	18
0210517	0	乳甲外	16	2023	6
0210517	0	呼吸内	05	2023	3
0210517	0	呼吸外	13	2023	1
0210517	0	小児科	10	2023	8
0210517	0	形成外	19	2023	1
0210517	0	循環内	07	2023	8
0210517	0	心療科	12	2023	2
0210517	0	心血外	15	2023	11
0210517	0	放核医	30	2023	2
0210517	0	放治療	29	2023	1
0210517	0	救急科	34	2023	7
0210517	0	整形外	18	2023	6
0210517	0	泌尿器	22	2023	9
0210517	0	消化内	50	2023	15
0210517	0	消化外	14	2023	4
0210517	0	産婦人	43	2023	8
0210517	0	皮膚科	21	2023	4
0210517	0	眼科	26	2023	4
0210517	0	糖尿内	06	2023	5
0210517	0	総合診	36	2023	1
0210517	0	耳鼻科	25	2023	1
0210517	0	脳卒中	09	2023	1
0210517	0	脳神内	02	2023	5
0210517	0	脳神外	20	2023	1
0210517	0	腎臓内	08	2023	19
0210517	0	臨腫瘍	27	2023	4
0210517	0	血液内	01	2023	1
0210521	0	歯口外	32	2023	2
0210547	0	歯口外	32	2023	6
0210554	0	歯口外	32	2023	1
0210562	0	歯口外	32	2023	5
0210596	0	歯口外	32	2023	1
0210604	0	歯口外	32	2023	6
0210604	0	皮膚科	21	2023	1
0210612	0	歯口外	32	2023	2
0210640	0	循環内	07	2023	1
0210640	0	血液内	01	2023	1
0210653	0	耳鼻科	25	2023	1
0210679	0	歯口外	32	2023	19
0210723	0	リハ	31	2023	2
0210723	0	救急科	34	2023	3
0210723	0	整形外	18	2023	4
0210723	0	消化内	50	2023	3
0210723	0	消化外	14	2023	1
0210723	0	皮膚科	21	2023	8
0210723	0	脳神内	02	2023	2
0210723	0	腎臓内	08	2023	2
0210723	0	臨腫瘍	27	2023	1
0210731	0	心血外	15	2023	1
0210731	0	消化内	50	2023	1
0210745	0	産婦人	43	2023	1
0210749	0	リウ膠	48	2023	2
0210749	0	乳甲外	16	2023	8
0210749	0	呼吸内	05	2023	1
0210749	0	呼吸外	13	2023	4
0210749	0	小児科	10	2023	3
0210749	0	循環内	07	2023	8
0210749	0	心血外	15	2023	2
0210749	0	救急科	34	2023	6
0210749	0	整形外	18	2023	7
0210749	0	歯口外	32	2023	1
0210749	0	泌尿器	22	2023	4
0210749	0	消化内	50	2023	7
0210749	0	消化外	14	2023	4
0210749	0	産婦人	43	2023	2
0210749	0	皮膚科	21	2023	6
0210749	0	眼科	26	2023	13
0210749	0	糖尿内	06	2023	3
0210749	0	総合診	36	2023	2
0210749	0	耳鼻科	25	2023	5
0210749	0	脳卒中	09	2023	2
0210749	0	脳神内	02	2023	14
0210749	0	腎臓内	08	2023	10
0210749	0	血液内	01	2023	4
0210756	0	リウ膠	48	2023	1
0210756	0	リハ	31	2023	1
0210756	0	乳甲外	16	2023	2
0210756	0	呼吸内	05	2023	1
0210756	0	呼吸外	13	2023	2
0210756	0	循環内	07	2023	4
0210756	0	心血外	15	2023	3
0210756	0	放治療	29	2023	4
0210756	0	救急科	34	2023	2
0210756	0	整形外	18	2023	9
0210756	0	泌尿器	22	2023	1
0210756	0	消化内	50	2023	2
0210756	0	皮膚科	21	2023	2
0210756	0	糖尿内	06	2023	1
0210756	0	脳卒中	09	2023	1
0210756	0	腎臓内	08	2023	2
0210756	0	血液内	01	2023	5
0210814	0	循環内	07	2023	1
0210814	0	心療科	12	2023	1
0210814	0	救急科	34	2023	1
0210814	0	皮膚科	21	2023	1
0210814	0	脳神内	02	2023	1
0210822	0	リウ膠	48	2023	2
0210822	0	リハ	31	2023	3
0210822	0	乳甲外	16	2023	16
0210822	0	呼吸内	05	2023	4
0210822	0	呼吸外	13	2023	9
0210822	0	形成外	19	2023	11
0210822	0	循環内	07	2023	36
0210822	0	心血外	15	2023	10
0210822	0	放核医	30	2023	1
0210822	0	放診断	28	2023	1
0210822	0	救急科	34	2023	12
0210822	0	整形外	18	2023	21
0210822	0	泌尿器	22	2023	2
0210822	0	消化内	50	2023	11
0210822	0	消化外	14	2023	11
0210822	0	皮膚科	21	2023	3
0210822	0	眼科	26	2023	4
0210822	0	糖尿内	06	2023	3
0210822	0	総合診	36	2023	3
0210822	0	耳鼻科	25	2023	16
0210822	0	脳卒中	09	2023	13
0210822	0	脳神内	02	2023	5
0210822	0	脳神外	20	2023	10
0210822	0	腎臓内	08	2023	3
0210822	0	臨腫瘍	27	2023	1
0210822	0	血液内	01	2023	5
0210848	0	皮膚科	21	2023	1
0210848	0	眼科	26	2023	21
0210848	0	脳神内	02	2023	1
0210855	0	リハ	31	2023	1
0210855	0	呼吸内	05	2023	1
0210855	0	循環内	07	2023	6
0210855	0	救急科	34	2023	1
0210855	0	消化内	50	2023	1
0210855	0	糖尿内	06	2023	1
0210855	0	脳神内	02	2023	4
0210855	0	脳神外	20	2023	1
0210855	0	腎臓内	08	2023	2
0210863	0	呼吸外	13	2023	6
0210863	0	循環内	07	2023	4
0210863	0	心療科	12	2023	1
0210863	0	心血外	15	2023	8
0210863	0	放核医	30	2023	4
0210863	0	放診断	28	2023	2
0210863	0	救急科	34	2023	2
0210863	0	消化内	50	2023	15
0210863	0	消化外	14	2023	2
0210863	0	糖尿内	06	2023	1
0210863	0	総合診	36	2023	1
0210863	0	腎臓内	08	2023	3
0210863	0	血液内	01	2023	1
0210863	0	麻酔科	37	2023	1
0210897	0	救急科	34	2023	1
0210897	0	整形外	18	2023	1
0210897	0	泌尿器	22	2023	1
0210897	0	糖尿内	06	2023	1
0210897	0	脳神内	02	2023	2
0210921	0	乳甲外	16	2023	1
0210921	0	整形外	18	2023	1
0210921	0	消化内	50	2023	1
0210921	0	眼科	26	2023	2
0210921	0	脳神内	02	2023	1
0210921	0	脳神外	20	2023	1
0210921	0	腎臓内	08	2023	1
0210921	0	臨腫瘍	27	2023	1
0210939	0	救急科	34	2023	1
0210939	0	整形外	18	2023	1
0210939	0	脳神内	02	2023	1
0210962	0	乳甲外	16	2023	1
0210962	0	呼吸外	13	2023	2
0210962	0	小児外	17	2023	1
0210962	0	心血外	15	2023	3
0210962	0	放核医	30	2023	1
0210962	0	消化内	50	2023	2
0210962	0	消化外	14	2023	4
0210962	0	皮膚科	21	2023	1
0210962	0	糖尿内	06	2023	1
0210962	0	臨腫瘍	27	2023	3
0210988	0	心療科	12	2023	2
0210988	0	心血外	15	2023	1
0210996	0	救急科	34	2023	2
0210996	0	整形外	18	2023	12
0210996	0	皮膚科	21	2023	1
0210996	0	脳卒中	09	2023	1
0211002	0	リハ	31	2023	1
0211002	0	腎臓内	08	2023	2
0211028	0	乳甲外	16	2023	1
0211028	0	呼吸内	05	2023	1
0211028	0	放診断	28	2023	2
0211028	0	耳鼻科	25	2023	1
0211028	0	脳卒中	09	2023	1
0211051	0	産婦人	43	2023	1
0211119	0	循環内	07	2023	1
0211119	0	心血外	15	2023	1
0211119	0	救急科	34	2023	1
0211143	0	リハ	31	2023	1
0211143	0	循環内	07	2023	2
0211143	0	心血外	15	2023	3
0211143	0	救急科	34	2023	1
0211143	0	泌尿器	22	2023	1
0211143	0	消化内	50	2023	2
0211143	0	腎臓内	08	2023	3
0211150	0	呼吸内	05	2023	1
0211150	0	放診断	28	2023	1
0211150	0	救急科	34	2023	1
0211150	0	消化内	50	2023	1
0211150	0	糖尿内	06	2023	1
0211150	0	腎臓内	08	2023	1
0211184	0	乳甲外	16	2023	1
0211184	0	小児科	10	2023	6
0211184	0	耳鼻科	25	2023	2
0211192	0	リハ	31	2023	1
0211192	0	整形外	18	2023	1
0211192	0	消化内	50	2023	1
0211192	0	糖尿内	06	2023	1
0211192	0	腎臓内	08	2023	1
0211218	0	リウ膠	48	2023	1
0211218	0	循環内	07	2023	3
0211218	0	消化内	50	2023	2
0211218	0	脳神内	02	2023	1
0211234	0	リウ膠	48	2023	1
0211234	0	整形外	18	2023	1
0211242	0	循環内	07	2023	1
0211242	0	皮膚科	21	2023	1
0211259	0	乳甲外	16	2023	2
0211259	0	循環内	07	2023	2
0211259	0	心血外	15	2023	3
0211259	0	整形外	18	2023	1
0211259	0	消化内	50	2023	2
0211259	0	消化外	14	2023	1
0211259	0	糖尿内	06	2023	1
0211259	0	脳卒中	09	2023	1
0211259	0	脳神内	02	2023	1
0211259	0	脳神外	20	2023	1
0211267	0	リウ膠	48	2023	1
0211267	0	眼科	26	2023	3
0211283	0	リウ膠	48	2023	1
0211283	0	乳甲外	16	2023	1
0211283	0	循環内	07	2023	1
0211283	0	心血外	15	2023	1
0211283	0	腎臓内	08	2023	5
0211291	0	眼科	26	2023	1
0211317	0	心血外	15	2023	1
0211317	0	腎臓内	08	2023	4
0211325	0	乳甲外	16	2023	1
0211325	0	呼吸外	13	2023	1
0211325	0	心血外	15	2023	2
0211325	0	救急科	34	2023	1
0211325	0	歯口外	32	2023	1
0211325	0	耳鼻科	25	2023	1
0211325	0	脳卒中	09	2023	2
0211333	0	皮膚科	21	2023	1
0211358	0	呼吸外	13	2023	2
0211358	0	心血外	15	2023	2
0211358	0	脳神内	02	2023	2
0211366	0	救急科	34	2023	1
0211366	0	脳卒中	09	2023	1
0211416	0	循環内	07	2023	3
0211416	0	心血外	15	2023	9
0211416	0	救急科	34	2023	1
0211416	0	脳神内	02	2023	1
0211424	0	救急科	34	2023	1
0211424	0	耳鼻科	25	2023	3
0211432	0	小児科	10	2023	1
0211465	0	リハ	31	2023	1
0211465	0	心血外	15	2023	1
0211465	0	脳神内	02	2023	3
0211473	0	呼吸外	13	2023	3
0211473	0	整形外	18	2023	3
0211473	0	臨腫瘍	27	2023	1
0211481	0	リウ膠	48	2023	2
0211481	0	リハ	31	2023	1
0211481	0	呼吸内	05	2023	5
0211481	0	呼吸外	13	2023	3
0211481	0	小児科	10	2023	1
0211481	0	形成外	19	2023	1
0211481	0	循環内	07	2023	16
0211481	0	心血外	15	2023	14
0211481	0	放治療	29	2023	1
0211481	0	放診断	28	2023	73
0211481	0	救急科	34	2023	10
0211481	0	整形外	18	2023	2
0211481	0	消化内	50	2023	4
0211481	0	皮膚科	21	2023	4
0211481	0	糖尿内	06	2023	2
0211481	0	総合診	36	2023	2
0211481	0	脳卒中	09	2023	2
0211481	0	脳神内	02	2023	9
0211481	0	腎臓内	08	2023	10
0211499	0	リウ膠	48	2023	1
0211499	0	乳甲外	16	2023	1
0211499	0	小児科	10	2023	1
0211499	0	循環内	07	2023	1
0211499	0	心血外	15	2023	1
0211499	0	消化内	50	2023	1
0211499	0	耳鼻科	25	2023	2
0211499	0	脳神内	02	2023	1
0211499	0	腎臓内	08	2023	10
0211507	0	リウ膠	48	2023	1
0211507	0	呼吸外	13	2023	1
0211507	0	循環内	07	2023	1
0211515	0	循環内	07	2023	2
0211515	0	心血外	15	2023	2
0211515	0	脳卒中	09	2023	1
0211515	0	腎臓内	08	2023	1
0211523	0	循環内	07	2023	1
0211523	0	心血外	15	2023	1
0211523	0	消化内	50	2023	1
0211523	0	脳神内	02	2023	1
0211523	0	腎臓内	08	2023	1
0211529	0	糖尿内	06	2023	1
0211531	0	乳甲外	16	2023	1
0211531	0	脳神内	02	2023	1
0211531	0	脳神外	20	2023	1
0211531	0	腎臓内	08	2023	1
0211549	0	救急科	34	2023	2
0211549	0	腎臓内	08	2023	3
0211564	0	呼吸内	05	2023	1
0211564	0	呼吸外	13	2023	1
0211564	0	循環内	07	2023	1
0211564	0	心血外	15	2023	1
0211564	0	救急科	34	2023	2
0211564	0	整形外	18	2023	1
0211564	0	消化内	50	2023	1
0211564	0	総合診	36	2023	1
0211606	0	眼科	26	2023	29
0211630	0	循環内	07	2023	2
0211630	0	心血外	15	2023	1
0211630	0	皮膚科	21	2023	2
0211630	0	糖尿内	06	2023	1
0211630	0	総合診	36	2023	1
0211648	0	耳鼻科	25	2023	1
0211655	0	循環内	07	2023	2
0211671	0	乳甲外	16	2023	1
0211671	0	呼吸内	05	2023	1
0211671	0	心血外	15	2023	2
0211671	0	放診断	28	2023	1
0211671	0	整形外	18	2023	1
0211671	0	脳卒中	09	2023	1
0211671	0	脳神内	02	2023	4
0211671	0	脳神外	20	2023	1
0211697	0	乳甲外	16	2023	1
0211697	0	呼吸外	13	2023	1
0211697	0	循環内	07	2023	1
0211697	0	泌尿器	22	2023	1
0211697	0	消化内	50	2023	2
0211697	0	腎臓内	08	2023	6
0211713	0	心血外	15	2023	1
0211713	0	産婦人	43	2023	1
0211721	0	リハ	31	2023	1
0211721	0	循環内	07	2023	1
0211721	0	救急科	34	2023	2
0211739	0	リウ膠	48	2023	1
0211739	0	リハ	31	2023	1
0211739	0	乳甲外	16	2023	4
0211739	0	呼吸内	05	2023	2
0211739	0	呼吸外	13	2023	5
0211739	0	循環内	07	2023	24
0211739	0	心療科	12	2023	1
0211739	0	心血外	15	2023	4
0211739	0	放診断	28	2023	23
0211739	0	救急科	34	2023	5
0211739	0	消化内	50	2023	4
0211739	0	消化外	14	2023	1
0211739	0	産婦人	43	2023	1
0211739	0	皮膚科	21	2023	1
0211739	0	糖尿内	06	2023	4
0211739	0	脳卒中	09	2023	3
0211739	0	脳神内	02	2023	13
0211739	0	脳神外	20	2023	1
0211739	0	腎臓内	08	2023	4
0211754	0	皮膚科	21	2023	1
0211762	0	脳神内	02	2023	1
0211762	0	血液内	01	2023	1
0211770	0	救急科	34	2023	1
0211770	0	整形外	18	2023	2
0211770	0	消化外	14	2023	1
0211770	0	脳卒中	09	2023	1
0211788	0	リウ膠	48	2023	3
0211788	0	乳甲外	16	2023	1
0211788	0	呼吸内	05	2023	2
0211788	0	循環内	07	2023	1
0211788	0	腎臓内	08	2023	2
0211812	0	乳甲外	16	2023	1
0211812	0	循環内	07	2023	1
0211812	0	心療科	12	2023	1
0211812	0	心血外	15	2023	3
0211812	0	救急科	34	2023	1
0211812	0	整形外	18	2023	1
0211812	0	消化外	14	2023	1
0211812	0	脳神内	02	2023	1
0211812	0	脳神外	20	2023	1
0211846	0	乳甲外	16	2023	1
0211846	0	救急科	34	2023	1
0211846	0	脳卒中	09	2023	1
0211853	0	乳甲外	16	2023	2
0211853	0	呼吸外	13	2023	2
0211853	0	小児科	10	2023	2
0211853	0	循環内	07	2023	1
0211853	0	心血外	15	2023	3
0211853	0	救急科	34	2023	1
0211853	0	泌尿器	22	2023	1
0211853	0	消化内	50	2023	3
0211853	0	消化外	14	2023	2
0211853	0	脳神内	02	2023	1
0211853	0	腎臓内	08	2023	4
0211853	0	臨腫瘍	27	2023	3
0211853	0	血液内	01	2023	1
0211861	0	救急科	34	2023	1
0211861	0	耳鼻科	25	2023	3
0211887	0	眼科	26	2023	1
0211887	0	耳鼻科	25	2023	1
0211911	0	小児外	17	2023	1
0211911	0	小児科	10	2023	3
0211929	0	眼科	26	2023	1
0211929	0	糖尿内	06	2023	1
0211937	0	リハ	31	2023	2
0211937	0	乳甲外	16	2023	1
0211937	0	小児科	10	2023	1
0211952	0	救急科	34	2023	1
0211952	0	整形外	18	2023	2
0211960	0	呼吸外	13	2023	4
0211960	0	循環内	07	2023	2
0211960	0	糖尿内	06	2023	1
0211960	0	脳神内	02	2023	2
0211978	0	脳神内	02	2023	1
0211978	0	腎臓内	08	2023	1
0211986	0	呼吸内	05	2023	1
0211986	0	小児科	10	2023	1
0211986	0	耳鼻科	25	2023	3
0211994	0	放核医	30	2023	1
0211994	0	脳神外	20	2023	1
0212000	0	心血外	15	2023	2
0212000	0	脳神内	02	2023	2
0212000	0	臨腫瘍	27	2023	1
0212018	0	小児科	10	2023	1
0212018	0	耳鼻科	25	2023	1
0212018	0	脳神内	02	2023	1
0212026	0	リウ膠	48	2023	1
0212026	0	放診断	28	2023	3
0212026	0	眼科	26	2023	63
0212026	0	糖尿内	06	2023	1
0212042	0	乳甲外	16	2023	1
0212042	0	産婦人	43	2023	1
0212083	0	脳卒中	09	2023	1
0212125	0	リハ	31	2023	1
0212125	0	循環内	07	2023	2
0212125	0	心血外	15	2023	1
0212125	0	整形外	18	2023	1
0212125	0	消化内	50	2023	2
0212158	0	リハ	31	2023	1
0212158	0	呼吸内	05	2023	1
0212158	0	心血外	15	2023	2
0212158	0	放診断	28	2023	1
0212158	0	整形外	18	2023	10
0212158	0	消化内	50	2023	1
0212158	0	脳卒中	09	2023	1
0212158	0	脳神内	02	2023	1
0212158	0	脳神外	20	2023	2
0212166	0	乳甲外	16	2023	2
0212166	0	循環内	07	2023	1
0212166	0	糖尿内	06	2023	1
0212166	0	総合診	36	2023	1
0212166	0	脳神外	20	2023	1
0212174	0	小児外	17	2023	1
0212174	0	糖尿内	06	2023	1
0212182	0	糖尿内	06	2023	1
0212182	0	脳神内	02	2023	1
0212208	0	呼吸外	13	2023	1
0212208	0	循環内	07	2023	1
0212208	0	心血外	15	2023	3
0212216	0	心療科	12	2023	2
0212216	0	救急科	34	2023	1
0212224	0	呼吸外	13	2023	2
0212224	0	形成外	19	2023	1
0212224	0	循環内	07	2023	4
0212224	0	心血外	15	2023	4
0212224	0	救急科	34	2023	1
0212224	0	整形外	18	2023	2
0212224	0	泌尿器	22	2023	1
0212224	0	消化内	50	2023	2
0212224	0	脳卒中	09	2023	1
0212224	0	脳神内	02	2023	1
0212224	0	腎臓内	08	2023	30
0212224	0	血液内	01	2023	3
0212240	0	糖尿内	06	2023	1
0212240	0	脳神内	02	2023	1
0212257	0	消化外	14	2023	1
0212265	0	循環内	07	2023	2
0212299	0	リウ膠	48	2023	3
0212299	0	リハ	31	2023	1
0212299	0	呼吸内	05	2023	1
0212299	0	呼吸外	13	2023	7
0212299	0	循環内	07	2023	10
0212299	0	心血外	15	2023	6
0212299	0	救急科	34	2023	2
0212299	0	整形外	18	2023	1
0212299	0	消化内	50	2023	8
0212299	0	消化外	14	2023	1
0212299	0	糖尿内	06	2023	2
0212299	0	脳神内	02	2023	6
0212299	0	腎臓内	08	2023	3
0212323	0	小児科	10	2023	2
0212331	0	心血外	15	2023	1
0212331	0	糖尿内	06	2023	1
0212331	0	脳神内	02	2023	1
0212331	0	脳神外	20	2023	2
0212349	0	救急科	34	2023	1
0212364	0	皮膚科	21	2023	1
0212372	0	リハ	31	2023	2
0212372	0	呼吸外	13	2023	1
0212372	0	小児科	10	2023	1
0212372	0	救急科	34	2023	4
0212372	0	整形外	18	2023	2
0212372	0	消化内	50	2023	3
0212372	0	消化外	14	2023	1
0212372	0	眼科	26	2023	2
0212372	0	糖尿内	06	2023	2
0212372	0	脳神内	02	2023	2
0212380	0	リハ	31	2023	1
0212380	0	循環内	07	2023	3
0212380	0	救急科	34	2023	1
0212380	0	整形外	18	2023	1
0212380	0	泌尿器	22	2023	1
0212380	0	糖尿内	06	2023	1
0212380	0	脳神内	02	2023	2
0212380	0	腎臓内	08	2023	20
0212386	0	心血外	15	2023	1
0212398	0	リハ	31	2023	1
0212398	0	呼吸内	05	2023	1
0212398	0	心療科	12	2023	1
0212398	0	救急科	34	2023	1
0212398	0	整形外	18	2023	2
0212398	0	泌尿器	22	2023	1
0212398	0	消化外	14	2023	1
0212398	0	脳神内	02	2023	1
0212398	0	腎臓内	08	2023	1
0212406	0	救急科	34	2023	1
0212414	0	循環内	07	2023	1
0212414	0	皮膚科	21	2023	1
0212414	0	脳神内	02	2023	1
0212414	0	腎臓内	08	2023	3
0212422	0	歯口外	32	2023	1
0212430	0	循環内	07	2023	3
0212430	0	心血外	15	2023	2
0212430	0	放診断	28	2023	1
0212430	0	救急科	34	2023	1
0212430	0	泌尿器	22	2023	1
0212430	0	消化外	14	2023	1
0212430	0	皮膚科	21	2023	2
0212430	0	総合診	36	2023	1
0212430	0	脳神内	02	2023	4
0212430	0	脳神外	20	2023	1
0212430	0	腎臓内	08	2023	7
0212448	0	リハ	31	2023	1
0212448	0	乳甲外	16	2023	1
0212448	0	循環内	07	2023	4
0212448	0	心血外	15	2023	1
0212448	0	泌尿器	22	2023	1
0212448	0	皮膚科	21	2023	1
0212448	0	腎臓内	08	2023	1
0212455	0	救急科	34	2023	3
0212455	0	整形外	18	2023	1
0212463	0	放診断	28	2023	1
0212463	0	救急科	34	2023	1
0212463	0	耳鼻科	25	2023	2
0212463	0	脳卒中	09	2023	1
0212469	0	乳甲外	16	2023	21
0212469	0	形成外	19	2023	1
0212469	0	皮膚科	21	2023	1
0212471	0	整形外	18	2023	1
0212471	0	消化内	50	2023	2
0212489	0	耳鼻科	25	2023	4
0212513	0	リウ膠	48	2023	1
0212513	0	皮膚科	21	2023	2
0212521	0	乳甲外	16	2023	2
0212521	0	循環内	07	2023	3
0212521	0	整形外	18	2023	1
0212521	0	糖尿内	06	2023	2
0212521	0	脳神内	02	2023	1
0212547	0	救急科	34	2023	1
0212554	0	リハ	31	2023	1
0212554	0	乳甲外	16	2023	2
0212554	0	循環内	07	2023	2
0212554	0	心血外	15	2023	3
0212554	0	放診断	28	2023	1
0212554	0	消化内	50	2023	3
0212554	0	総合診	36	2023	2
0212554	0	脳卒中	09	2023	1
0212554	0	脳神内	02	2023	6
0212554	0	腎臓内	08	2023	3
0212554	0	血液内	01	2023	2
0212562	0	救急科	34	2023	1
0212562	0	整形外	18	2023	1
0212570	0	乳甲外	16	2023	1
0212570	0	小児科	10	2023	7
0212570	0	形成外	19	2023	1
0212570	0	産婦人	43	2023	17
0212570	0	皮膚科	21	2023	1
0212588	0	リウ膠	48	2023	1
0212588	0	眼科	26	2023	6
0212596	0	救急科	34	2023	2
0212604	0	救急科	34	2023	1
0212612	0	糖尿内	06	2023	1
0212612	0	腎臓内	08	2023	3
0212620	0	循環内	07	2023	1
0212620	0	眼科	26	2023	10
0212638	0	リハ	31	2023	1
0212638	0	放核医	30	2023	1
0212638	0	救急科	34	2023	1
0212653	0	救急科	34	2023	1
0212653	0	整形外	18	2023	4
0212661	0	呼吸内	05	2023	1
0212661	0	循環内	07	2023	1
0212661	0	心血外	15	2023	2
0212661	0	救急科	34	2023	1
0212661	0	総合診	36	2023	4
0212661	0	腎臓内	08	2023	17
0212687	0	形成外	19	2023	1
0212695	0	救急科	34	2023	2
0212695	0	脳神内	02	2023	1
0212703	0	リハ	31	2023	1
0212703	0	乳甲外	16	2023	1
0212703	0	循環内	07	2023	1
0212703	0	泌尿器	22	2023	1
0212703	0	消化内	50	2023	3
0212703	0	消化外	14	2023	2
0212703	0	皮膚科	21	2023	1
0212703	0	脳神内	02	2023	1
0212711	0	心療科	12	2023	9
0212711	0	救急科	34	2023	6
0212711	0	整形外	18	2023	3
0212711	0	消化内	50	2023	3
0212711	0	消化外	14	2023	1
0212711	0	産婦人	43	2023	1
0212711	0	総合診	36	2023	1
0212711	0	脳神内	02	2023	1
0212711	0	血液内	01	2023	1
0212752	0	心血外	15	2023	1
0212752	0	脳神内	02	2023	1
0212752	0	腎臓内	08	2023	1
0212778	0	眼科	26	2023	5
0212778	0	糖尿内	06	2023	1
0212786	0	心療科	12	2023	1
0212786	0	救急科	34	2023	3
0212786	0	脳神内	02	2023	2
0212786	0	脳神外	20	2023	1
0212794	0	リウ膠	48	2023	2
0212794	0	リハ	31	2023	1
0212794	0	乳甲外	16	2023	1
0212794	0	呼吸内	05	2023	1
0212794	0	呼吸外	13	2023	5
0212794	0	循環内	07	2023	4
0212794	0	心血外	15	2023	3
0212794	0	救急科	34	2023	1
0212794	0	消化内	50	2023	1
0212794	0	眼科	26	2023	4
0212794	0	糖尿内	06	2023	2
0212794	0	総合診	36	2023	1
0212794	0	脳卒中	09	2023	1
0212794	0	脳神外	20	2023	2
0212794	0	腎臓内	08	2023	1
0212802	0	心血外	15	2023	1
0212810	0	救急科	34	2023	1
0212810	0	整形外	18	2023	3
0212828	0	リハ	31	2023	1
0212828	0	乳甲外	16	2023	2
0212828	0	呼吸内	05	2023	2
0212828	0	循環内	07	2023	1
0212828	0	消化内	50	2023	3
0212828	0	皮膚科	21	2023	1
0212828	0	脳神内	02	2023	2
0212828	0	腎臓内	08	2023	1
0212844	0	呼吸内	05	2023	1
0212844	0	形成外	19	2023	1
0212844	0	心血外	15	2023	2
0212844	0	消化内	50	2023	1
0212850	0	脳神内	02	2023	1
0212885	0	リウ膠	48	2023	3
0212885	0	乳甲外	16	2023	4
0212885	0	呼吸外	13	2023	3
0212885	0	循環内	07	2023	35
0212885	0	心血外	15	2023	6
0212885	0	救急科	34	2023	1
0212885	0	整形外	18	2023	3
0212885	0	泌尿器	22	2023	1
0212885	0	消化内	50	2023	8
0212885	0	糖尿内	06	2023	10
0212885	0	耳鼻科	25	2023	1
0212885	0	脳卒中	09	2023	4
0212885	0	脳神内	02	2023	4
0212885	0	脳神外	20	2023	2
0212885	0	腎臓内	08	2023	8
0212885	0	血液内	01	2023	1
0212927	0	リウ膠	48	2023	15
0212927	0	リハ	31	2023	2
0212927	0	乳甲外	16	2023	6
0212927	0	呼吸内	05	2023	12
0212927	0	呼吸外	13	2023	8
0212927	0	形成外	19	2023	1
0212927	0	循環内	07	2023	28
0212927	0	心療科	12	2023	2
0212927	0	心血外	15	2023	7
0212927	0	放核医	30	2023	2
0212927	0	放診断	28	2023	53
0212927	0	救急科	34	2023	16
0212927	0	整形外	18	2023	22
0212927	0	歯口外	32	2023	2
0212927	0	泌尿器	22	2023	12
0212927	0	消化内	50	2023	18
0212927	0	消化外	14	2023	11
0212927	0	産婦人	43	2023	1
0212927	0	皮膚科	21	2023	8
0212927	0	糖尿内	06	2023	11
0212927	0	総合診	36	2023	2
0212927	0	耳鼻科	25	2023	4
0212927	0	脳卒中	09	2023	7
0212927	0	脳神内	02	2023	15
0212927	0	脳神外	20	2023	5
0212927	0	腎臓内	08	2023	5
0212927	0	臨腫瘍	27	2023	2
0212927	0	血液内	01	2023	6
0212927	0	麻酔科	37	2023	4
0212935	0	循環内	07	2023	1
0212935	0	消化内	50	2023	1
0212943	0	小児科	10	2023	2
0212943	0	循環内	07	2023	2
0212943	0	心血外	15	2023	3
0212943	0	救急科	34	2023	1
0212943	0	泌尿器	22	2023	1
0212943	0	消化内	50	2023	2
0212943	0	消化外	14	2023	2
0212943	0	皮膚科	21	2023	1
0212943	0	糖尿内	06	2023	3
0212943	0	耳鼻科	25	2023	1
0212943	0	脳神内	02	2023	7
0212943	0	腎臓内	08	2023	1
0212943	0	臨腫瘍	27	2023	1
0212943	0	血液内	01	2023	1
0212950	0	循環内	07	2023	1
0212950	0	心血外	15	2023	3
0212950	0	脳神外	20	2023	1
0212968	0	リハ	31	2023	8
0212968	0	呼吸内	05	2023	1
0212968	0	呼吸外	13	2023	1
0212968	0	循環内	07	2023	8
0212968	0	心血外	15	2023	1
0212968	0	放診断	28	2023	60
0212968	0	救急科	34	2023	7
0212968	0	整形外	18	2023	11
0212968	0	消化内	50	2023	2
0212968	0	糖尿内	06	2023	2
0212968	0	脳卒中	09	2023	1
0212968	0	脳神内	02	2023	4
0212968	0	脳神外	20	2023	2
0212976	0	小児科	10	2023	1
0212976	0	産婦人	43	2023	3
0212984	0	リウ膠	48	2023	1
0212984	0	リハ	31	2023	1
0212984	0	循環内	07	2023	2
0212984	0	心血外	15	2023	7
0212984	0	泌尿器	22	2023	1
0212984	0	消化内	50	2023	4
0212984	0	皮膚科	21	2023	2
0212984	0	脳神内	02	2023	3
0212984	0	腎臓内	08	2023	1
0212992	0	眼科	26	2023	7
0212992	0	腎臓内	08	2023	1
0213008	0	リウ膠	48	2023	2
0213008	0	乳甲外	16	2023	2
0213008	0	呼吸内	05	2023	2
0213008	0	呼吸外	13	2023	5
0213008	0	循環内	07	2023	8
0213008	0	心血外	15	2023	1
0213008	0	救急科	34	2023	2
0213008	0	消化内	50	2023	3
0213008	0	眼科	26	2023	5
0213008	0	糖尿内	06	2023	3
0213008	0	脳卒中	09	2023	1
0213008	0	脳神外	20	2023	1
0213008	0	腎臓内	08	2023	2
0213016	0	小児科	10	2023	2
0213032	0	脳神内	02	2023	1
0213032	0	脳神外	20	2023	1
0213040	0	リウ膠	48	2023	7
0213040	0	リハ	31	2023	1
0213040	0	乳甲外	16	2023	4
0213040	0	呼吸内	05	2023	6
0213040	0	呼吸外	13	2023	1
0213040	0	形成外	19	2023	1
0213040	0	循環内	07	2023	24
0213040	0	心療科	12	2023	1
0213040	0	心血外	15	2023	13
0213040	0	救急科	34	2023	10
0213040	0	整形外	18	2023	19
0213040	0	泌尿器	22	2023	2
0213040	0	消化内	50	2023	7
0213040	0	消化外	14	2023	2
0213040	0	産婦人	43	2023	1
0213040	0	皮膚科	21	2023	9
0213040	0	眼科	26	2023	13
0213040	0	糖尿内	06	2023	5
0213040	0	総合診	36	2023	2
0213040	0	耳鼻科	25	2023	1
0213040	0	脳卒中	09	2023	6
0213040	0	脳神内	02	2023	1
0213040	0	腎臓内	08	2023	38
0213040	0	血液内	01	2023	9
0213057	0	耳鼻科	25	2023	5
0213065	0	リウ膠	48	2023	5
0213065	0	リハ	31	2023	4
0213065	0	乳甲外	16	2023	2
0213065	0	呼吸内	05	2023	7
0213065	0	呼吸外	13	2023	5
0213065	0	小児科	10	2023	1
0213065	0	形成外	19	2023	6
0213065	0	循環内	07	2023	8
0213065	0	心血外	15	2023	10
0213065	0	放核医	30	2023	1
0213065	0	救急科	34	2023	11
0213065	0	整形外	18	2023	37
0213065	0	泌尿器	22	2023	9
0213065	0	消化内	50	2023	10
0213065	0	消化外	14	2023	3
0213065	0	産婦人	43	2023	1
0213065	0	皮膚科	21	2023	12
0213065	0	糖尿内	06	2023	8
0213065	0	脳卒中	09	2023	11
0213065	0	脳神内	02	2023	10
0213065	0	脳神外	20	2023	12
0213065	0	腎臓内	08	2023	8
0213065	0	臨腫瘍	27	2023	1
0213065	0	血液内	01	2023	9
0213073	0	リウ膠	48	2023	4
0213073	0	形成外	19	2023	1
0213073	0	皮膚科	21	2023	2
0213073	0	眼科	26	2023	46
0213073	0	糖尿内	06	2023	1
0213073	0	脳神外	20	2023	1
0213099	0	呼吸内	05	2023	1
0213099	0	循環内	07	2023	1
0213099	0	心血外	15	2023	3
0213099	0	救急科	34	2023	2
0213099	0	整形外	18	2023	1
0213099	0	消化内	50	2023	1
0213099	0	糖尿内	06	2023	2
0213099	0	脳神内	02	2023	2
0213099	0	腎臓内	08	2023	1
0213107	0	循環内	07	2023	1
0213107	0	泌尿器	22	2023	2
0213123	0	リハ	31	2023	2
0213123	0	呼吸内	05	2023	4
0213123	0	循環内	07	2023	1
0213123	0	心血外	15	2023	1
0213123	0	救急科	34	2023	1
0213123	0	消化内	50	2023	2
0213123	0	消化外	14	2023	3
0213123	0	糖尿内	06	2023	1
0213123	0	耳鼻科	25	2023	2
0213123	0	脳卒中	09	2023	3
0213123	0	脳神内	02	2023	3
0213123	0	脳神外	20	2023	2
0213123	0	腎臓内	08	2023	11
0213131	0	循環内	07	2023	1
0213131	0	心血外	15	2023	1
0213131	0	放診断	28	2023	1
0213131	0	消化内	50	2023	1
0213131	0	産婦人	43	2023	1
0213131	0	脳神内	02	2023	1
0213164	0	リウ膠	48	2023	5
0213164	0	リハ	31	2023	2
0213164	0	呼吸内	05	2023	5
0213164	0	形成外	19	2023	2
0213164	0	循環内	07	2023	22
0213164	0	心血外	15	2023	10
0213164	0	救急科	34	2023	11
0213164	0	整形外	18	2023	4
0213164	0	泌尿器	22	2023	3
0213164	0	消化内	50	2023	1
0213164	0	消化外	14	2023	3
0213164	0	糖尿内	06	2023	6
0213164	0	耳鼻科	25	2023	2
0213164	0	脳卒中	09	2023	1
0213164	0	脳神内	02	2023	3
0213164	0	脳神外	20	2023	7
0213164	0	腎臓内	08	2023	22
0213164	0	血液内	01	2023	1
0213172	0	リウ膠	48	2023	1
0213172	0	小児科	10	2023	1
0213172	0	形成外	19	2023	1
0213172	0	救急科	34	2023	6
0213172	0	消化内	50	2023	1
0213172	0	皮膚科	21	2023	30
0213172	0	臨腫瘍	27	2023	1
0213172	0	血液内	01	2023	1
0213198	0	呼吸内	05	2023	1
0213198	0	皮膚科	21	2023	1
0213198	0	腎臓内	08	2023	5
0213214	0	整形外	18	2023	4
0213214	0	眼科	26	2023	1
0213214	0	脳卒中	09	2023	3
0213214	0	脳神外	20	2023	5
0213222	0	救急科	34	2023	1
0213222	0	皮膚科	21	2023	15
0213230	0	救急科	34	2023	1
0213248	0	リウ膠	48	2023	2
0213248	0	リハ	31	2023	12
0213248	0	乳甲外	16	2023	3
0213248	0	呼吸内	05	2023	2
0213248	0	形成外	19	2023	2
0213248	0	循環内	07	2023	6
0213248	0	心療科	12	2023	1
0213248	0	心血外	15	2023	16
0213248	0	放核医	30	2023	1
0213248	0	救急科	34	2023	7
0213248	0	整形外	18	2023	36
0213248	0	歯口外	32	2023	1
0213248	0	泌尿器	22	2023	1
0213248	0	消化内	50	2023	6
0213248	0	消化外	14	2023	16
0213248	0	皮膚科	21	2023	3
0213248	0	糖尿内	06	2023	6
0213248	0	脳卒中	09	2023	1
0213248	0	脳神外	20	2023	1
0213248	0	腎臓内	08	2023	4
0213248	0	血液内	01	2023	1
0213255	0	呼吸内	05	2023	1
0213255	0	循環内	07	2023	8
0213255	0	心血外	15	2023	1
0213255	0	救急科	34	2023	1
0213255	0	泌尿器	22	2023	3
0213255	0	消化内	50	2023	3
0213255	0	脳神内	02	2023	1
0213255	0	腎臓内	08	2023	48
0213263	0	リウ膠	48	2023	1
0213263	0	リハ	31	2023	1
0213263	0	乳甲外	16	2023	4
0213263	0	呼吸内	05	2023	1
0213263	0	循環内	07	2023	1
0213263	0	心血外	15	2023	3
0213263	0	放核医	30	2023	1
0213263	0	救急科	34	2023	1
0213263	0	整形外	18	2023	2
0213263	0	消化外	14	2023	2
0213263	0	皮膚科	21	2023	5
0213263	0	眼科	26	2023	1
0213263	0	糖尿内	06	2023	1
0213263	0	耳鼻科	25	2023	1
0213263	0	脳卒中	09	2023	1
0213263	0	脳神内	02	2023	2
0213263	0	脳神外	20	2023	1
0213263	0	腎臓内	08	2023	1
0213263	0	臨腫瘍	27	2023	1
0213271	0	乳甲外	16	2023	1
0213271	0	形成外	19	2023	1
0213271	0	循環内	07	2023	1
0213271	0	整形外	18	2023	1
0213271	0	消化内	50	2023	1
0213271	0	脳神内	02	2023	1
0213289	0	産婦人	43	2023	2
0213289	0	血液内	01	2023	1
0213297	0	小児科	10	2023	2
0213305	0	救急科	34	2023	1
0213305	0	産婦人	43	2023	1
0213305	0	耳鼻科	25	2023	1
0213313	0	循環内	07	2023	2
0213313	0	心血外	15	2023	1
0213313	0	整形外	18	2023	1
0213313	0	眼科	26	2023	1
0213313	0	糖尿内	06	2023	1
0213321	0	小児科	10	2023	1
0213339	0	整形外	18	2023	1
0213347	0	リウ膠	48	2023	1
0213347	0	循環内	07	2023	1
0213347	0	心血外	15	2023	3
0213347	0	消化内	50	2023	3
0213347	0	皮膚科	21	2023	1
0213347	0	腎臓内	08	2023	1
0213354	0	呼吸内	05	2023	1
0213354	0	眼科	26	2023	18
0213354	0	糖尿内	06	2023	3
0213362	0	呼吸外	13	2023	1
0213370	0	心療科	12	2023	10
0213370	0	救急科	34	2023	1
0213370	0	脳神内	02	2023	1
0213388	0	形成外	19	2023	5
0213388	0	救急科	34	2023	8
0213388	0	皮膚科	21	2023	5
0213396	0	小児科	10	2023	5
0213404	0	乳甲外	16	2023	2
0213412	0	リウ膠	48	2023	1
0213412	0	リハ	31	2023	1
0213412	0	心血外	15	2023	3
0213412	0	脳神内	02	2023	1
0213420	0	皮膚科	21	2023	1
0213420	0	眼科	26	2023	21
0213438	0	リウ膠	48	2023	2
0213438	0	眼科	26	2023	4
0213446	0	循環内	07	2023	2
0213446	0	心療科	12	2023	1
0213446	0	心血外	15	2023	1
0213446	0	救急科	34	2023	1
0213446	0	泌尿器	22	2023	10
0213446	0	脳神内	02	2023	1
0213446	0	腎臓内	08	2023	7
0213529	0	眼科	26	2023	1
0214625	0	整形外	18	2023	1
0223618	0	乳甲外	16	2023	1
0223618	0	泌尿器	22	2023	1
0223618	0	糖尿内	06	2023	1
0301171	0	歯口外	32	2023	1
0301423	0	リハ	31	2023	1
0301423	0	脳神内	02	2023	1
0301480	0	眼科	26	2023	1
0301563	0	眼科	26	2023	1
0301613	0	循環内	07	2023	5
0301613	0	糖尿内	06	2023	1
0301647	0	整形外	18	2023	5
0301704	0	眼科	26	2023	5
0301753	0	眼科	26	2023	1
0301878	0	呼吸外	13	2023	3
0301977	0	循環内	07	2023	1
0301985	0	眼科	26	2023	16
0302017	0	リウ膠	48	2023	1
0302017	0	眼科	26	2023	7
0302033	0	耳鼻科	25	2023	1
0310051	0	リウ膠	48	2023	2
0310051	0	乳甲外	16	2023	2
0310051	0	形成外	19	2023	1
0310051	0	心血外	15	2023	1
0310051	0	皮膚科	21	2023	2
0310051	0	脳神内	02	2023	1
0310051	0	腎臓内	08	2023	7
0310127	0	心療科	12	2023	2
0310127	0	脳神内	02	2023	1
0310176	0	心血外	15	2023	1
0310176	0	整形外	18	2023	3
0310176	0	眼科	26	2023	1
0310176	0	糖尿内	06	2023	1
0310242	0	形成外	19	2023	2
0310242	0	血液内	01	2023	3
0310283	0	乳甲外	16	2023	1
0310358	0	消化内	50	2023	1
0310366	0	耳鼻科	25	2023	8
0310366	0	脳神内	02	2023	1
0310374	0	消化内	50	2023	1
0310374	0	消化外	14	2023	1
0310382	0	リウ膠	48	2023	1
0310432	0	整形外	18	2023	2
0310465	0	眼科	26	2023	1
0310481	0	糖尿内	06	2023	1
0310523	0	糖尿内	06	2023	1
0310531	0	リウ膠	48	2023	2
0310531	0	乳甲外	16	2023	5
0310531	0	呼吸内	05	2023	1
0310531	0	呼吸外	13	2023	1
0310531	0	形成外	19	2023	7
0310531	0	循環内	07	2023	1
0310531	0	心血外	15	2023	4
0310531	0	整形外	18	2023	4
0310531	0	歯口外	32	2023	1
0310531	0	泌尿器	22	2023	1
0310531	0	消化内	50	2023	2
0310531	0	消化外	14	2023	3
0310531	0	産婦人	43	2023	2
0310531	0	眼科	26	2023	7
0310531	0	耳鼻科	25	2023	2
0310531	0	脳卒中	09	2023	1
0310531	0	脳神内	02	2023	1
0310556	0	小児科	10	2023	1
0310580	0	救急科	34	2023	1
0310606	0	形成外	19	2023	2
0310606	0	心血外	15	2023	1
0310614	0	整形外	18	2023	1
0310622	0	リウ膠	48	2023	1
0310622	0	循環内	07	2023	1
0310622	0	心血外	15	2023	1
0310622	0	放診断	28	2023	1
0310648	0	整形外	18	2023	1
0310648	0	泌尿器	22	2023	1
0310648	0	腎臓内	08	2023	1
0310663	0	小児科	10	2023	1
0310663	0	心血外	15	2023	4
0310663	0	救急科	34	2023	1
0310663	0	整形外	18	2023	7
0310663	0	消化外	14	2023	1
0310663	0	皮膚科	21	2023	2
0310663	0	耳鼻科	25	2023	2
0310689	0	乳甲外	16	2023	1
0310739	0	脳神内	02	2023	2
0310762	0	心血外	15	2023	1
0310770	0	乳甲外	16	2023	5
0310770	0	呼吸外	13	2023	2
0310770	0	循環内	07	2023	1
0310770	0	心血外	15	2023	2
0310770	0	消化内	50	2023	3
0310770	0	消化外	14	2023	3
0310770	0	糖尿内	06	2023	3
0310770	0	腎臓内	08	2023	2
0310770	0	臨腫瘍	27	2023	1
0310788	0	泌尿器	22	2023	1
0310788	0	脳神内	02	2023	1
0310796	0	消化内	50	2023	1
0310796	0	糖尿内	06	2023	1
0310804	0	乳甲外	16	2023	1
0310804	0	呼吸外	13	2023	1
0310804	0	腎臓内	08	2023	2
0310812	0	心療科	12	2023	1
0310812	0	整形外	18	2023	1
0310820	0	呼吸外	13	2023	1
0310820	0	循環内	07	2023	1
0310820	0	心血外	15	2023	1
0310820	0	泌尿器	22	2023	1
0310820	0	消化内	50	2023	3
0310820	0	腎臓内	08	2023	5
0310838	0	脳神外	20	2023	1
0310846	0	リウ膠	48	2023	2
0310861	0	乳甲外	16	2023	1
0310861	0	糖尿内	06	2023	2
0310861	0	脳卒中	09	2023	1
0310879	0	乳甲外	16	2023	1
0310879	0	脳卒中	09	2023	1
0310887	0	循環内	07	2023	1
0310887	0	眼科	26	2023	1
0310887	0	糖尿内	06	2023	1
0310895	0	産婦人	43	2023	1
0400969	0	腎臓内	08	2023	1
0401173	0	眼科	26	2023	6
0401249	0	耳鼻科	25	2023	2
0401371	0	循環内	07	2023	1
0401397	0	歯口外	32	2023	1
0401397	0	消化外	14	2023	1
0401397	0	糖尿内	06	2023	1
0401397	0	腎臓内	08	2023	2
0401454	0	救急科	34	2023	1
0401470	0	リウ膠	48	2023	1
0401470	0	放診断	28	2023	1
0410018	0	心療科	12	2023	1
0410018	0	心血外	15	2023	1
0410018	0	脳神外	20	2023	1
0410018	0	腎臓内	08	2023	1
0410141	0	耳鼻科	25	2023	1
0410158	0	糖尿内	06	2023	1
0410182	0	乳甲外	16	2023	1
0410182	0	循環内	07	2023	1
0410182	0	腎臓内	08	2023	2
0410224	0	救急科	34	2023	1
0410281	0	循環内	07	2023	1
0410281	0	腎臓内	08	2023	1
0410349	0	脳神内	02	2023	1
0410372	0	リウ膠	48	2023	1
0410372	0	眼科	26	2023	9
0410372	0	脳神内	02	2023	1
0410398	0	脳神内	02	2023	1
0410406	0	乳甲外	16	2023	1
0410406	0	呼吸外	13	2023	1
0410406	0	循環内	07	2023	1
0410406	0	救急科	34	2023	1
0410406	0	整形外	18	2023	1
0410406	0	消化外	14	2023	1
0410406	0	脳神内	02	2023	1
0410406	0	脳神外	20	2023	1
0410406	0	腎臓内	08	2023	1
0410414	0	心療科	12	2023	1
0410471	0	呼吸内	05	2023	1
0410471	0	脳神外	20	2023	1
0410471	0	腎臓内	08	2023	1
0410497	0	腎臓内	08	2023	2
0410505	0	整形外	18	2023	1
0410547	0	循環内	07	2023	2
0410547	0	救急科	34	2023	2
0410547	0	消化内	50	2023	1
0410547	0	脳卒中	09	2023	1
0410547	0	腎臓内	08	2023	18
0410554	0	放診断	28	2023	1
0410620	0	リハ	31	2023	3
0410620	0	形成外	19	2023	1
0500491	0	呼吸外	13	2023	1
0500608	0	歯口外	32	2023	1
0500772	0	歯口外	32	2023	1
0501022	0	呼吸外	13	2023	1
0501022	0	循環内	07	2023	1
0501022	0	消化内	50	2023	1
0501022	0	脳神内	02	2023	1
0501063	0	呼吸内	05	2023	1
0501063	0	消化内	50	2023	1
0501089	0	腎臓内	08	2023	1
0501097	0	循環内	07	2023	1
0501097	0	心血外	15	2023	1
0501113	0	循環内	07	2023	1
0501204	0	リウ膠	48	2023	1
0501204	0	血液内	01	2023	1
0510045	0	歯口外	32	2023	4
0510064	0	リハ	31	2023	1
0510064	0	救急科	34	2023	2
0510064	0	消化内	50	2023	2
0510064	0	総合診	36	2023	1
0510064	0	脳神外	20	2023	2
0510098	0	リウ膠	48	2023	19
0510098	0	リハ	31	2023	1
0510098	0	乳甲外	16	2023	19
0510098	0	呼吸内	05	2023	3
0510098	0	呼吸外	13	2023	9
0510098	0	小児科	10	2023	9
0510098	0	形成外	19	2023	2
0510098	0	循環内	07	2023	24
0510098	0	心血外	15	2023	21
0510098	0	放核医	30	2023	3
0510098	0	救急科	34	2023	11
0510098	0	整形外	18	2023	20
0510098	0	泌尿器	22	2023	10
0510098	0	消化内	50	2023	8
0510098	0	消化外	14	2023	5
0510098	0	皮膚科	21	2023	3
0510098	0	眼科	26	2023	8
0510098	0	糖尿内	06	2023	2
0510098	0	総合診	36	2023	1
0510098	0	耳鼻科	25	2023	4
0510098	0	脳神内	02	2023	1
0510098	0	脳神外	20	2023	12
0510098	0	腎臓内	08	2023	9
0510098	0	臨腫瘍	27	2023	3
0510098	0	血液内	01	2023	3
0510221	0	形成外	19	2023	1
0510221	0	心血外	15	2023	1
0510221	0	整形外	18	2023	2
0510221	0	消化内	50	2023	2
0510221	0	消化外	14	2023	1
0510221	0	皮膚科	21	2023	2
0510221	0	脳神内	02	2023	1
0510247	0	リハ	31	2023	1
0510247	0	心療科	12	2023	1
0510247	0	救急科	34	2023	2
0510247	0	整形外	18	2023	1
0510247	0	泌尿器	22	2023	1
0510247	0	脳神内	02	2023	7
0510247	0	脳神外	20	2023	2
0510262	0	心血外	15	2023	3
0510270	0	循環内	07	2023	1
0510270	0	整形外	18	2023	2
0510270	0	腎臓内	08	2023	3
0510270	0	麻酔科	37	2023	1
0510288	0	歯口外	32	2023	1
0510304	0	形成外	19	2023	1
0510304	0	産婦人	43	2023	1
0510338	0	循環内	07	2023	1
0510338	0	心血外	15	2023	1
0510338	0	放核医	30	2023	1
0510338	0	総合診	36	2023	1
0510338	0	腎臓内	08	2023	2
0510346	0	リウ膠	48	2023	1
0510379	0	リハ	31	2023	1
0510379	0	心血外	15	2023	3
0510379	0	整形外	18	2023	2
0510379	0	消化内	50	2023	1
0510379	0	脳卒中	09	2023	2
0510379	0	脳神内	02	2023	1
0510387	0	糖尿内	06	2023	2
0510387	0	腎臓内	08	2023	4
0510411	0	耳鼻科	25	2023	1
0510437	0	リウ膠	48	2023	1
0510437	0	眼科	26	2023	13
0510437	0	脳神外	20	2023	1
0510452	0	循環内	07	2023	3
0510452	0	心血外	15	2023	4
0510452	0	放核医	30	2023	1
0510452	0	産婦人	43	2023	1
0510452	0	脳卒中	09	2023	1
0510460	0	眼科	26	2023	5
0510460	0	脳神外	20	2023	1
0511399	0	産婦人	43	2023	2
0513414	0	脳神外	20	2023	3
0514511	0	救急科	34	2023	1
0700475	0	リウ膠	48	2023	1
0700475	0	眼科	26	2023	26
0700483	0	乳甲外	16	2023	1
0700483	0	循環内	07	2023	1
0700483	0	心血外	15	2023	1
0700483	0	消化内	50	2023	1
0700491	0	循環内	07	2023	1
0700491	0	腎臓内	08	2023	1
0710010	0	乳甲外	16	2023	1
0710010	0	消化内	50	2023	1
0710017	0	歯口外	32	2023	1
0710025	0	歯口外	32	2023	1
0710037	0	循環内	07	2023	3
0710037	0	心血外	15	2023	4
0710037	0	整形外	18	2023	4
0710037	0	泌尿器	22	2023	1
0710037	0	糖尿内	06	2023	1
0710037	0	腎臓内	08	2023	8
0710037	0	血液内	01	2023	1
0710045	0	心血外	15	2023	1
0710045	0	消化内	50	2023	1
0710052	0	整形外	18	2023	4
0710052	0	腎臓内	08	2023	7
0710086	0	リウ膠	48	2023	2
0710086	0	小児科	10	2023	2
0710086	0	形成外	19	2023	1
0710086	0	循環内	07	2023	2
0710086	0	整形外	18	2023	2
0710086	0	消化内	50	2023	1
0710086	0	脳神内	02	2023	1
0710102	0	眼科	26	2023	3
0710102	0	血液内	01	2023	1
0710128	0	呼吸内	05	2023	1
0710128	0	呼吸外	13	2023	2
0710128	0	循環内	07	2023	2
0710128	0	心血外	15	2023	7
0710128	0	整形外	18	2023	13
0710128	0	消化内	50	2023	2
0710128	0	消化外	14	2023	5
0710128	0	耳鼻科	25	2023	2
0710128	0	脳神内	02	2023	1
0710128	0	血液内	01	2023	2
0710136	0	リウ膠	48	2023	2
0710136	0	呼吸外	13	2023	2
0710136	0	循環内	07	2023	1
0710136	0	救急科	34	2023	2
0710136	0	整形外	18	2023	7
0710136	0	消化内	50	2023	1
0710136	0	皮膚科	21	2023	2
0710136	0	脳神内	02	2023	1
0710136	0	脳神外	20	2023	1
0710136	0	腎臓内	08	2023	1
0710151	0	リウ膠	48	2023	2
0710151	0	乳甲外	16	2023	1
0710151	0	循環内	07	2023	1
0710177	0	乳甲外	16	2023	1
0710185	0	循環内	07	2023	1
0710185	0	心血外	15	2023	2
0710185	0	消化内	50	2023	1
0710185	0	脳卒中	09	2023	1
0710185	0	脳神外	20	2023	1
0710185	0	腎臓内	08	2023	8
0710193	0	形成外	19	2023	1
0710193	0	循環内	07	2023	1
0710193	0	救急科	34	2023	1
0710193	0	消化外	14	2023	1
0800305	0	歯口外	32	2023	1
0800396	0	歯口外	32	2023	1
0800420	0	歯口外	32	2023	1
0800453	0	歯口外	32	2023	1
0800511	0	循環内	07	2023	1
0800511	0	歯口外	32	2023	2
0800529	0	歯口外	32	2023	2
0800594	0	歯口外	32	2023	1
0800610	0	歯口外	32	2023	2
0800628	0	歯口外	32	2023	1
0800636	0	歯口外	32	2023	1
0800651	0	歯口外	32	2023	8
0800669	0	歯口外	32	2023	1
0800705	0	糖尿内	06	2023	1
0800853	0	乳甲外	16	2023	2
0800853	0	小児科	10	2023	2
0800853	0	循環内	07	2023	2
0800853	0	心血外	15	2023	2
0800853	0	救急科	34	2023	1
0800853	0	消化内	50	2023	1
0800853	0	産婦人	43	2023	1
0800853	0	糖尿内	06	2023	1
0800853	0	脳神内	02	2023	1
0800853	0	脳神外	20	2023	1
0800853	0	腎臓内	08	2023	3
0800887	0	リウ膠	48	2023	1
0800887	0	形成外	19	2023	1
0800887	0	心血外	15	2023	1
0800887	0	救急科	34	2023	4
0800887	0	皮膚科	21	2023	18
0800887	0	血液内	01	2023	1
0800937	0	消化外	14	2023	1
0800937	0	皮膚科	21	2023	1
0800978	0	心療科	12	2023	1
0800978	0	救急科	34	2023	1
0800978	0	脳神内	02	2023	2
0800986	0	リハ	31	2023	1
0800986	0	呼吸内	05	2023	3
0800986	0	形成外	19	2023	1
0800986	0	循環内	07	2023	1
0800986	0	放核医	30	2023	4
0800986	0	放診断	28	2023	6
0800986	0	救急科	34	2023	5
0800986	0	整形外	18	2023	18
0800986	0	消化内	50	2023	1
0800986	0	脳卒中	09	2023	1
0800986	0	脳神内	02	2023	3
0800986	0	脳神外	20	2023	2
0800986	0	血液内	01	2023	1
0800986	0	麻酔科	37	2023	1
0810015	0	歯口外	32	2023	1
0810019	0	リウ膠	48	2023	1
0810019	0	乳甲外	16	2023	2
0810019	0	呼吸内	05	2023	3
0810019	0	形成外	19	2023	1
0810019	0	循環内	07	2023	7
0810019	0	心血外	15	2023	2
0810019	0	救急科	34	2023	5
0810019	0	整形外	18	2023	16
0810019	0	泌尿器	22	2023	2
0810019	0	消化内	50	2023	5
0810019	0	消化外	14	2023	5
0810019	0	皮膚科	21	2023	15
0810019	0	糖尿内	06	2023	1
0810019	0	総合診	36	2023	1
0810019	0	脳卒中	09	2023	4
0810019	0	脳神内	02	2023	6
0810019	0	脳神外	20	2023	3
0810019	0	腎臓内	08	2023	5
0810019	0	血液内	01	2023	1
0810023	0	眼科	26	2023	1
0810035	0	リウ膠	48	2023	1
0810035	0	リハ	31	2023	4
0810035	0	乳甲外	16	2023	10
0810035	0	呼吸内	05	2023	4
0810035	0	呼吸外	13	2023	8
0810035	0	形成外	19	2023	2
0810035	0	循環内	07	2023	19
0810035	0	心療科	12	2023	1
0810035	0	心血外	15	2023	6
0810035	0	放核医	30	2023	1
0810035	0	救急科	34	2023	3
0810035	0	整形外	18	2023	18
0810035	0	泌尿器	22	2023	1
0810035	0	消化内	50	2023	12
0810035	0	消化外	14	2023	4
0810035	0	糖尿内	06	2023	12
0810035	0	耳鼻科	25	2023	1
0810035	0	脳卒中	09	2023	1
0810035	0	脳神内	02	2023	11
0810035	0	脳神外	20	2023	4
0810035	0	腎臓内	08	2023	9
0810035	0	臨腫瘍	27	2023	1
0810035	0	血液内	01	2023	3
0810049	0	歯口外	32	2023	2
0810050	0	リウ膠	48	2023	1
0810050	0	乳甲外	16	2023	2
0810050	0	循環内	07	2023	5
0810050	0	心血外	15	2023	3
0810050	0	救急科	34	2023	2
0810050	0	整形外	18	2023	3
0810050	0	消化内	50	2023	1
0810050	0	消化外	14	2023	2
0810050	0	皮膚科	21	2023	1
0810050	0	脳神内	02	2023	5
0810050	0	脳神外	20	2023	1
0810050	0	腎臓内	08	2023	2
0810064	0	歯口外	32	2023	3
0810080	0	歯口外	32	2023	7
0810100	0	呼吸内	05	2023	1
0810100	0	形成外	19	2023	4
0810100	0	循環内	07	2023	16
0810100	0	心血外	15	2023	5
0810100	0	整形外	18	2023	2
0810100	0	消化内	50	2023	3
0810100	0	消化外	14	2023	2
0810100	0	産婦人	43	2023	1
0810100	0	脳卒中	09	2023	1
0810100	0	脳神内	02	2023	6
0810100	0	腎臓内	08	2023	28
0810100	0	麻酔科	37	2023	1
0810126	0	心血外	15	2023	1
0810126	0	糖尿内	06	2023	1
0810159	0	乳甲外	16	2023	1
0810159	0	循環内	07	2023	2
0810159	0	心血外	15	2023	3
0810159	0	救急科	34	2023	1
0810159	0	消化内	50	2023	2
0810159	0	消化外	14	2023	1
0810159	0	糖尿内	06	2023	3
0810159	0	総合診	36	2023	1
0810159	0	脳卒中	09	2023	4
0810159	0	脳神内	02	2023	3
0810159	0	腎臓内	08	2023	3
0810175	0	リウ膠	48	2023	2
0810175	0	リハ	31	2023	1
0810175	0	呼吸外	13	2023	1
0810175	0	循環内	07	2023	8
0810175	0	心血外	15	2023	1
0810175	0	消化内	50	2023	1
0810175	0	消化外	14	2023	1
0810175	0	糖尿内	06	2023	1
0810175	0	総合診	36	2023	1
0810175	0	耳鼻科	25	2023	1
0810175	0	脳卒中	09	2023	3
0810175	0	脳神内	02	2023	1
0810175	0	腎臓内	08	2023	6
0810183	0	乳甲外	16	2023	1
0810183	0	呼吸内	05	2023	1
0810183	0	呼吸外	13	2023	5
0810183	0	循環内	07	2023	4
0810183	0	心血外	15	2023	5
0810183	0	救急科	34	2023	1
0810183	0	泌尿器	22	2023	1
0810183	0	消化内	50	2023	1
0810183	0	糖尿内	06	2023	1
0810183	0	脳卒中	09	2023	2
0810183	0	脳神内	02	2023	2
0810183	0	腎臓内	08	2023	3
0810191	0	リウ膠	48	2023	2
0810191	0	リハ	31	2023	1
0810191	0	乳甲外	16	2023	1
0810191	0	循環内	07	2023	11
0810191	0	心血外	15	2023	5
0810191	0	放核医	30	2023	1
0810191	0	救急科	34	2023	7
0810191	0	整形外	18	2023	13
0810191	0	消化内	50	2023	2
0810191	0	糖尿内	06	2023	3
0810191	0	総合診	36	2023	1
0810191	0	脳神内	02	2023	7
0810191	0	脳神外	20	2023	3
0810191	0	腎臓内	08	2023	6
0810209	0	リウ膠	48	2023	1
0810209	0	リハ	31	2023	1
0810209	0	乳甲外	16	2023	2
0810209	0	循環内	07	2023	6
0810209	0	心血外	15	2023	4
0810209	0	救急科	34	2023	3
0810209	0	整形外	18	2023	1
0810209	0	泌尿器	22	2023	1
0810209	0	消化内	50	2023	4
0810209	0	消化外	14	2023	1
0810209	0	脳卒中	09	2023	2
0810209	0	脳神内	02	2023	2
0810209	0	腎臓内	08	2023	2
0810225	0	小児外	17	2023	1
0810225	0	小児科	10	2023	4
0810225	0	循環内	07	2023	2
0810225	0	救急科	34	2023	1
0810225	0	眼科	26	2023	1
0810233	0	産婦人	43	2023	1
0810241	0	小児科	10	2023	3
0810241	0	循環内	07	2023	4
0810241	0	心血外	15	2023	3
0810241	0	救急科	34	2023	1
0810241	0	糖尿内	06	2023	1
0810241	0	脳神内	02	2023	1
0810266	0	心血外	15	2023	1
0810266	0	皮膚科	21	2023	15
0810266	0	脳神内	02	2023	1
0810282	0	乳甲外	16	2023	1
0810282	0	循環内	07	2023	6
0810282	0	消化内	50	2023	1
0810282	0	消化外	14	2023	1
0810282	0	脳卒中	09	2023	2
0810282	0	脳神内	02	2023	1
0810316	0	放診断	28	2023	1
0810316	0	眼科	26	2023	43
0810316	0	糖尿内	06	2023	1
0810324	0	リウ膠	48	2023	1
0810324	0	救急科	34	2023	1
0810324	0	皮膚科	21	2023	1
0810324	0	眼科	26	2023	94
0810324	0	脳神内	02	2023	1
0810324	0	腎臓内	08	2023	1
0810357	0	耳鼻科	25	2023	1
0810365	0	放診断	28	2023	9
0810365	0	救急科	34	2023	2
0810365	0	整形外	18	2023	10
0810365	0	脳神外	20	2023	1
0810373	0	循環内	07	2023	1
0810373	0	心血外	15	2023	1
0810373	0	救急科	34	2023	1
0810373	0	腎臓内	08	2023	1
0810399	0	リウ膠	48	2023	1
0810399	0	救急科	34	2023	2
0810399	0	整形外	18	2023	2
0810399	0	脳神外	20	2023	1
0810415	0	リウ膠	48	2023	1
0810415	0	呼吸内	05	2023	1
0810415	0	循環内	07	2023	5
0810415	0	心血外	15	2023	8
0810415	0	放診断	28	2023	1
0810415	0	救急科	34	2023	1
0810415	0	消化内	50	2023	2
0810415	0	糖尿内	06	2023	1
0810415	0	腎臓内	08	2023	1
0810423	0	リウ膠	48	2023	1
0810423	0	乳甲外	16	2023	3
0810423	0	呼吸内	05	2023	2
0810423	0	循環内	07	2023	1
0810423	0	心療科	12	2023	1
0810423	0	心血外	15	2023	1
0810423	0	放診断	28	2023	4
0810423	0	皮膚科	21	2023	1
0810423	0	糖尿内	06	2023	9
0810423	0	脳神内	02	2023	1
0810431	0	呼吸内	05	2023	1
0810431	0	小児科	10	2023	3
0810431	0	救急科	34	2023	1
0810431	0	腎臓内	08	2023	2
0810456	0	耳鼻科	25	2023	8
0810456	0	脳神内	02	2023	1
0810464	0	リウ膠	48	2023	1
0810464	0	呼吸外	13	2023	1
0810464	0	循環内	07	2023	8
0810464	0	心血外	15	2023	1
0810464	0	救急科	34	2023	1
0810464	0	整形外	18	2023	1
0810464	0	糖尿内	06	2023	2
0810464	0	脳神内	02	2023	1
0810464	0	脳神外	20	2023	1
0810464	0	腎臓内	08	2023	1
0810472	0	小児科	10	2023	10
0810472	0	耳鼻科	25	2023	1
0810480	0	放診断	28	2023	1
0810480	0	消化内	50	2023	1
0810480	0	消化外	14	2023	2
0810480	0	糖尿内	06	2023	1
0810480	0	脳神内	02	2023	2
0810480	0	臨腫瘍	27	2023	1
0810498	0	リウ膠	48	2023	1
0810498	0	リハ	31	2023	1
0810498	0	呼吸内	05	2023	1
0810498	0	呼吸外	13	2023	3
0810498	0	形成外	19	2023	1
0810498	0	循環内	07	2023	6
0810498	0	心血外	15	2023	1
0810498	0	放診断	28	2023	2
0810498	0	救急科	34	2023	2
0810498	0	消化内	50	2023	2
0810498	0	消化外	14	2023	2
0810498	0	産婦人	43	2023	1
0810498	0	脳神内	02	2023	3
0810498	0	脳神外	20	2023	2
0810506	0	呼吸内	05	2023	1
0810506	0	救急科	34	2023	1
0810506	0	皮膚科	21	2023	1
0810506	0	耳鼻科	25	2023	7
0810514	0	呼吸内	05	2023	4
0810514	0	呼吸外	13	2023	4
0810514	0	放診断	28	2023	7
0810514	0	泌尿器	22	2023	8
0810514	0	耳鼻科	25	2023	2
0810514	0	腎臓内	08	2023	2
0810522	0	循環内	07	2023	1
0810522	0	心血外	15	2023	2
0810522	0	整形外	18	2023	1
0810522	0	腎臓内	08	2023	11
0900162	0	歯口外	32	2023	1
0900246	0	歯口外	32	2023	1
0910013	0	リウ膠	48	2023	1
0910013	0	歯口外	32	2023	9
0910021	0	歯口外	32	2023	1
0910074	0	リウ膠	48	2023	7
0910074	0	リハ	31	2023	2
0910074	0	乳甲外	16	2023	7
0910074	0	呼吸内	05	2023	1
0910074	0	呼吸外	13	2023	4
0910074	0	形成外	19	2023	1
0910074	0	循環内	07	2023	23
0910074	0	心血外	15	2023	33
0910074	0	放核医	30	2023	1
0910074	0	救急科	34	2023	7
0910074	0	整形外	18	2023	7
0910074	0	泌尿器	22	2023	2
0910074	0	消化内	50	2023	47
0910074	0	皮膚科	21	2023	2
0910074	0	眼科	26	2023	2
0910074	0	糖尿内	06	2023	7
0910074	0	耳鼻科	25	2023	12
0910074	0	脳卒中	09	2023	4
0910074	0	脳神内	02	2023	6
0910074	0	脳神外	20	2023	1
0910074	0	腎臓内	08	2023	49
0910074	0	血液内	01	2023	1
0910074	0	麻酔科	37	2023	1
0910082	0	循環内	07	2023	1
0910082	0	心療科	12	2023	4
0910082	0	救急科	34	2023	1
0910082	0	消化内	50	2023	1
0910082	0	糖尿内	06	2023	1
0910082	0	脳神内	02	2023	2
0910173	0	糖尿内	06	2023	1
0910173	0	腎臓内	08	2023	1
0910199	0	リハ	31	2023	1
0910199	0	乳甲外	16	2023	1
0910199	0	呼吸内	05	2023	1
0910199	0	形成外	19	2023	2
0910199	0	循環内	07	2023	6
0910199	0	心血外	15	2023	5
0910199	0	放診断	28	2023	1
0910199	0	救急科	34	2023	3
0910199	0	整形外	18	2023	5
0910199	0	歯口外	32	2023	1
0910199	0	泌尿器	22	2023	8
0910199	0	消化内	50	2023	3
0910199	0	消化外	14	2023	4
0910199	0	糖尿内	06	2023	3
0910199	0	総合診	36	2023	2
0910199	0	耳鼻科	25	2023	1
0910199	0	脳卒中	09	2023	1
0910199	0	脳神内	02	2023	3
0910199	0	腎臓内	08	2023	6
0910199	0	臨腫瘍	27	2023	1
0910207	0	乳甲外	16	2023	1
0910207	0	循環内	07	2023	3
0910207	0	心血外	15	2023	1
0910207	0	消化内	50	2023	4
0910207	0	耳鼻科	25	2023	1
0910207	0	脳神内	02	2023	1
0910207	0	腎臓内	08	2023	1
0910214	0	リウ膠	48	2023	1
0910214	0	産婦人	43	2023	1
0910214	0	総合診	36	2023	1
0910215	0	呼吸内	05	2023	1
0910215	0	循環内	07	2023	3
0910215	0	心療科	12	2023	1
0910215	0	心血外	15	2023	4
0910215	0	救急科	34	2023	1
0910215	0	整形外	18	2023	1
0910215	0	泌尿器	22	2023	1
0910215	0	消化内	50	2023	2
0910215	0	産婦人	43	2023	1
0910215	0	糖尿内	06	2023	1
0910215	0	脳神内	02	2023	3
0910215	0	腎臓内	08	2023	1
0910249	0	呼吸外	13	2023	1
0910249	0	心血外	15	2023	1
0910249	0	救急科	34	2023	1
0910249	0	整形外	18	2023	1
0910249	0	脳神内	02	2023	1
0910256	0	呼吸外	13	2023	5
0910280	0	乳甲外	16	2023	4
0910280	0	産婦人	43	2023	1
0910280	0	総合診	36	2023	1
0910297	0	心血外	15	2023	1
0910297	0	腎臓内	08	2023	3
0910306	0	形成外	19	2023	1
0910306	0	心血外	15	2023	1
0910306	0	眼科	26	2023	50
0910306	0	糖尿内	06	2023	1
0910560	0	脳神内	02	2023	1
0910941	0	腎臓内	08	2023	4
0911063	0	放核医	30	2023	2
0911063	0	産婦人	43	2023	1
0911063	0	糖尿内	06	2023	1
0911063	0	脳神内	02	2023	1
0911170	0	眼科	26	2023	9
0911196	0	産婦人	43	2023	1
0911345	0	循環内	07	2023	3
0911584	0	リウ膠	48	2023	1
0911634	0	救急科	34	2023	1
0911634	0	眼科	26	2023	1
0911634	0	脳神内	02	2023	2
0911691	0	耳鼻科	25	2023	1
0911717	0	眼科	26	2023	1
0911725	0	心療科	12	2023	1
0911733	0	心血外	15	2023	3
0911733	0	糖尿内	06	2023	1
0911741	0	形成外	19	2023	2
1000368	0	歯口外	32	2023	3
1000418	0	歯口外	32	2023	2
1000628	0	救急科	34	2023	2
1000651	0	呼吸内	05	2023	1
1000651	0	小児科	10	2023	1
1000651	0	救急科	34	2023	1
1000651	0	歯口外	32	2023	1
1000651	0	耳鼻科	25	2023	15
1010064	0	リウ膠	48	2023	3
1010064	0	リハ	31	2023	1
1010064	0	呼吸内	05	2023	6
1010064	0	呼吸外	13	2023	1
1010064	0	小児科	10	2023	2
1010064	0	循環内	07	2023	7
1010064	0	心血外	15	2023	2
1010064	0	放診断	28	2023	1
1010064	0	救急科	34	2023	3
1010064	0	泌尿器	22	2023	11
1010064	0	消化内	50	2023	6
1010064	0	消化外	14	2023	2
1010064	0	眼科	26	2023	5
1010064	0	糖尿内	06	2023	1
1010064	0	耳鼻科	25	2023	1
1010064	0	脳神内	02	2023	2
1010064	0	脳神外	20	2023	3
1010064	0	腎臓内	08	2023	2
1010171	0	リウ膠	48	2023	1
1010171	0	乳甲外	16	2023	1
1010171	0	呼吸内	05	2023	1
1010171	0	循環内	07	2023	8
1010171	0	心血外	15	2023	4
1010171	0	放診断	28	2023	1
1010171	0	総合診	36	2023	2
1010171	0	脳神内	02	2023	1
1010171	0	腎臓内	08	2023	4
1010171	0	血液内	01	2023	1
1010239	0	リウ膠	48	2023	1
1010239	0	呼吸内	05	2023	1
1010239	0	循環内	07	2023	6
1010239	0	心血外	15	2023	2
1010239	0	放核医	30	2023	1
1010239	0	整形外	18	2023	1
1010239	0	総合診	36	2023	1
1010239	0	脳卒中	09	2023	1
1010239	0	脳神内	02	2023	1
1010239	0	腎臓内	08	2023	5
1010247	0	形成外	19	2023	1
1010247	0	眼科	26	2023	22
1010254	0	リハ	31	2023	1
1010254	0	循環内	07	2023	2
1010254	0	心血外	15	2023	2
1010254	0	救急科	34	2023	2
1010254	0	整形外	18	2023	16
1010254	0	消化内	50	2023	1
1010254	0	皮膚科	21	2023	7
1010254	0	脳神内	02	2023	5
1010254	0	脳神外	20	2023	5
1010254	0	腎臓内	08	2023	5
1010254	0	麻酔科	37	2023	1
1010262	0	リウ膠	48	2023	1
1010262	0	心療科	12	2023	4
1010262	0	脳神内	02	2023	1
1010270	0	呼吸内	05	2023	1
1010270	0	循環内	07	2023	2
1010270	0	救急科	34	2023	1
1010270	0	泌尿器	22	2023	1
1010270	0	消化内	50	2023	1
1010270	0	消化外	14	2023	1
1010270	0	糖尿内	06	2023	2
1010270	0	耳鼻科	25	2023	2
1010270	0	脳卒中	09	2023	1
1010270	0	腎臓内	08	2023	3
1010288	0	リウ膠	48	2023	2
1010288	0	リハ	31	2023	2
1010288	0	乳甲外	16	2023	12
1010288	0	呼吸内	05	2023	4
1010288	0	呼吸外	13	2023	3
1010288	0	小児科	10	2023	1
1010288	0	形成外	19	2023	1
1010288	0	循環内	07	2023	18
1010288	0	心血外	15	2023	5
1010288	0	放核医	30	2023	1
1010288	0	救急科	34	2023	4
1010288	0	整形外	18	2023	13
1010288	0	消化内	50	2023	17
1010288	0	消化外	14	2023	3
1010288	0	皮膚科	21	2023	1
1010288	0	糖尿内	06	2023	4
1010288	0	総合診	36	2023	2
1010288	0	脳卒中	09	2023	1
1010288	0	脳神内	02	2023	5
1010288	0	脳神外	20	2023	3
1010288	0	腎臓内	08	2023	9
1010288	0	血液内	01	2023	2
1010296	0	心血外	15	2023	1
1010296	0	消化内	50	2023	1
1010296	0	耳鼻科	25	2023	1
1010296	0	腎臓内	08	2023	11
1100493	0	眼科	26	2023	1
1110047	0	歯口外	32	2023	1
1110062	0	小児科	10	2023	2
1110079	0	整形外	18	2023	1
1110079	0	産婦人	43	2023	8
1110088	0	リウ膠	48	2023	1
1110088	0	乳甲外	16	2023	1
1110088	0	糖尿内	06	2023	1
1110104	0	循環内	07	2023	1
1110111	0	リウ膠	48	2023	8
1110111	0	形成外	19	2023	5
1110111	0	循環内	07	2023	1
1110111	0	心血外	15	2023	1
1110111	0	泌尿器	22	2023	2
1110111	0	消化内	50	2023	2
1110111	0	消化外	14	2023	1
1110111	0	皮膚科	21	2023	3
1110111	0	糖尿内	06	2023	1
1110111	0	脳神内	02	2023	3
1110111	0	腎臓内	08	2023	2
1110146	0	リウ膠	48	2023	2
1110335	0	糖尿内	06	2023	1
1110335	0	腎臓内	08	2023	2
1110574	0	循環内	07	2023	3
1110855	0	乳甲外	16	2023	1
1110855	0	整形外	18	2023	1
1110855	0	消化内	50	2023	1
1110855	0	消化外	14	2023	1
1110855	0	産婦人	43	2023	1
1110855	0	糖尿内	06	2023	3
1110889	0	小児科	10	2023	1
1111069	0	皮膚科	21	2023	1
1111275	0	整形外	18	2023	1
1111333	0	糖尿内	06	2023	1
1111374	0	脳神内	02	2023	1
1111390	0	腎臓内	08	2023	2
1111390	0	血液内	01	2023	1
1111424	0	呼吸内	05	2023	1
1111424	0	腎臓内	08	2023	1
1111465	0	整形外	18	2023	1
1111465	0	消化内	50	2023	1
1111473	0	皮膚科	21	2023	1
1111614	0	リウ膠	48	2023	1
1111622	0	眼科	26	2023	1
1111622	0	腎臓内	08	2023	1
1111721	0	乳甲外	16	2023	1
1111721	0	脳神内	02	2023	1
1111812	0	リウ膠	48	2023	1
1111812	0	消化内	50	2023	1
1111838	0	乳甲外	16	2023	1
1111895	0	リハ	31	2023	1
1111895	0	呼吸内	05	2023	1
1111895	0	形成外	19	2023	1
1111895	0	循環内	07	2023	1
1111895	0	整形外	18	2023	1
1111895	0	糖尿内	06	2023	1
1111911	0	整形外	18	2023	1
1111945	0	脳神内	02	2023	1
1111945	0	血液内	01	2023	2
1111978	0	血液内	01	2023	1
1111994	0	整形外	18	2023	1
1111994	0	消化内	50	2023	1
1112000	0	血液内	01	2023	2
1112067	0	リウ膠	48	2023	2
1112067	0	乳甲外	16	2023	1
1112067	0	呼吸外	13	2023	1
1112067	0	循環内	07	2023	2
1112067	0	心血外	15	2023	8
1112067	0	放核医	30	2023	2
1112067	0	救急科	34	2023	1
1112067	0	消化内	50	2023	1
1112067	0	消化外	14	2023	1
1112067	0	産婦人	43	2023	1
1112067	0	皮膚科	21	2023	11
1112067	0	眼科	26	2023	3
1112067	0	糖尿内	06	2023	1
1112067	0	耳鼻科	25	2023	3
1112067	0	腎臓内	08	2023	3
1112117	0	眼科	26	2023	2
1112190	0	腎臓内	08	2023	6
1112208	0	心療科	12	2023	1
1112224	0	循環内	07	2023	1
1112240	0	整形外	18	2023	1
1112281	0	心血外	15	2023	3
1112299	0	眼科	26	2023	3
1112307	0	泌尿器	22	2023	2
1112307	0	脳神外	20	2023	1
1130578	0	心血外	15	2023	1
1130800	0	歯口外	32	2023	1
1200034	0	歯口外	32	2023	1
1200038	0	眼科	26	2023	4
1210011	0	耳鼻科	25	2023	1
1210128	0	リウ膠	48	2023	1
1210128	0	呼吸外	13	2023	1
1210128	0	整形外	18	2023	10
1210128	0	消化内	50	2023	2
1210128	0	脳神内	02	2023	1
1300036	0	眼科	26	2023	1
1310018	0	リウ膠	48	2023	1
1310018	0	呼吸内	05	2023	1
1310068	0	循環内	07	2023	1
1310076	0	腎臓内	08	2023	1
1310182	0	整形外	18	2023	1
1310448	0	呼吸内	05	2023	1
1310448	0	皮膚科	21	2023	1
1310448	0	脳卒中	09	2023	1
1310448	0	脳神外	20	2023	1
1310448	0	血液内	01	2023	1
1310471	0	心血外	15	2023	1
1310471	0	脳神内	02	2023	1
1310513	0	血液内	01	2023	1
1400026	0	循環内	07	2023	1
1400026	0	耳鼻科	25	2023	7
1400026	0	腎臓内	08	2023	3
1400034	0	循環内	07	2023	4
1400034	0	心血外	15	2023	2
1400042	0	循環内	07	2023	1
1400059	0	皮膚科	21	2023	1
1410017	0	リウ膠	48	2023	1
1410017	0	眼科	26	2023	12
1410033	0	リウ膠	48	2023	2
1410033	0	リハ	31	2023	1
1410033	0	循環内	07	2023	1
1410033	0	心血外	15	2023	1
1410066	0	リウ膠	48	2023	2
1410066	0	呼吸外	13	2023	3
1410066	0	小児科	10	2023	1
1410066	0	循環内	07	2023	3
1410066	0	心血外	15	2023	9
1410066	0	整形外	18	2023	5
1410066	0	泌尿器	22	2023	3
1410066	0	消化内	50	2023	7
1410066	0	消化外	14	2023	1
1410066	0	眼科	26	2023	2
1410066	0	耳鼻科	25	2023	2
1410066	0	脳神外	20	2023	1
1410066	0	腎臓内	08	2023	17
1410066	0	臨腫瘍	27	2023	1
1500015	0	呼吸内	05	2023	1
1510195	0	リハ	31	2023	1
1510195	0	心血外	15	2023	1
1510195	0	脳神内	02	2023	1
1510278	0	総合診	36	2023	1
1510310	0	産婦人	43	2023	1
1510583	0	皮膚科	21	2023	2
1510583	0	糖尿内	06	2023	1
1510625	0	循環内	07	2023	1
1510625	0	心血外	15	2023	1
1510849	0	消化外	14	2023	1
1511219	0	乳甲外	16	2023	1
1511219	0	形成外	19	2023	1
1511219	0	循環内	07	2023	1
1511219	0	泌尿器	22	2023	1
1511219	0	消化外	14	2023	2
1511219	0	皮膚科	21	2023	1
1511219	0	総合診	36	2023	2
1511219	0	耳鼻科	25	2023	1
1511219	0	脳神内	02	2023	1
1511219	0	脳神外	20	2023	1
1511219	0	腎臓内	08	2023	1
1511219	0	血液内	01	2023	5
1511276	0	リウ膠	48	2023	23
1511276	0	乳甲外	16	2023	4
1511276	0	呼吸内	05	2023	1
1511276	0	呼吸外	13	2023	1
1511276	0	形成外	19	2023	4
1511276	0	放核医	30	2023	3
1511276	0	救急科	34	2023	1
1511276	0	泌尿器	22	2023	1
1511276	0	消化内	50	2023	1
1511276	0	消化外	14	2023	1
1511276	0	産婦人	43	2023	1
1511276	0	皮膚科	21	2023	4
1511276	0	眼科	26	2023	2
1511276	0	糖尿内	06	2023	3
1511276	0	総合診	36	2023	1
1511276	0	耳鼻科	25	2023	2
1511276	0	脳神内	02	2023	10
1511276	0	脳神外	20	2023	2
1511276	0	腎臓内	08	2023	6
1511276	0	血液内	01	2023	5
1511375	0	耳鼻科	25	2023	1
1511398	0	リウ膠	48	2023	2
1511398	0	整形外	18	2023	1
1511433	0	耳鼻科	25	2023	1
1511581	0	整形外	18	2023	1
1511912	0	心療科	12	2023	1
1511920	0	心血外	15	2023	1
1511953	0	消化内	50	2023	1
1512100	0	腎臓内	08	2023	2
1512233	0	心血外	15	2023	1
1512233	0	糖尿内	06	2023	1
1512258	0	リウ膠	48	2023	7
1512258	0	リハ	31	2023	1
1512258	0	乳甲外	16	2023	2
1512258	0	小児科	10	2023	1
1512258	0	循環内	07	2023	1
1512258	0	心血外	15	2023	4
1512258	0	整形外	18	2023	3
1512258	0	消化内	50	2023	3
1512258	0	消化外	14	2023	1
1512258	0	皮膚科	21	2023	4
1512258	0	脳神内	02	2023	4
1512258	0	腎臓内	08	2023	2
1512258	0	麻酔科	37	2023	1
1512266	0	耳鼻科	25	2023	1
1512365	0	リウ膠	48	2023	2
1512407	0	心療科	12	2023	2
1512498	0	消化外	14	2023	1
1512498	0	耳鼻科	25	2023	1
1512506	0	整形外	18	2023	1
1512506	0	眼科	26	2023	1
1512605	0	皮膚科	21	2023	1
1512654	0	泌尿器	22	2023	2
1512654	0	眼科	26	2023	3
1512654	0	糖尿内	06	2023	2
1512654	0	脳神内	02	2023	1
1512811	0	眼科	26	2023	3
1512811	0	耳鼻科	25	2023	1
1512829	0	リハ	31	2023	1
1512829	0	乳甲外	16	2023	3
1512829	0	呼吸外	13	2023	1
1512829	0	形成外	19	2023	1
1512829	0	心血外	15	2023	1
1512829	0	放診断	28	2023	2
1512829	0	整形外	18	2023	1
1512829	0	糖尿内	06	2023	1
1512829	0	脳神内	02	2023	5
1512829	0	脳神外	20	2023	12
1512829	0	腎臓内	08	2023	1
1512894	0	リハ	31	2023	1
1512894	0	眼科	26	2023	1
1512977	0	形成外	19	2023	2
1512977	0	整形外	18	2023	5
1512977	0	消化内	50	2023	1
1512977	0	消化外	14	2023	1
1513017	0	循環内	07	2023	1
1513017	0	消化内	50	2023	1
1513017	0	皮膚科	21	2023	1
1513017	0	脳卒中	09	2023	1
1513017	0	脳神内	02	2023	1
1513017	0	脳神外	20	2023	1
1513223	0	心療科	12	2023	1
1513280	0	形成外	19	2023	1
1513280	0	心血外	15	2023	1
1513280	0	整形外	18	2023	1
1513363	0	糖尿内	06	2023	1
1513439	0	消化内	50	2023	1
1513504	0	心療科	12	2023	1
1513504	0	消化外	14	2023	1
1513504	0	総合診	36	2023	1
1513504	0	腎臓内	08	2023	1
1513579	0	リウ膠	48	2023	1
1513579	0	糖尿内	06	2023	1
1513579	0	腎臓内	08	2023	2
1513678	0	脳神内	02	2023	1
1513686	0	心療科	12	2023	1
1513694	0	耳鼻科	25	2023	2
1513702	0	心療科	12	2023	1
1513751	0	リウ膠	48	2023	2
1513751	0	皮膚科	21	2023	1
1513751	0	眼科	26	2023	19
1513769	0	救急科	34	2023	1
1513769	0	産婦人	43	2023	1
1513785	0	リウ膠	48	2023	1
1513801	0	リウ膠	48	2023	1
1513801	0	脳卒中	09	2023	1
1513801	0	腎臓内	08	2023	2
1513819	0	眼科	26	2023	3
1513983	0	消化内	50	2023	1
1513991	0	リウ膠	48	2023	2
1513991	0	脳神内	02	2023	1
1514023	0	皮膚科	21	2023	1
1514049	0	放核医	30	2023	1
1514049	0	整形外	18	2023	1
1514049	0	消化内	50	2023	1
1514049	0	脳神内	02	2023	1
1514049	0	脳神外	20	2023	1
1514080	0	循環内	07	2023	1
1514114	0	皮膚科	21	2023	1
1514122	0	腎臓内	08	2023	2
1514189	0	腎臓内	08	2023	1
1514312	0	心血外	15	2023	2
1514320	0	乳甲外	16	2023	5
1514320	0	腎臓内	08	2023	4
1514346	0	総合診	36	2023	1
1514353	0	産婦人	43	2023	1
1514486	0	眼科	26	2023	12
1514502	0	眼科	26	2023	1
1514569	0	耳鼻科	25	2023	1
1514601	0	整形外	18	2023	1
1514601	0	総合診	36	2023	1
1514601	0	脳神内	02	2023	12
1514635	0	呼吸外	13	2023	1
1514635	0	腎臓内	08	2023	6
1514684	0	糖尿内	06	2023	1
1514759	0	リウ膠	48	2023	1
1514833	0	心療科	12	2023	1
1515020	0	乳甲外	16	2023	1
1515020	0	脳神内	02	2023	1
1515111	0	糖尿内	06	2023	2
1515137	0	整形外	18	2023	1
1515152	0	総合診	36	2023	1
1515244	0	リウ膠	48	2023	1
1515244	0	整形外	18	2023	1
1515244	0	腎臓内	08	2023	1
1515244	0	麻酔科	37	2023	2
1515277	0	リウ膠	48	2023	1
1515277	0	腎臓内	08	2023	5
1515285	0	放核医	30	2023	2
1515293	0	眼科	26	2023	7
1515319	0	乳甲外	16	2023	1
1515442	0	皮膚科	21	2023	1
1515525	0	小児外	17	2023	1
1515525	0	心血外	15	2023	1
1515541	0	リハ	31	2023	1
1515558	0	皮膚科	21	2023	1
1515608	0	リハ	31	2023	1
1515624	0	脳卒中	09	2023	1
1515624	0	脳神外	20	2023	2
1515632	0	呼吸内	05	2023	1
1515681	0	循環内	07	2023	1
1515731	0	小児外	17	2023	1
1515806	0	腎臓内	08	2023	6
1515830	0	乳甲外	16	2023	1
1515848	0	リウ膠	48	2023	10
1515848	0	乳甲外	16	2023	1
1515848	0	脳神内	02	2023	1
1515848	0	腎臓内	08	2023	5
1515863	0	循環内	07	2023	1
1515863	0	腎臓内	08	2023	1
1515921	0	乳甲外	16	2023	1
1515921	0	整形外	18	2023	1
1515947	0	乳甲外	16	2023	2
1515970	0	総合診	36	2023	1
1515988	0	循環内	07	2023	1
1516036	0	リウ膠	48	2023	1
1516044	0	救急科	34	2023	1
1516051	0	救急科	34	2023	3
1516051	0	整形外	18	2023	2
1516051	0	脳卒中	09	2023	1
1516051	0	腎臓内	08	2023	3
1516085	0	糖尿内	06	2023	1
1516101	0	眼科	26	2023	4
1516127	0	心療科	12	2023	1
1516150	0	乳甲外	16	2023	3
1516150	0	放核医	30	2023	2
1516150	0	腎臓内	08	2023	2
1516168	0	リウ膠	48	2023	1
1516168	0	眼科	26	2023	2
1516192	0	リウ膠	48	2023	1
1516192	0	眼科	26	2023	1
1516200	0	循環内	07	2023	1
1516200	0	糖尿内	06	2023	1
1516283	0	眼科	26	2023	3
1516317	0	乳甲外	16	2023	1
1516317	0	整形外	18	2023	6
1516358	0	循環内	07	2023	2
1516382	0	血液内	01	2023	1
1516416	0	皮膚科	21	2023	1
1516424	0	小児科	10	2023	3
1516424	0	心血外	15	2023	2
1516424	0	産婦人	43	2023	13
1516440	0	腎臓内	08	2023	1
1516473	0	麻酔科	37	2023	1
1516531	0	心療科	12	2023	1
1516531	0	総合診	36	2023	1
1516531	0	脳神内	02	2023	1
1531916	0	リウ膠	48	2023	1
1532153	0	形成外	19	2023	1
1532567	0	歯口外	32	2023	1
1600027	0	歯口外	32	2023	2
1600054	0	小児外	17	2023	1
1600054	0	小児科	10	2023	1
1610020	0	リハ	31	2023	1
1610020	0	小児科	10	2023	2
1610020	0	循環内	07	2023	2
1610020	0	心血外	15	2023	2
1610020	0	整形外	18	2023	1
1610020	0	消化内	50	2023	3
1610020	0	消化外	14	2023	1
1610020	0	耳鼻科	25	2023	1
1610020	0	脳神外	20	2023	1
1710373	0	脳神内	02	2023	1
1710639	0	リウ膠	48	2023	3
1710639	0	整形外	18	2023	2
1710639	0	皮膚科	21	2023	1
1710696	0	眼科	26	2023	2
1710720	0	乳甲外	16	2023	1
1710720	0	形成外	19	2023	1
1710720	0	心療科	12	2023	1
1710720	0	耳鼻科	25	2023	1
1710720	0	脳神内	02	2023	1
1710761	0	眼科	26	2023	3
1710803	0	循環内	07	2023	1
1910809	0	循環内	07	2023	1
1910809	0	血液内	01	2023	1
1910890	0	脳神内	02	2023	1
2110011	0	救急科	34	2023	1
2110011	0	整形外	18	2023	1
2110011	0	臨腫瘍	27	2023	1
2110137	0	脳卒中	09	2023	1
2110137	0	脳神内	02	2023	1
2110228	0	脳神内	02	2023	2
2110391	0	眼科	26	2023	3
2110466	0	呼吸内	05	2023	1
2110466	0	循環内	07	2023	1
2210119	0	泌尿器	22	2023	1
2210119	0	脳神内	02	2023	1
2210127	0	循環内	07	2023	1
2210127	0	腎臓内	08	2023	2
2210226	0	整形外	18	2023	1
2210267	0	呼吸外	13	2023	4
2210291	0	循環内	07	2023	1
2210325	0	整形外	18	2023	1
2210333	0	眼科	26	2023	6
2210341	0	放核医	30	2023	1
2210374	0	放核医	30	2023	1
2210408	0	脳神内	02	2023	4
2210424	0	心血外	15	2023	1
2210432	0	小児科	10	2023	1
2210432	0	循環内	07	2023	1
2210432	0	消化内	50	2023	1
2210432	0	腎臓内	08	2023	2
2210440	0	呼吸内	05	2023	1
2210440	0	循環内	07	2023	1
2210440	0	心血外	15	2023	1
2210440	0	消化内	50	2023	1
2210440	0	総合診	36	2023	1
2210440	0	脳卒中	09	2023	2
2300829	0	泌尿器	22	2023	1
2310125	0	循環内	07	2023	2
2310125	0	消化内	50	2023	2
2310208	0	泌尿器	22	2023	1
2410123	0	整形外	18	2023	1
2500150	0	歯口外	32	2023	1
2510039	0	呼吸外	13	2023	2
2510039	0	泌尿器	22	2023	1
2510039	0	糖尿内	06	2023	1
2510039	0	脳神内	02	2023	1
2510039	0	腎臓内	08	2023	2
2510047	0	心血外	15	2023	1
2510047	0	救急科	34	2023	2
2510047	0	消化内	50	2023	2
2510047	0	糖尿内	06	2023	1
2510047	0	腎臓内	08	2023	1
2510062	0	呼吸外	13	2023	1
2510062	0	循環内	07	2023	1
2510335	0	整形外	18	2023	1
2511309	0	心血外	15	2023	1
2512174	0	脳神内	02	2023	1
2600364	0	救急科	34	2023	1
2600364	0	歯口外	32	2023	16
2600364	0	耳鼻科	25	2023	1
2600406	0	歯口外	32	2023	1
2600414	0	歯口外	32	2023	2
2600640	0	乳甲外	16	2023	1
2600640	0	循環内	07	2023	1
2600640	0	心血外	15	2023	1
2600657	0	循環内	07	2023	2
2600657	0	心血外	15	2023	4
2600657	0	糖尿内	06	2023	1
2600657	0	脳卒中	09	2023	1
2600723	0	形成外	19	2023	1
2600723	0	眼科	26	2023	88
2610025	0	心血外	15	2023	1
2610025	0	歯口外	32	2023	2
2610102	0	呼吸内	05	2023	1
2610102	0	循環内	07	2023	4
2610102	0	心血外	15	2023	4
2610102	0	放診断	28	2023	2
2610102	0	泌尿器	22	2023	1
2610102	0	消化内	50	2023	2
2610102	0	消化外	14	2023	1
2610102	0	糖尿内	06	2023	1
2610102	0	耳鼻科	25	2023	1
2610102	0	脳卒中	09	2023	3
2610102	0	脳神内	02	2023	2
2610102	0	脳神外	20	2023	1
2610102	0	腎臓内	08	2023	4
2610128	0	リハ	31	2023	2
2610128	0	乳甲外	16	2023	3
2610128	0	呼吸内	05	2023	2
2610128	0	呼吸外	13	2023	3
2610128	0	小児科	10	2023	1
2610128	0	循環内	07	2023	31
2610128	0	心血外	15	2023	3
2610128	0	消化内	50	2023	3
2610128	0	皮膚科	21	2023	1
2610128	0	糖尿内	06	2023	2
2610128	0	総合診	36	2023	2
2610128	0	脳卒中	09	2023	6
2610128	0	脳神内	02	2023	3
2610128	0	腎臓内	08	2023	13
2610128	0	血液内	01	2023	2
2610136	0	脳卒中	09	2023	1
2610136	0	脳神内	02	2023	2
2610144	0	リウ膠	48	2023	2
2610144	0	リハ	31	2023	1
2610144	0	呼吸内	05	2023	1
2610144	0	循環内	07	2023	19
2610144	0	心血外	15	2023	7
2610144	0	整形外	18	2023	1
2610144	0	泌尿器	22	2023	2
2610144	0	消化内	50	2023	3
2610144	0	皮膚科	21	2023	1
2610144	0	糖尿内	06	2023	2
2610144	0	総合診	36	2023	1
2610144	0	耳鼻科	25	2023	1
2610144	0	脳卒中	09	2023	3
2610144	0	脳神内	02	2023	2
2610144	0	腎臓内	08	2023	1
2610169	0	救急科	34	2023	2
2610169	0	皮膚科	21	2023	2
2610169	0	耳鼻科	25	2023	14
2610177	0	リウ膠	48	2023	2
2610177	0	リハ	31	2023	1
2610177	0	放核医	30	2023	2
2610177	0	救急科	34	2023	5
2610177	0	整形外	18	2023	21
2610177	0	糖尿内	06	2023	1
2610177	0	総合診	36	2023	1
2610177	0	脳神内	02	2023	2
2700370	0	歯口外	32	2023	2
2700412	0	歯口外	32	2023	1
2700495	0	歯口外	32	2023	2
2700511	0	耳鼻科	25	2023	1
2700537	0	歯口外	32	2023	6
2700552	0	歯口外	32	2023	1
2700663	0	乳甲外	16	2023	1
2700663	0	心血外	15	2023	1
2700663	0	消化外	14	2023	1
2700663	0	血液内	01	2023	1
2700747	0	腎臓内	08	2023	1
2700770	0	循環内	07	2023	1
2700770	0	心血外	15	2023	2
2700770	0	脳卒中	09	2023	1
2710019	0	リウ膠	48	2023	1
2710019	0	乳甲外	16	2023	6
2710019	0	呼吸外	13	2023	6
2710019	0	形成外	19	2023	2
2710019	0	循環内	07	2023	3
2710019	0	心血外	15	2023	11
2710019	0	救急科	34	2023	8
2710019	0	整形外	18	2023	2
2710019	0	泌尿器	22	2023	5
2710019	0	消化内	50	2023	21
2710019	0	消化外	14	2023	4
2710019	0	皮膚科	21	2023	18
2710019	0	糖尿内	06	2023	5
2710019	0	総合診	36	2023	2
2710019	0	耳鼻科	25	2023	2
2710019	0	脳卒中	09	2023	3
2710019	0	脳神内	02	2023	1
2710019	0	脳神外	20	2023	5
2710019	0	腎臓内	08	2023	15
2710019	0	臨腫瘍	27	2023	8
2710019	0	血液内	01	2023	3
2710035	0	リウ膠	48	2023	1
2710035	0	循環内	07	2023	2
2710035	0	心療科	12	2023	2
2710035	0	放診断	28	2023	4
2710035	0	整形外	18	2023	2
2710035	0	泌尿器	22	2023	4
2710035	0	消化内	50	2023	5
2710035	0	消化外	14	2023	1
2710035	0	皮膚科	21	2023	1
2710035	0	糖尿内	06	2023	1
2710035	0	脳神内	02	2023	2
2710035	0	脳神外	20	2023	1
2710035	0	腎臓内	08	2023	1
2710050	0	循環内	07	2023	3
2710050	0	心血外	15	2023	1
2710050	0	消化外	14	2023	3
2710050	0	糖尿内	06	2023	1
2710068	0	循環内	07	2023	1
2710068	0	眼科	26	2023	20
2710076	0	呼吸外	13	2023	2
2710076	0	循環内	07	2023	2
2710076	0	心療科	12	2023	1
2710076	0	整形外	18	2023	1
2710076	0	泌尿器	22	2023	1
2710076	0	消化外	14	2023	1
2710076	0	脳神内	02	2023	5
2710076	0	脳神外	20	2023	1
2710076	0	血液内	01	2023	2
2710084	0	心血外	15	2023	1
2710084	0	消化内	50	2023	1
2710084	0	脳神外	20	2023	1
2710100	0	循環内	07	2023	3
2710100	0	消化内	50	2023	1
2710100	0	脳神外	20	2023	1
2710100	0	腎臓内	08	2023	1
2710118	0	形成外	19	2023	1
2710118	0	眼科	26	2023	8
2710118	0	脳神内	02	2023	1
2710118	0	脳神外	20	2023	1
2710126	0	リウ膠	48	2023	3
2710126	0	リハ	31	2023	1
2710126	0	循環内	07	2023	2
2710126	0	心血外	15	2023	2
2710126	0	消化外	14	2023	3
2710126	0	腎臓内	08	2023	4
2710134	0	リウ膠	48	2023	1
2710134	0	呼吸内	05	2023	2
2710134	0	循環内	07	2023	11
2710134	0	心療科	12	2023	2
2710134	0	心血外	15	2023	9
2710134	0	整形外	18	2023	2
2710134	0	消化内	50	2023	8
2710134	0	消化外	14	2023	2
2710134	0	皮膚科	21	2023	4
2710134	0	糖尿内	06	2023	1
2710134	0	脳卒中	09	2023	2
2710134	0	脳神内	02	2023	6
2710134	0	脳神外	20	2023	2
2710134	0	腎臓内	08	2023	3
2710159	0	循環内	07	2023	2
2710159	0	心血外	15	2023	3
2710159	0	救急科	34	2023	1
2710159	0	糖尿内	06	2023	1
2710159	0	脳神内	02	2023	1
2710167	0	心血外	15	2023	1
2710167	0	皮膚科	21	2023	1
2710183	0	乳甲外	16	2023	1
2710183	0	循環内	07	2023	5
2710183	0	糖尿内	06	2023	1
2710183	0	脳神外	20	2023	1
2710191	0	整形外	18	2023	1
2710209	0	小児科	10	2023	1
2710209	0	消化外	14	2023	1
2710209	0	耳鼻科	25	2023	6
2710217	0	リウ膠	48	2023	1
2710217	0	循環内	07	2023	1
2710217	0	放核医	30	2023	1
2710217	0	救急科	34	2023	2
2710217	0	整形外	18	2023	3
2710225	0	呼吸内	05	2023	2
2710225	0	循環内	07	2023	2
2710225	0	心血外	15	2023	1
2710225	0	消化内	50	2023	1
2710225	0	消化外	14	2023	1
2710225	0	皮膚科	21	2023	1
2710225	0	耳鼻科	25	2023	1
2710225	0	脳卒中	09	2023	1
2710225	0	脳神外	20	2023	1
2710225	0	腎臓内	08	2023	5
2710233	0	リウ膠	48	2023	1
2710233	0	糖尿内	06	2023	1
2710233	0	耳鼻科	25	2023	2
2710233	0	脳神内	02	2023	1
2710233	0	血液内	01	2023	1
2710241	0	心血外	15	2023	1
2710241	0	耳鼻科	25	2023	1
2710992	0	心療科	12	2023	1
2800364	0	心血外	15	2023	5
2800364	0	整形外	18	2023	1
2800364	0	消化内	50	2023	2
2800364	0	腎臓内	08	2023	4
2810041	0	循環内	07	2023	2
2810041	0	総合診	36	2023	1
2810058	0	乳甲外	16	2023	1
2810058	0	循環内	07	2023	2
2810058	0	心血外	15	2023	2
2810058	0	救急科	34	2023	2
2810058	0	整形外	18	2023	1
2810058	0	消化内	50	2023	1
2810058	0	脳神外	20	2023	1
2810058	0	腎臓内	08	2023	2
2810066	0	循環内	07	2023	2
2810066	0	整形外	18	2023	1
2810066	0	泌尿器	22	2023	2
2810066	0	脳神内	02	2023	1
2810074	0	整形外	18	2023	1
2810074	0	泌尿器	22	2023	1
2810082	0	循環内	07	2023	1
2810082	0	整形外	18	2023	1
2810082	0	消化内	50	2023	1
2810082	0	総合診	36	2023	1
2810082	0	血液内	01	2023	1
2810090	0	リウ膠	48	2023	1
2810090	0	乳甲外	16	2023	1
2810090	0	呼吸内	05	2023	1
2810090	0	小児科	10	2023	1
2810090	0	循環内	07	2023	3
2810090	0	放核医	30	2023	1
2810090	0	泌尿器	22	2023	1
2810090	0	消化内	50	2023	3
2810090	0	消化外	14	2023	2
2810090	0	産婦人	43	2023	1
2810090	0	皮膚科	21	2023	1
2810090	0	糖尿内	06	2023	1
2810090	0	耳鼻科	25	2023	1
2810090	0	脳卒中	09	2023	1
2810090	0	脳神内	02	2023	1
2810090	0	腎臓内	08	2023	5
2900149	0	皮膚科	21	2023	1
2900149	0	血液内	01	2023	1
2910015	0	呼吸外	13	2023	3
2910015	0	心血外	15	2023	1
2910015	0	消化内	50	2023	1
2910015	0	消化外	14	2023	1
3000283	0	歯口外	32	2023	2
3000493	0	心療科	12	2023	1
3000493	0	耳鼻科	25	2023	2
3010054	0	呼吸内	05	2023	3
3010054	0	呼吸外	13	2023	1
3010054	0	心療科	12	2023	5
3010054	0	心血外	15	2023	1
3010054	0	救急科	34	2023	1
3010054	0	整形外	18	2023	2
3010054	0	脳卒中	09	2023	1
3010054	0	脳神内	02	2023	2
3010054	0	腎臓内	08	2023	1
3010088	0	呼吸外	13	2023	1
3010088	0	循環内	07	2023	1
3010088	0	心血外	15	2023	1
3010088	0	泌尿器	22	2023	1
3010088	0	消化内	50	2023	1
3110078	0	リハ	31	2023	1
3110078	0	乳甲外	16	2023	1
3110078	0	心血外	15	2023	3
3110078	0	救急科	34	2023	1
3110078	0	泌尿器	22	2023	2
3110078	0	消化内	50	2023	1
3110078	0	消化外	14	2023	1
3110078	0	皮膚科	21	2023	2
3110078	0	糖尿内	06	2023	2
3110078	0	脳神内	02	2023	1
3110086	0	乳甲外	16	2023	1
3110086	0	小児科	10	2023	1
3110086	0	耳鼻科	25	2023	1
3110086	0	腎臓内	08	2023	3
3110102	0	循環内	07	2023	1
3110102	0	救急科	34	2023	1
3110102	0	耳鼻科	25	2023	1
3110102	0	脳卒中	09	2023	1
3110128	0	循環内	07	2023	2
3210142	0	循環内	07	2023	1
3211875	0	救急科	34	2023	1
3300240	0	循環内	07	2023	3
3300240	0	腎臓内	08	2023	8
3310199	0	循環内	07	2023	2
3310199	0	心血外	15	2023	2
3310199	0	整形外	18	2023	1
3310199	0	消化内	50	2023	1
3310199	0	消化外	14	2023	1
3310199	0	耳鼻科	25	2023	1
3310199	0	脳神内	02	2023	1
3310199	0	脳神外	20	2023	1
3400525	0	歯口外	32	2023	2
3400792	0	糖尿内	06	2023	1
3400792	0	脳神内	02	2023	1
3410106	0	乳甲外	16	2023	1
3410106	0	呼吸外	13	2023	10
3410106	0	心血外	15	2023	3
3410106	0	放核医	30	2023	1
3410106	0	眼科	26	2023	1
3410130	0	救急科	34	2023	1
3410163	0	リウ膠	48	2023	2
3410163	0	乳甲外	16	2023	16
3410163	0	呼吸内	05	2023	2
3410163	0	呼吸外	13	2023	1
3410163	0	循環内	07	2023	8
3410163	0	心血外	15	2023	4
3410163	0	放核医	30	2023	1
3410163	0	救急科	34	2023	2
3410163	0	整形外	18	2023	9
3410163	0	消化内	50	2023	7
3410163	0	消化外	14	2023	2
3410163	0	産婦人	43	2023	1
3410163	0	皮膚科	21	2023	3
3410163	0	眼科	26	2023	2
3410163	0	糖尿内	06	2023	4
3410163	0	総合診	36	2023	2
3410163	0	耳鼻科	25	2023	1
3410163	0	脳神内	02	2023	7
3410163	0	脳神外	20	2023	1
3410163	0	血液内	01	2023	4
3410205	0	腎臓内	08	2023	3
3410213	0	リウ膠	48	2023	1
3410213	0	糖尿内	06	2023	1
3410254	0	呼吸内	05	2023	1
3410254	0	呼吸外	13	2023	2
3410254	0	消化内	50	2023	1
3410254	0	糖尿内	06	2023	2
3410262	0	救急科	34	2023	1
3410270	0	循環内	07	2023	2
3410270	0	心血外	15	2023	5
3410270	0	整形外	18	2023	19
3410270	0	糖尿内	06	2023	2
3410296	0	乳甲外	16	2023	1
3410312	0	放治療	29	2023	1
3410312	0	整形外	18	2023	1
3410312	0	脳神外	20	2023	1
3410312	0	腎臓内	08	2023	5
3410353	0	リハ	31	2023	1
3410353	0	脳卒中	09	2023	2
3410353	0	脳神内	02	2023	1
3500427	0	糖尿内	06	2023	1
3500443	0	眼科	26	2023	16
3510061	0	整形外	18	2023	1
3510061	0	消化外	14	2023	1
3600425	0	心血外	15	2023	1
3600458	0	整形外	18	2023	1
3610069	0	循環内	07	2023	1
3610069	0	耳鼻科	25	2023	1
3610192	0	乳甲外	16	2023	2
3610192	0	呼吸内	05	2023	1
3610192	0	呼吸外	13	2023	1
3610192	0	循環内	07	2023	2
3610192	0	心血外	15	2023	4
3610192	0	放診断	28	2023	5
3610192	0	救急科	34	2023	1
3610192	0	整形外	18	2023	11
3610192	0	泌尿器	22	2023	10
3610192	0	消化内	50	2023	2
3610192	0	皮膚科	21	2023	2
3610192	0	眼科	26	2023	4
3610192	0	糖尿内	06	2023	2
3610192	0	耳鼻科	25	2023	3
3610192	0	脳卒中	09	2023	3
3610192	0	腎臓内	08	2023	3
3610192	0	血液内	01	2023	2
3610218	0	腎臓内	08	2023	1
3610242	0	呼吸外	13	2023	1
3700514	0	循環内	07	2023	1
3710117	0	リウ膠	48	2023	1
3710117	0	呼吸外	13	2023	1
3710166	0	リウ膠	48	2023	1
3710166	0	救急科	34	2023	1
3710174	0	耳鼻科	25	2023	1
3710182	0	眼科	26	2023	11
3710182	0	脳神内	02	2023	1
3710231	0	腎臓内	08	2023	2
3800629	0	乳甲外	16	2023	4
3800629	0	呼吸外	13	2023	1
3800637	0	リウ膠	48	2023	1
3800637	0	脳卒中	09	2023	1
3810248	0	呼吸内	05	2023	1
3910030	0	リウ膠	48	2023	1
3910030	0	循環内	07	2023	2
3910030	0	皮膚科	21	2023	1
3910030	0	脳神内	02	2023	1
3910030	0	脳神外	20	2023	1
3910146	0	リウ膠	48	2023	1
3910146	0	脳神内	02	2023	1
4010011	0	整形外	18	2023	1
4110258	0	循環内	07	2023	1
4110290	0	泌尿器	22	2023	1
4110431	0	耳鼻科	25	2023	1
4210355	0	眼科	26	2023	1
4310189	0	産婦人	43	2023	1
4310239	0	小児科	10	2023	1
4310239	0	形成外	19	2023	1
4310239	0	心血外	15	2023	1
4310239	0	皮膚科	21	2023	1
4310239	0	腎臓内	08	2023	7
4410344	0	形成外	19	2023	3
4410344	0	整形外	18	2023	1
4410344	0	脳卒中	09	2023	1
4410401	0	整形外	18	2023	1
4410443	0	脳神外	20	2023	2
4410450	0	心血外	15	2023	1
4410450	0	整形外	18	2023	1
4410476	0	眼科	26	2023	9
4510051	0	皮膚科	21	2023	2
4510051	0	糖尿内	06	2023	1
4510051	0	脳神内	02	2023	2
4610273	0	泌尿器	22	2023	1
4610273	0	腎臓内	08	2023	2
4610273	0	血液内	01	2023	1
4910053	0	泌尿器	22	2023	1
4910053	0	消化内	50	2023	2
4910129	0	呼吸内	05	2023	2
4910129	0	循環内	07	2023	1
4910129	0	心血外	15	2023	1
4910129	0	消化内	50	2023	1
4910129	0	糖尿内	06	2023	1
4910129	0	腎臓内	08	2023	2
7010239	0	小児外	17	2023	1
7010262	0	呼吸内	05	2023	1
7010262	0	消化内	50	2023	1
7010304	0	呼吸内	05	2023	1
7011203	0	整形外	18	2023	1
7011344	0	乳甲外	16	2023	2
7011344	0	呼吸内	05	2023	1
7011344	0	整形外	18	2023	1
7011344	0	消化内	50	2023	1
8010017	0	小児科	10	2023	1
8010017	0	形成外	19	2023	1
8010017	0	皮膚科	21	2023	2
8010017	0	眼科	26	2023	7
8010017	0	腎臓内	08	2023	2
8010017	0	血液内	01	2023	1
8010033	0	乳甲外	16	2023	1
8010033	0	整形外	18	2023	1
8010033	0	産婦人	43	2023	1
8010033	0	脳神外	20	2023	1
8010041	0	乳甲外	16	2023	2
8010041	0	小児外	17	2023	3
8010041	0	小児科	10	2023	1
8010041	0	心血外	15	2023	4
8010041	0	整形外	18	2023	3
8010041	0	泌尿器	22	2023	1
8010041	0	消化内	50	2023	3
8010041	0	消化外	14	2023	2
8010041	0	産婦人	43	2023	4
8010041	0	脳神外	20	2023	1
8010041	0	腎臓内	08	2023	1
8010041	0	血液内	01	2023	1
8010058	0	救急科	34	2023	1
8010066	0	糖尿内	06	2023	1
8011186	0	リウ膠	48	2023	1
8011186	0	循環内	07	2023	1
8011186	0	糖尿内	06	2023	1
8011186	0	脳神内	02	2023	1
8800038	0	呼吸内	05	2023	1
8800038	0	心血外	15	2023	4
8800038	0	放核医	30	2023	1
8800038	0	救急科	34	2023	2
8800038	0	整形外	18	2023	1
8800038	0	消化内	50	2023	2
8800038	0	皮膚科	21	2023	3
8800038	0	糖尿内	06	2023	1
8800038	0	脳神外	20	2023	2
8800061	0	乳甲外	16	2023	3
8800061	0	循環内	07	2023	1
8800061	0	心血外	15	2023	1
8800061	0	救急科	34	2023	5
8800061	0	整形外	18	2023	2
8800061	0	消化外	14	2023	1
8800061	0	皮膚科	21	2023	2
8800061	0	眼科	26	2023	2
8800061	0	血液内	01	2023	1
8800079	0	リウ膠	48	2023	1
8800079	0	リハ	31	2023	4
8800079	0	呼吸外	13	2023	1
8800079	0	循環内	07	2023	3
8800079	0	放核医	30	2023	1
8800079	0	救急科	34	2023	1
8800079	0	整形外	18	2023	1
8800079	0	泌尿器	22	2023	4
8800079	0	消化内	50	2023	1
8800079	0	皮膚科	21	2023	1
8800087	0	リウ膠	48	2023	1
8800087	0	乳甲外	16	2023	2
8800087	0	心療科	12	2023	1
8800087	0	救急科	34	2023	2
8800087	0	整形外	18	2023	1
8800087	0	泌尿器	22	2023	1
8800087	0	眼科	26	2023	2
8800087	0	耳鼻科	25	2023	1
8800087	0	麻酔科	37	2023	1
8800129	0	消化内	50	2023	1
8800137	0	脳神外	20	2023	1
8800160	0	形成外	19	2023	1
8800160	0	心血外	15	2023	1
8800160	0	救急科	34	2023	3
8800160	0	整形外	18	2023	4
8800160	0	歯口外	32	2023	1
8800160	0	消化外	14	2023	1
8800160	0	皮膚科	21	2023	1
8800160	0	糖尿内	06	2023	1
8800160	0	脳卒中	09	2023	7
8800160	0	脳神内	02	2023	5
8800160	0	脳神外	20	2023	2
8800160	0	腎臓内	08	2023	5
8800160	0	血液内	01	2023	1
8800194	0	リハ	31	2023	1
8800194	0	乳甲外	16	2023	2
8800194	0	循環内	07	2023	2
8800194	0	眼科	26	2023	6
8800194	0	脳卒中	09	2023	1
8800194	0	腎臓内	08	2023	1
8900127	0	リウ膠	48	2023	7
8900127	0	乳甲外	16	2023	2
8900127	0	呼吸内	05	2023	4
8900127	0	呼吸外	13	2023	4
8900127	0	小児科	10	2023	1
8900127	0	循環内	07	2023	4
8900127	0	心血外	15	2023	4
8900127	0	放核医	30	2023	1
8900127	0	救急科	34	2023	9
8900127	0	整形外	18	2023	6
8900127	0	歯口外	32	2023	1
8900127	0	泌尿器	22	2023	4
8900127	0	消化内	50	2023	8
8900127	0	消化外	14	2023	5
8900127	0	皮膚科	21	2023	3
8900127	0	眼科	26	2023	2
8900127	0	糖尿内	06	2023	1
8900127	0	総合診	36	2023	1
8900127	0	耳鼻科	25	2023	1
8900127	0	脳卒中	09	2023	3
8900127	0	脳神内	02	2023	2
8900127	0	脳神外	20	2023	2
8900127	0	臨腫瘍	27	2023	1
8900325	0	リウ膠	48	2023	1
8900325	0	リハ	31	2023	1
8900325	0	乳甲外	16	2023	3
8900325	0	呼吸内	05	2023	1
8900325	0	心血外	15	2023	4
8900325	0	放核医	30	2023	1
8900325	0	救急科	34	2023	2
8900325	0	整形外	18	2023	1
8900325	0	消化内	50	2023	1
8900325	0	消化外	14	2023	1
8900325	0	皮膚科	21	2023	2
8900325	0	総合診	36	2023	2
8900325	0	脳卒中	09	2023	2
8900325	0	脳神内	02	2023	2
8900366	0	リハ	31	2023	1
8900416	0	リウ膠	48	2023	9
8900416	0	リハ	31	2023	1
8900416	0	呼吸外	13	2023	6
8900416	0	循環内	07	2023	2
8900416	0	心血外	15	2023	6
8900416	0	救急科	34	2023	3
8900416	0	整形外	18	2023	7
8900416	0	泌尿器	22	2023	1
8900416	0	消化内	50	2023	7
8900416	0	消化外	14	2023	3
8900416	0	産婦人	43	2023	1
8900416	0	皮膚科	21	2023	12
8900416	0	眼科	26	2023	1
8900416	0	糖尿内	06	2023	3
8900416	0	脳神内	02	2023	2
8900416	0	腎臓内	08	2023	5
8900432	0	呼吸内	05	2023	1
8900432	0	循環内	07	2023	2
8900432	0	産婦人	43	2023	1
8900432	0	糖尿内	06	2023	1
8900432	0	総合診	36	2023	1
8900598	0	リハ	31	2023	1
8900598	0	呼吸外	13	2023	9
8900598	0	小児科	10	2023	1
8900598	0	循環内	07	2023	1
8900598	0	心血外	15	2023	3
8900598	0	消化内	50	2023	1
8900598	0	消化外	14	2023	1
8900598	0	糖尿内	06	2023	1
8900598	0	耳鼻科	25	2023	1
8900598	0	脳神内	02	2023	1
8900713	0	循環内	07	2023	1
8900713	0	心血外	15	2023	2
8900713	0	整形外	18	2023	1
8900713	0	糖尿内	06	2023	1
8900713	0	脳神内	02	2023	1
8900846	0	心血外	15	2023	3
8900846	0	整形外	18	2023	2
8900846	0	脳卒中	09	2023	1
8901315	0	リウ膠	48	2023	1
8901315	0	リハ	31	2023	3
8901315	0	乳甲外	16	2023	13
8901315	0	呼吸内	05	2023	3
8901315	0	呼吸外	13	2023	6
8901315	0	形成外	19	2023	1
8901315	0	循環内	07	2023	17
8901315	0	心血外	15	2023	17
8901315	0	放核医	30	2023	2
8901315	0	救急科	34	2023	5
8901315	0	整形外	18	2023	3
8901315	0	泌尿器	22	2023	6
8901315	0	消化内	50	2023	13
8901315	0	消化外	14	2023	3
8901315	0	皮膚科	21	2023	3
8901315	0	眼科	26	2023	2
8901315	0	糖尿内	06	2023	1
8901315	0	耳鼻科	25	2023	4
8901315	0	脳卒中	09	2023	2
8901315	0	脳神内	02	2023	5
8901315	0	脳神外	20	2023	2
8901315	0	腎臓内	08	2023	3
8901794	0	泌尿器	22	2023	1
8901901	0	リウ膠	48	2023	1
8901901	0	呼吸内	05	2023	1
8901901	0	心血外	15	2023	1
8901901	0	消化内	50	2023	1
8901901	0	臨腫瘍	27	2023	1
8902289	0	リウ膠	48	2023	1
8902289	0	リハ	31	2023	1
8902289	0	整形外	18	2023	1
8902321	0	眼科	26	2023	1
8902339	0	心血外	15	2023	1
8902339	0	救急科	34	2023	1
8902339	0	消化内	50	2023	1
8902339	0	腎臓内	08	2023	1
8902347	0	リハ	31	2023	2
8902347	0	乳甲外	16	2023	2
8902347	0	呼吸外	13	2023	7
8902347	0	小児科	10	2023	2
8902347	0	形成外	19	2023	1
8902347	0	循環内	07	2023	13
8902347	0	心血外	15	2023	8
8902347	0	救急科	34	2023	6
8902347	0	整形外	18	2023	5
8902347	0	泌尿器	22	2023	2
8902347	0	消化内	50	2023	8
8902347	0	消化外	14	2023	2
8902347	0	皮膚科	21	2023	4
8902347	0	眼科	26	2023	3
8902347	0	糖尿内	06	2023	4
8902347	0	総合診	36	2023	1
8902347	0	耳鼻科	25	2023	1
8902347	0	脳卒中	09	2023	8
8902347	0	脳神内	02	2023	6
8902347	0	脳神外	20	2023	4
8902347	0	腎臓内	08	2023	3
8902461	0	乳甲外	16	2023	1
8902461	0	整形外	18	2023	2
8902610	0	救急科	34	2023	1
8902610	0	泌尿器	22	2023	1
8902628	0	呼吸内	05	2023	1
8902628	0	循環内	07	2023	3
8902628	0	腎臓内	08	2023	1
8902636	0	脳神内	02	2023	2
8902735	0	循環内	07	2023	1
8902784	0	循環内	07	2023	1
8902784	0	整形外	18	2023	2
8902784	0	消化内	50	2023	5
8902784	0	耳鼻科	25	2023	1
8902958	0	リハ	31	2023	2
8902958	0	心血外	15	2023	2
8902958	0	整形外	18	2023	1
8902958	0	血液内	01	2023	1
8903014	0	循環内	07	2023	1
8903014	0	整形外	18	2023	1
8903014	0	皮膚科	21	2023	1
8903014	0	脳神外	20	2023	1
8903055	0	リウ膠	48	2023	2
8903055	0	循環内	07	2023	3
8903055	0	心血外	15	2023	3
8903055	0	消化内	50	2023	1
8903055	0	脳卒中	09	2023	1
8903055	0	脳神外	20	2023	2
8903089	0	リハ	31	2023	1
8903089	0	乳甲外	16	2023	1
8903089	0	呼吸内	05	2023	1
8903089	0	循環内	07	2023	2
8903089	0	心療科	12	2023	2
8903089	0	心血外	15	2023	2
8903089	0	救急科	34	2023	11
8903089	0	整形外	18	2023	3
8903089	0	消化内	50	2023	5
8903089	0	消化外	14	2023	2
8903089	0	産婦人	43	2023	1
8903089	0	皮膚科	21	2023	1
8903089	0	糖尿内	06	2023	1
8903089	0	耳鼻科	25	2023	1
8903089	0	脳神内	02	2023	2
8903089	0	脳神外	20	2023	1
8903089	0	麻酔科	37	2023	1
8903097	0	循環内	07	2023	1
8903139	0	泌尿器	22	2023	1
8903139	0	脳神外	20	2023	1
8903154	0	循環内	07	2023	2
8903154	0	心血外	15	2023	7
8903154	0	整形外	18	2023	10
8903154	0	消化外	14	2023	1
8903154	0	眼科	26	2023	1
8903154	0	耳鼻科	25	2023	1
8903154	0	脳卒中	09	2023	1
8903162	0	リウ膠	48	2023	2
8903162	0	乳甲外	16	2023	3
8903162	0	整形外	18	2023	1
8903162	0	泌尿器	22	2023	1
8903162	0	消化内	50	2023	2
8903162	0	皮膚科	21	2023	1
8903162	0	糖尿内	06	2023	1
8903162	0	腎臓内	08	2023	2
9800011	0	リウ膠	48	2023	5
9800011	0	リハ	31	2023	2
9800011	0	乳甲外	16	2023	6
9800011	0	呼吸外	13	2023	2
9800011	0	小児外	17	2023	1
9800011	0	小児科	10	2023	16
9800011	0	循環内	07	2023	2
9800011	0	心療科	12	2023	3
9800011	0	心血外	15	2023	1
9800011	0	放治療	29	2023	1
9800011	0	救急科	34	2023	6
9800011	0	整形外	18	2023	19
9800011	0	歯口外	32	2023	3
9800011	0	泌尿器	22	2023	2
9800011	0	消化内	50	2023	9
9800011	0	消化外	14	2023	4
9800011	0	産婦人	43	2023	3
9800011	0	皮膚科	21	2023	3
9800011	0	眼科	26	2023	8
9800011	0	糖尿内	06	2023	2
9800011	0	耳鼻科	25	2023	3
9800011	0	脳卒中	09	2023	6
9800011	0	脳神内	02	2023	3
9800011	0	脳神外	20	2023	11
9800011	0	腎臓内	08	2023	7
9800011	0	臨腫瘍	27	2023	4
9800011	0	血液内	01	2023	5
9800011	0	麻酔科	37	2023	1
9800037	0	リウ膠	48	2023	2
9800037	0	リハ	31	2023	1
9800037	0	乳甲外	16	2023	7
9800037	0	小児科	10	2023	5
9800037	0	形成外	19	2023	5
9800037	0	循環内	07	2023	2
9800037	0	心血外	15	2023	2
9800037	0	救急科	34	2023	1
9800037	0	整形外	18	2023	3
9800037	0	泌尿器	22	2023	3
9800037	0	消化内	50	2023	1
9800037	0	消化外	14	2023	1
9800037	0	眼科	26	2023	6
9800037	0	脳神内	02	2023	1
9800037	0	腎臓内	08	2023	1
9800037	0	血液内	01	2023	2
9900027	0	リウ膠	48	2023	1
9900027	0	乳甲外	16	2023	1
9900027	0	呼吸内	05	2023	2
9900027	0	呼吸外	13	2023	3
9900027	0	小児科	10	2023	1
9900027	0	循環内	07	2023	6
9900027	0	心血外	15	2023	6
9900027	0	救急科	34	2023	9
9900027	0	整形外	18	2023	3
9900027	0	泌尿器	22	2023	4
9900027	0	消化内	50	2023	4
9900027	0	消化外	14	2023	1
9900027	0	産婦人	43	2023	2
9900027	0	糖尿内	06	2023	2
9900027	0	総合診	36	2023	1
9900027	0	耳鼻科	25	2023	1
9900027	0	脳卒中	09	2023	4
9900027	0	脳神内	02	2023	3
9900027	0	脳神外	20	2023	3
9900027	0	腎臓内	08	2023	1
9900027	0	血液内	01	2023	1
