医療機関CD,病院区分,年度,診療年月日,科コード,診療科,紹介件数
0107135,0,2024,2024-07-22,18,整形外,1
0107564,0,2024,2024-04-05,26,眼科,2
0107564,0,2024,2024-04-11,26,眼科,1
0107564,0,2024,2024-04-16,26,眼科,1
0107564,0,2024,2024-04-18,26,眼科,1
0107564,0,2024,2024-04-26,26,眼科,1
0107564,0,2024,2024-05-02,26,眼科,2
0107564,0,2024,2024-06-04,26,眼科,1
0107564,0,2024,2024-06-27,26,眼科,1
0107564,0,2024,2024-07-18,26,眼科,1
0107663,0,2024,2024-05-22,7,循環内,2
0107663,0,2024,2024-06-03,7,循環内,1
0107663,0,2024,2024-04-26,34,救急科,1
0107663,0,2024,2024-04-25,8,腎臓内,1
0107663,0,2024,2024-07-18,8,腎臓内,1
0108034,0,2024,2024-05-31,26,眼科,2
0108034,0,2024,2024-07-09,26,眼科,1
0108034,0,2024,2024-07-22,26,眼科,1
0108261,0,2024,2024-04-09,32,歯口外,1
0108469,0,2024,2024-04-24,32,歯口外,1
0108675,0,2024,2024-04-15,32,歯口外,1
0108675,0,2024,2024-04-19,32,歯口外,1
0108675,0,2024,2024-05-31,32,歯口外,2
0108919,0,2024,2024-05-27,10,小児科,2
0108919,0,2024,2024-06-18,10,小児科,1
0109418,0,2024,2024-04-19,32,歯口外,1
0109418,0,2024,2024-05-31,32,歯口外,2
0109442,0,2024,2024-05-27,25,耳鼻科,2
0109442,0,2024,2024-06-24,25,耳鼻科,1
0109491,0,2024,2024-07-11,32,歯口外,1
0109780,0,2024,2024-06-15,32,歯口外,1
0109859,0,2024,2024-07-02,8,腎臓内,1
0109921,0,2024,2024-04-15,32,歯口外,1
0110062,0,2024,2024-06-11,43,産婦人,1
0110246,0,2024,2024-06-10,16,乳甲外,1
0110246,0,2024,2024-07-11,34,救急科,1
0110246,0,2024,2024-04-11,26,眼科,1
0110246,0,2024,2024-05-31,25,耳鼻科,2
0110246,0,2024,2024-04-12,9,脳卒中,1
0110279,0,2024,2024-04-09,12,心療科,1
0110279,0,2024,2024-06-04,12,心療科,1
0110279,0,2024,2024-06-28,12,心療科,1
0110279,0,2024,2024-07-03,34,救急科,1
0110279,0,2024,2024-06-14,6,糖尿内,1
0110279,0,2024,2024-04-26,20,脳神外,1
0110493,0,2024,2024-07-11,34,救急科,1
0110580,0,2024,2024-05-01,32,歯口外,2
0110580,0,2024,2024-05-29,32,歯口外,4
0110580,0,2024,2024-07-08,32,歯口外,1
0110580,0,2024,2024-07-11,32,歯口外,1
0110626,0,2024,2024-04-16,16,乳甲外,1
0110626,0,2024,2024-05-14,16,乳甲外,2
0110626,0,2024,2024-05-02,15,心血外,2
0110626,0,2024,2024-07-05,15,心血外,1
0110626,0,2024,2024-07-05,18,整形外,1
0110626,0,2024,2024-04-09,22,泌尿器,1
0110626,0,2024,2024-05-01,50,消化内,2
0110626,0,2024,2024-06-24,36,総合診,1
0111053,0,2024,2024-04-13,28,放診断,1
0111053,0,2024,2024-05-07,20,脳神外,2
0111061,0,2024,2024-04-18,7,循環内,1
0111152,0,2024,2024-07-11,31,リハ,1
0111152,0,2024,2024-07-18,31,リハ,1
0111152,0,2024,2024-05-02,16,乳甲外,2
0111152,0,2024,2024-05-07,5,呼吸内,2
0111152,0,2024,2024-06-05,13,呼吸外,1
0111152,0,2024,2024-06-26,13,呼吸外,2
0111152,0,2024,2024-07-05,13,呼吸外,1
0111152,0,2024,2024-06-24,10,小児科,1
0111152,0,2024,2024-06-26,10,小児科,1
0111152,0,2024,2024-04-16,19,形成外,1
0111152,0,2024,2024-05-17,19,形成外,2
0111152,0,2024,2024-04-03,7,循環内,1
0111152,0,2024,2024-04-12,7,循環内,1
0111152,0,2024,2024-04-30,7,循環内,1
0111152,0,2024,2024-05-17,7,循環内,2
0111152,0,2024,2024-06-15,7,循環内,1
0111152,0,2024,2024-06-18,7,循環内,1
0111152,0,2024,2024-06-22,7,循環内,1
0111152,0,2024,2024-06-27,7,循環内,1
0111152,0,2024,2024-07-09,7,循環内,1
0111152,0,2024,2024-04-24,15,心血外,2
0111152,0,2024,2024-05-24,15,心血外,2
0111152,0,2024,2024-05-31,15,心血外,2
0111152,0,2024,2024-06-10,15,心血外,1
0111152,0,2024,2024-06-26,15,心血外,1
0111152,0,2024,2024-05-27,34,救急科,2
0111152,0,2024,2024-07-05,34,救急科,1
0111152,0,2024,2024-05-10,18,整形外,2
0111152,0,2024,2024-06-10,18,整形外,1
0111152,0,2024,2024-06-24,18,整形外,1
0111152,0,2024,2024-07-03,18,整形外,1
0111152,0,2024,2024-04-06,22,泌尿器,1
0111152,0,2024,2024-04-18,22,泌尿器,1
0111152,0,2024,2024-07-03,22,泌尿器,1
0111152,0,2024,2024-04-17,50,消化内,1
0111152,0,2024,2024-04-23,50,消化内,1
0111152,0,2024,2024-05-08,50,消化内,2
0111152,0,2024,2024-06-18,50,消化内,1
0111152,0,2024,2024-04-25,14,消化外,1
0111152,0,2024,2024-04-10,21,皮膚科,1
0111152,0,2024,2024-05-09,21,皮膚科,2
0111152,0,2024,2024-05-28,6,糖尿内,2
0111152,0,2024,2024-07-02,6,糖尿内,1
0111152,0,2024,2024-04-30,9,脳卒中,1
0111152,0,2024,2024-04-09,2,脳神内,1
0111152,0,2024,2024-06-12,2,脳神内,1
0111152,0,2024,2024-04-15,8,腎臓内,2
0111152,0,2024,2024-04-20,8,腎臓内,1
0111152,0,2024,2024-05-13,8,腎臓内,2
0111152,0,2024,2024-07-02,8,腎臓内,1
0111152,0,2024,2024-07-09,8,腎臓内,1
0111152,0,2024,2024-07-20,8,腎臓内,1
0111186,0,2024,2024-06-08,34,救急科,1
0111319,0,2024,2024-07-10,5,呼吸内,1
0111319,0,2024,2024-05-16,18,整形外,2
0111319,0,2024,2024-04-06,6,糖尿内,1
0111319,0,2024,2024-05-20,2,脳神内,2
0111319,0,2024,2024-07-16,2,脳神内,1
0111323,0,2024,2024-07-14,19,形成外,1
0111327,0,2024,2024-04-17,15,心血外,1
0111327,0,2024,2024-04-19,32,歯口外,1
0111327,0,2024,2024-07-22,8,腎臓内,1
0111392,0,2024,2024-07-20,34,救急科,1
0111392,0,2024,2024-05-17,25,耳鼻科,2
0111392,0,2024,2024-06-19,9,脳卒中,1
0111392,0,2024,2024-06-13,20,脳神外,1
0111400,0,2024,2024-04-02,16,乳甲外,1
0111400,0,2024,2024-05-28,16,乳甲外,2
0111442,0,2024,2024-07-15,34,救急科,1
0111442,0,2024,2024-04-09,14,消化外,1
0111489,0,2024,2024-04-17,32,歯口外,1
0111489,0,2024,2024-04-24,32,歯口外,1
0111489,0,2024,2024-04-25,32,歯口外,1
0111489,0,2024,2024-07-11,32,歯口外,1
0111539,0,2024,2024-07-04,32,歯口外,1
0111570,0,2024,2024-05-01,32,歯口外,2
0111604,0,2024,2024-04-08,32,歯口外,1
0111608,0,2024,2024-06-27,28,放診断,1
0111608,0,2024,2024-07-18,18,整形外,1
0111608,0,2024,2024-05-01,2,脳神内,2
0111608,0,2024,2024-07-10,2,脳神内,1
0111855,0,2024,2024-07-19,7,循環内,1
0111855,0,2024,2024-05-17,8,腎臓内,2
0111913,0,2024,2024-06-03,9,脳卒中,1
0111913,0,2024,2024-06-05,8,腎臓内,1
0111954,0,2024,2024-05-22,5,呼吸内,2
0111954,0,2024,2024-06-22,28,放診断,1
0111954,0,2024,2024-07-09,28,放診断,1
0111954,0,2024,2024-04-09,34,救急科,1
0111954,0,2024,2024-04-18,34,救急科,1
0111954,0,2024,2024-05-08,18,整形外,2
0111954,0,2024,2024-05-13,18,整形外,2
0111954,0,2024,2024-05-16,18,整形外,2
0111954,0,2024,2024-06-06,18,整形外,1
0112028,0,2024,2024-06-12,18,整形外,1
0112036,0,2024,2024-04-02,26,眼科,1
0112044,0,2024,2024-04-19,26,眼科,1
0112069,0,2024,2024-05-22,25,耳鼻科,2
0112069,0,2024,2024-04-08,1,血液内,1
0112119,0,2024,2024-04-22,7,循環内,1
0112184,0,2024,2024-06-13,28,放診断,1
0112184,0,2024,2024-05-17,34,救急科,2
0112184,0,2024,2024-05-12,50,消化内,2
0112184,0,2024,2024-04-04,36,総合診,1
0112184,0,2024,2024-06-13,36,総合診,1
0112184,0,2024,2024-04-10,8,腎臓内,1
0112184,0,2024,2024-06-05,8,腎臓内,1
0112192,0,2024,2024-06-22,34,救急科,1
0112192,0,2024,2024-04-27,2,脳神内,1
0112218,0,2024,2024-04-25,26,眼科,1
0112309,0,2024,2024-05-27,12,心療科,2
0112309,0,2024,2024-04-03,28,放診断,1
0112309,0,2024,2024-04-16,43,産婦人,1
0112309,0,2024,2024-05-25,43,産婦人,2
0112325,0,2024,2024-05-29,18,整形外,2
0112325,0,2024,2024-05-31,6,糖尿内,2
0112382,0,2024,2024-06-26,25,耳鼻科,1
0112416,0,2024,2024-06-20,7,循環内,1
0112465,0,2024,2024-07-10,50,消化内,1
0112564,0,2024,2024-05-14,16,乳甲外,2
0112564,0,2024,2024-04-19,7,循環内,1
0112564,0,2024,2024-07-10,7,循環内,1
0112564,0,2024,2024-05-21,6,糖尿内,2
0112564,0,2024,2024-05-09,9,脳卒中,2
0112564,0,2024,2024-05-28,8,腎臓内,2
0112564,0,2024,2024-07-02,1,血液内,1
0112598,0,2024,2024-04-12,15,心血外,1
0112598,0,2024,2024-07-12,15,心血外,1
0112622,0,2024,2024-04-26,26,眼科,2
0112630,0,2024,2024-05-09,31,リハ,2
0112630,0,2024,2024-05-13,13,呼吸外,2
0112630,0,2024,2024-04-08,43,産婦人,1
0112697,0,2024,2024-04-25,18,整形外,1
0112820,0,2024,2024-05-11,18,整形外,2
0112861,0,2024,2024-05-14,14,消化外,2
0112887,0,2024,2024-06-21,26,眼科,1
0112911,0,2024,2024-07-11,14,消化外,1
0112960,0,2024,2024-07-01,7,循環内,1
0112960,0,2024,2024-04-12,6,糖尿内,1
0112960,0,2024,2024-04-17,8,腎臓内,1
0112978,0,2024,2024-04-08,50,消化内,1
0112994,0,2024,2024-04-23,26,眼科,1
0112994,0,2024,2024-05-28,26,眼科,2
0113000,0,2024,2024-06-21,15,心血外,1
0113026,0,2024,2024-06-06,2,脳神内,1
0113034,0,2024,2024-05-01,25,耳鼻科,2
0113125,0,2024,2024-05-30,18,整形外,2
0113125,0,2024,2024-05-15,8,腎臓内,2
0113208,0,2024,2024-05-08,8,腎臓内,2
0113208,0,2024,2024-06-12,8,腎臓内,1
0113208,0,2024,2024-07-17,8,腎臓内,1
0113281,0,2024,2024-05-28,8,腎臓内,2
0113349,0,2024,2024-04-15,18,整形外,1
0113349,0,2024,2024-06-20,18,整形外,1
0113489,0,2024,2024-04-20,18,整形外,1
0113489,0,2024,2024-07-03,18,整形外,1
0113489,0,2024,2024-07-09,50,消化内,1
0113489,0,2024,2024-04-26,8,腎臓内,1
0113554,0,2024,2024-05-24,15,心血外,2
0113596,0,2024,2024-05-17,50,消化内,2
0113638,0,2024,2024-05-20,22,泌尿器,2
0113638,0,2024,2024-04-17,43,産婦人,1
0113638,0,2024,2024-06-20,43,産婦人,1
0113638,0,2024,2024-07-04,43,産婦人,1
0113638,0,2024,2024-07-11,43,産婦人,1
0113638,0,2024,2024-04-16,21,皮膚科,1
0113687,0,2024,2024-05-15,34,救急科,2
0113737,0,2024,2024-07-12,22,泌尿器,1
0113794,0,2024,2024-04-03,22,泌尿器,1
0113794,0,2024,2024-05-23,43,産婦人,2
0113794,0,2024,2024-06-05,43,産婦人,1
0113794,0,2024,2024-06-12,43,産婦人,1
0113885,0,2024,2024-05-28,18,整形外,2
0113885,0,2024,2024-06-12,8,腎臓内,1
0113984,0,2024,2024-06-06,6,糖尿内,1
0114016,0,2024,2024-05-08,26,眼科,2
0114032,0,2024,2024-07-01,16,乳甲外,1
0114032,0,2024,2024-04-24,7,循環内,1
0114032,0,2024,2024-05-21,7,循環内,2
0114032,0,2024,2024-04-01,18,整形外,1
0114032,0,2024,2024-07-08,22,泌尿器,1
0114032,0,2024,2024-07-23,50,消化内,1
0114032,0,2024,2024-05-30,14,消化外,2
0114032,0,2024,2024-06-21,14,消化外,1
0114032,0,2024,2024-05-21,20,脳神外,2
0114057,0,2024,2024-05-10,15,心血外,2
0114057,0,2024,2024-06-27,15,心血外,1
0114057,0,2024,2024-07-20,15,心血外,1
0114057,0,2024,2024-04-19,8,腎臓内,1
0114107,0,2024,2024-04-15,9,脳卒中,1
0114115,0,2024,2024-04-12,7,循環内,1
0114115,0,2024,2024-04-18,26,眼科,1
0114198,0,2024,2024-05-29,13,呼吸外,2
0114198,0,2024,2024-04-17,7,循環内,1
0114198,0,2024,2024-07-23,12,心療科,1
0114198,0,2024,2024-05-16,28,放診断,2
0114198,0,2024,2024-04-16,18,整形外,1
0114198,0,2024,2024-05-13,18,整形外,2
0114198,0,2024,2024-06-17,18,整形外,1
0114198,0,2024,2024-07-18,18,整形外,1
0114198,0,2024,2024-07-22,2,脳神内,1
0114222,0,2024,2024-06-26,7,循環内,1
0114222,0,2024,2024-04-25,18,整形外,1
0114222,0,2024,2024-07-20,18,整形外,1
0114222,0,2024,2024-07-10,22,泌尿器,1
0114271,0,2024,2024-05-08,16,乳甲外,2
0114271,0,2024,2024-07-04,16,乳甲外,1
0114271,0,2024,2024-04-23,28,放診断,1
0114271,0,2024,2024-04-25,28,放診断,1
0114271,0,2024,2024-05-15,28,放診断,2
0114271,0,2024,2024-06-18,28,放診断,1
0114271,0,2024,2024-07-23,28,放診断,1
0114271,0,2024,2024-04-25,43,産婦人,1
0114271,0,2024,2024-05-10,43,産婦人,2
0114271,0,2024,2024-06-19,43,産婦人,1
0114271,0,2024,2024-06-26,43,産婦人,1
0114271,0,2024,2024-05-20,25,耳鼻科,2
0114297,0,2024,2024-04-27,13,呼吸外,1
0114297,0,2024,2024-05-29,13,呼吸外,2
0114297,0,2024,2024-06-22,13,呼吸外,1
0114297,0,2024,2024-04-24,7,循環内,1
0114297,0,2024,2024-05-22,7,循環内,2
0114297,0,2024,2024-05-28,2,脳神内,2
0114388,0,2024,2024-04-11,34,救急科,1
0114388,0,2024,2024-04-12,8,腎臓内,1
0114388,0,2024,2024-07-12,8,腎臓内,1
0114396,0,2024,2024-04-08,16,乳甲外,1
0114396,0,2024,2024-05-13,12,心療科,2
0114396,0,2024,2024-04-23,26,眼科,1
0114420,0,2024,2024-04-05,15,心血外,1
0114420,0,2024,2024-07-17,25,耳鼻科,1
0114503,0,2024,2024-04-10,8,腎臓内,1
0114537,0,2024,2024-05-10,13,呼吸外,2
0114537,0,2024,2024-06-05,13,呼吸外,1
0114537,0,2024,2024-07-10,13,呼吸外,1
0114537,0,2024,2024-06-24,19,形成外,1
0114537,0,2024,2024-04-10,7,循環内,1
0114537,0,2024,2024-04-17,7,循環内,1
0114537,0,2024,2024-04-24,7,循環内,1
0114537,0,2024,2024-04-26,7,循環内,1
0114537,0,2024,2024-05-02,7,循環内,2
0114537,0,2024,2024-05-23,7,循環内,2
0114537,0,2024,2024-05-29,7,循環内,2
0114537,0,2024,2024-06-20,7,循環内,1
0114537,0,2024,2024-07-03,7,循環内,1
0114537,0,2024,2024-07-04,7,循環内,1
0114537,0,2024,2024-07-09,7,循環内,1
0114537,0,2024,2024-07-11,7,循環内,2
0114537,0,2024,2024-07-18,7,循環内,3
0114537,0,2024,2024-05-10,15,心血外,2
0114537,0,2024,2024-07-03,15,心血外,1
0114537,0,2024,2024-04-05,34,救急科,1
0114537,0,2024,2024-04-05,22,泌尿器,1
0114537,0,2024,2024-05-22,50,消化内,2
0114537,0,2024,2024-07-12,50,消化内,1
0114537,0,2024,2024-04-12,6,糖尿内,1
0114537,0,2024,2024-06-17,6,糖尿内,1
0114537,0,2024,2024-05-07,2,脳神内,2
0114537,0,2024,2024-04-18,8,腎臓内,1
0114537,0,2024,2024-04-19,8,腎臓内,1
0114537,0,2024,2024-05-10,8,腎臓内,2
0114537,0,2024,2024-07-12,8,腎臓内,1
0114552,0,2024,2024-07-18,16,乳甲外,1
0114560,0,2024,2024-05-29,31,リハ,2
0114560,0,2024,2024-04-02,10,小児科,1
0114560,0,2024,2024-06-06,10,小児科,1
0114560,0,2024,2024-04-17,7,循環内,1
0114560,0,2024,2024-04-26,7,循環内,2
0114560,0,2024,2024-06-13,7,循環内,2
0114560,0,2024,2024-07-12,7,循環内,1
0114560,0,2024,2024-07-16,7,循環内,1
0114560,0,2024,2024-06-19,15,心血外,1
0114560,0,2024,2024-06-28,15,心血外,1
0114560,0,2024,2024-04-05,50,消化内,1
0114560,0,2024,2024-04-11,14,消化外,1
0114560,0,2024,2024-05-13,21,皮膚科,2
0114560,0,2024,2024-06-04,6,糖尿内,1
0114560,0,2024,2024-05-06,8,腎臓内,2
0114602,0,2024,2024-04-04,26,眼科,1
0114602,0,2024,2024-04-27,26,眼科,1
0114602,0,2024,2024-05-11,26,眼科,2
0114602,0,2024,2024-05-25,26,眼科,2
0114602,0,2024,2024-06-12,26,眼科,1
0114602,0,2024,2024-06-17,26,眼科,1
0114776,0,2024,2024-07-19,7,循環内,1
0114776,0,2024,2024-06-10,15,心血外,1
0114776,0,2024,2024-05-23,28,放診断,2
0114776,0,2024,2024-04-10,34,救急科,1
0114776,0,2024,2024-06-11,34,救急科,1
0114776,0,2024,2024-04-30,18,整形外,1
0114776,0,2024,2024-05-01,18,整形外,2
0114776,0,2024,2024-05-09,18,整形外,2
0114776,0,2024,2024-05-20,18,整形外,2
0114776,0,2024,2024-06-07,18,整形外,1
0114776,0,2024,2024-04-11,14,消化外,1
0114776,0,2024,2024-07-17,25,耳鼻科,1
0114776,0,2024,2024-05-23,2,脳神内,2
0114776,0,2024,2024-07-05,2,脳神内,2
0114776,0,2024,2024-07-18,8,腎臓内,1
0114776,0,2024,2024-07-01,1,血液内,1
0114826,0,2024,2024-05-24,7,循環内,2
0114826,0,2024,2024-06-06,6,糖尿内,1
0114867,0,2024,2024-06-17,2,脳神内,1
0114883,0,2024,2024-05-16,18,整形外,2
0114982,0,2024,2024-04-05,18,整形外,1
0114982,0,2024,2024-06-21,18,整形外,1
0115013,0,2024,2024-05-18,7,循環内,2
0115039,0,2024,2024-04-18,8,腎臓内,1
0115096,0,2024,2024-04-24,25,耳鼻科,1
0115096,0,2024,2024-05-17,25,耳鼻科,2
0115112,0,2024,2024-05-01,43,産婦人,2
0115229,0,2024,2024-04-04,12,心療科,1
0115229,0,2024,2024-04-16,12,心療科,1
0115229,0,2024,2024-06-28,34,救急科,1
0115229,0,2024,2024-06-19,50,消化内,1
0115229,0,2024,2024-07-02,50,消化内,1
0115229,0,2024,2024-04-15,20,脳神外,1
0115229,0,2024,2024-07-12,8,腎臓内,1
0115245,0,2024,2024-04-13,34,救急科,1
0115252,0,2024,2024-05-01,7,循環内,2
0115252,0,2024,2024-05-23,25,耳鼻科,2
0115286,0,2024,2024-04-24,48,リウ膠,1
0115286,0,2024,2024-04-30,28,放診断,1
0115286,0,2024,2024-05-30,43,産婦人,2
0115310,0,2024,2024-06-13,34,救急科,1
0115328,0,2024,2024-05-27,10,小児科,2
0115328,0,2024,2024-06-20,10,小児科,1
0115328,0,2024,2024-07-23,10,小児科,1
0115328,0,2024,2024-04-09,7,循環内,1
0115328,0,2024,2024-05-15,7,循環内,2
0115328,0,2024,2024-07-03,7,循環内,1
0115328,0,2024,2024-04-22,12,心療科,1
0115328,0,2024,2024-06-25,43,産婦人,1
0115328,0,2024,2024-07-09,6,糖尿内,1
0115328,0,2024,2024-04-16,2,脳神内,1
0115328,0,2024,2024-07-16,2,脳神内,1
0115419,0,2024,2024-06-25,34,救急科,1
0115419,0,2024,2024-06-25,21,皮膚科,1
0115435,0,2024,2024-06-12,50,消化内,1
0115476,0,2024,2024-05-09,7,循環内,2
0115476,0,2024,2024-07-05,7,循環内,1
0115476,0,2024,2024-04-12,15,心血外,1
0115476,0,2024,2024-05-15,15,心血外,2
0115476,0,2024,2024-06-26,15,心血外,1
0115476,0,2024,2024-04-18,6,糖尿内,1
0115492,0,2024,2024-05-22,26,眼科,2
0115492,0,2024,2024-06-19,26,眼科,1
0115492,0,2024,2024-06-28,26,眼科,1
0115567,0,2024,2024-05-09,14,消化外,2
0115633,0,2024,2024-04-16,21,皮膚科,1
0115641,0,2024,2024-04-02,34,救急科,1
0115658,0,2024,2024-06-26,18,整形外,1
0115658,0,2024,2024-06-24,8,腎臓内,2
0115674,0,2024,2024-06-18,9,脳卒中,1
0115682,0,2024,2024-05-07,5,呼吸内,2
0115690,0,2024,2024-05-13,26,眼科,2
0115708,0,2024,2024-05-08,26,眼科,2
0115708,0,2024,2024-05-31,26,眼科,2
0115740,0,2024,2024-05-25,31,リハ,2
0115740,0,2024,2024-05-28,7,循環内,2
0115740,0,2024,2024-06-04,7,循環内,1
0115740,0,2024,2024-04-12,15,心血外,1
0115740,0,2024,2024-05-21,15,心血外,2
0115740,0,2024,2024-06-27,15,心血外,1
0115765,0,2024,2024-04-12,26,眼科,1
0115773,0,2024,2024-07-19,18,整形外,1
0115799,0,2024,2024-05-27,9,脳卒中,2
0115815,0,2024,2024-06-26,9,脳卒中,1
0115823,0,2024,2024-06-07,21,皮膚科,1
0115849,0,2024,2024-05-20,21,皮膚科,2
0115856,0,2024,2024-07-12,18,整形外,1
0115864,0,2024,2024-07-04,10,小児科,1
0115898,0,2024,2024-06-08,34,救急科,1
0115922,0,2024,2024-06-12,31,リハ,1
0115922,0,2024,2024-06-11,2,脳神内,1
0115955,0,2024,2024-06-13,34,救急科,1
0115955,0,2024,2024-07-19,25,耳鼻科,1
0115963,0,2024,2024-04-27,28,放診断,1
0115963,0,2024,2024-04-11,18,整形外,1
0116060,0,2024,2024-06-26,25,耳鼻科,1
0116060,0,2024,2024-07-17,25,耳鼻科,1
0116094,0,2024,2024-05-01,31,リハ,2
0116110,0,2024,2024-04-19,15,心血外,1
0116110,0,2024,2024-07-21,34,救急科,1
0116110,0,2024,2024-06-03,2,脳神内,1
0116110,0,2024,2024-05-17,20,脳神外,2
0116169,0,2024,2024-04-16,16,乳甲外,1
0116169,0,2024,2024-04-01,34,救急科,1
0116169,0,2024,2024-05-24,18,整形外,2
0116169,0,2024,2024-06-28,20,脳神外,1
0116169,0,2024,2024-05-18,8,腎臓内,2
0116169,0,2024,2024-06-22,8,腎臓内,1
0116185,0,2024,2024-04-01,26,眼科,1
0116185,0,2024,2024-04-04,26,眼科,1
0116185,0,2024,2024-04-25,26,眼科,1
0116185,0,2024,2024-05-21,26,眼科,2
0116185,0,2024,2024-05-30,26,眼科,2
0116185,0,2024,2024-06-09,26,眼科,1
0116185,0,2024,2024-06-18,26,眼科,1
0116185,0,2024,2024-06-27,26,眼科,1
0116185,0,2024,2024-07-09,26,眼科,1
0116185,0,2024,2024-07-11,26,眼科,1
0116185,0,2024,2024-07-18,1,血液内,1
0116201,0,2024,2024-07-18,18,整形外,1
0116243,0,2024,2024-06-05,25,耳鼻科,1
0116243,0,2024,2024-05-29,2,脳神内,2
0116292,0,2024,2024-06-11,26,眼科,1
0116292,0,2024,2024-07-16,26,眼科,1
0116300,0,2024,2024-07-03,7,循環内,1
0116300,0,2024,2024-04-25,26,眼科,1
0116300,0,2024,2024-05-20,26,眼科,2
0116300,0,2024,2024-05-21,26,眼科,2
0116300,0,2024,2024-06-04,26,眼科,1
0116300,0,2024,2024-06-18,26,眼科,1
0116300,0,2024,2024-06-21,26,眼科,1
0116326,0,2024,2024-05-17,7,循環内,2
0116334,0,2024,2024-04-22,25,耳鼻科,1
0116367,0,2024,2024-07-17,34,救急科,1
0116367,0,2024,2024-06-20,18,整形外,1
0116425,0,2024,2024-05-08,13,呼吸外,2
0116425,0,2024,2024-06-07,13,呼吸外,1
0116425,0,2024,2024-05-31,7,循環内,2
0116425,0,2024,2024-07-02,28,放診断,1
0116425,0,2024,2024-06-18,9,脳卒中,1
0116425,0,2024,2024-06-10,8,腎臓内,1
0116490,0,2024,2024-06-22,15,心血外,1
0116490,0,2024,2024-04-10,28,放診断,1
0116490,0,2024,2024-04-23,50,消化内,1
0116490,0,2024,2024-05-06,50,消化内,2
0116490,0,2024,2024-07-03,50,消化内,1
0116490,0,2024,2024-05-21,6,糖尿内,2
0116490,0,2024,2024-04-09,2,脳神内,1
0116490,0,2024,2024-05-30,2,脳神内,2
0116490,0,2024,2024-04-05,8,腎臓内,1
0116490,0,2024,2024-04-19,8,腎臓内,1
0116490,0,2024,2024-04-26,8,腎臓内,2
0116490,0,2024,2024-05-11,8,腎臓内,2
0116490,0,2024,2024-05-17,8,腎臓内,4
0116490,0,2024,2024-05-24,8,腎臓内,4
0116490,0,2024,2024-06-07,8,腎臓内,1
0116490,0,2024,2024-06-13,8,腎臓内,1
0116490,0,2024,2024-06-14,8,腎臓内,1
0116490,0,2024,2024-07-19,8,腎臓内,2
0116565,0,2024,2024-04-08,16,乳甲外,1
0116573,0,2024,2024-05-28,26,眼科,2
0116615,0,2024,2024-06-12,10,小児科,1
0116615,0,2024,2024-05-27,7,循環内,2
0116615,0,2024,2024-04-12,43,産婦人,1
0116615,0,2024,2024-05-13,36,総合診,2
0116615,0,2024,2024-04-19,8,腎臓内,1
0116771,0,2024,2024-07-11,26,眼科,1
0116821,0,2024,2024-04-02,16,乳甲外,1
0116821,0,2024,2024-04-09,16,乳甲外,1
0116821,0,2024,2024-04-10,16,乳甲外,2
0116821,0,2024,2024-04-16,16,乳甲外,2
0116821,0,2024,2024-04-22,16,乳甲外,1
0116821,0,2024,2024-04-30,16,乳甲外,2
0116821,0,2024,2024-05-09,16,乳甲外,2
0116821,0,2024,2024-05-13,16,乳甲外,2
0116821,0,2024,2024-05-14,16,乳甲外,2
0116821,0,2024,2024-05-16,16,乳甲外,2
0116821,0,2024,2024-05-18,16,乳甲外,2
0116821,0,2024,2024-05-22,16,乳甲外,2
0116821,0,2024,2024-05-28,16,乳甲外,2
0116821,0,2024,2024-05-31,16,乳甲外,2
0116821,0,2024,2024-06-07,16,乳甲外,2
0116821,0,2024,2024-06-11,16,乳甲外,1
0116821,0,2024,2024-06-18,16,乳甲外,1
0116821,0,2024,2024-07-01,16,乳甲外,1
0116821,0,2024,2024-07-02,16,乳甲外,1
0116821,0,2024,2024-07-06,16,乳甲外,1
0116821,0,2024,2024-07-10,16,乳甲外,1
0116821,0,2024,2024-04-01,28,放診断,1
0116821,0,2024,2024-04-02,28,放診断,1
0116821,0,2024,2024-04-03,28,放診断,2
0116821,0,2024,2024-04-17,28,放診断,1
0116821,0,2024,2024-04-22,28,放診断,2
0116821,0,2024,2024-05-08,28,放診断,2
0116821,0,2024,2024-05-13,28,放診断,2
0116821,0,2024,2024-05-14,28,放診断,2
0116821,0,2024,2024-05-23,28,放診断,2
0116821,0,2024,2024-05-27,28,放診断,2
0116821,0,2024,2024-05-30,28,放診断,2
0116821,0,2024,2024-06-03,28,放診断,1
0116821,0,2024,2024-06-06,28,放診断,1
0116821,0,2024,2024-06-12,28,放診断,1
0116821,0,2024,2024-06-19,28,放診断,1
0116821,0,2024,2024-07-02,28,放診断,1
0116821,0,2024,2024-07-03,28,放診断,2
0116821,0,2024,2024-07-09,28,放診断,1
0116821,0,2024,2024-07-22,28,放診断,2
0116821,0,2024,2024-04-25,21,皮膚科,1
0120134,0,2024,2024-04-05,32,歯口外,1
0120134,0,2024,2024-07-18,32,歯口外,1
0120294,0,2024,2024-06-19,15,心血外,1
0120880,0,2024,2024-04-04,18,整形外,1
0121151,0,2024,2024-04-23,20,脳神外,1
0121185,0,2024,2024-07-12,8,腎臓内,1
0121276,0,2024,2024-06-17,20,脳神外,1
0121284,0,2024,2024-04-05,8,腎臓内,1
0121284,0,2024,2024-06-14,8,腎臓内,1
0121540,0,2024,2024-06-21,26,眼科,1
0121581,0,2024,2024-06-26,26,眼科,1
0121599,0,2024,2024-07-17,6,糖尿内,1
0121607,0,2024,2024-04-05,7,循環内,1
0121607,0,2024,2024-04-26,7,循環内,1
0121607,0,2024,2024-04-22,18,整形外,1
0121714,0,2024,2024-04-19,25,耳鼻科,1
0121714,0,2024,2024-04-22,25,耳鼻科,1
0121714,0,2024,2024-05-01,25,耳鼻科,2
0121714,0,2024,2024-05-22,25,耳鼻科,2
0121714,0,2024,2024-06-10,25,耳鼻科,1
0121714,0,2024,2024-04-19,8,腎臓内,1
0121838,0,2024,2024-05-03,34,救急科,2
0121912,0,2024,2024-04-23,15,心血外,1
0122027,0,2024,2024-07-13,34,救急科,1
0122027,0,2024,2024-04-02,21,皮膚科,1
0122027,0,2024,2024-05-16,21,皮膚科,2
0122027,0,2024,2024-06-01,21,皮膚科,1
0122035,0,2024,2024-06-26,7,循環内,1
0122266,0,2024,2024-06-12,21,皮膚科,1
0122316,0,2024,2024-06-19,10,小児科,1
0122324,0,2024,2024-05-13,7,循環内,2
0122324,0,2024,2024-06-06,7,循環内,1
0122670,0,2024,2024-04-23,15,心血外,1
0122688,0,2024,2024-05-09,21,皮膚科,2
0122688,0,2024,2024-06-10,21,皮膚科,1
0122829,0,2024,2024-04-25,7,循環内,1
0122829,0,2024,2024-05-31,7,循環内,2
0122829,0,2024,2024-06-07,7,循環内,1
0122829,0,2024,2024-06-12,28,放診断,1
0122829,0,2024,2024-06-13,28,放診断,1
0122829,0,2024,2024-06-26,28,放診断,1
0122829,0,2024,2024-06-04,50,消化内,1
0122829,0,2024,2024-06-05,50,消化内,1
0122829,0,2024,2024-05-30,14,消化外,2
0122829,0,2024,2024-07-08,6,糖尿内,1
0122829,0,2024,2024-07-03,25,耳鼻科,1
0122829,0,2024,2024-04-09,2,脳神内,1
0123041,0,2024,2024-06-21,48,リウ膠,1
0123231,0,2024,2024-04-15,36,総合診,1
0123249,0,2024,2024-04-19,36,総合診,1
0123363,0,2024,2024-05-25,34,救急科,2
0123363,0,2024,2024-07-08,26,眼科,1
0123405,0,2024,2024-04-06,10,小児科,1
0123405,0,2024,2024-05-31,10,小児科,2
0123405,0,2024,2024-07-01,10,小児科,1
0123405,0,2024,2024-05-10,15,心血外,2
0123405,0,2024,2024-06-12,22,泌尿器,1
0123405,0,2024,2024-04-04,43,産婦人,1
0123405,0,2024,2024-05-23,43,産婦人,2
0123405,0,2024,2024-05-27,43,産婦人,2
0123405,0,2024,2024-06-03,43,産婦人,1
0123405,0,2024,2024-06-10,43,産婦人,1
0123405,0,2024,2024-06-13,43,産婦人,1
0123405,0,2024,2024-06-20,43,産婦人,1
0123405,0,2024,2024-06-24,43,産婦人,2
0123405,0,2024,2024-06-27,43,産婦人,1
0123405,0,2024,2024-07-20,43,産婦人,1
0123405,0,2024,2024-05-16,8,腎臓内,2
0123462,0,2024,2024-05-25,18,整形外,2
0123470,0,2024,2024-04-02,10,小児科,1
0123470,0,2024,2024-06-26,10,小児科,1
0123538,0,2024,2024-05-24,2,脳神内,2
0123611,0,2024,2024-06-21,2,脳神内,1
0123701,0,2024,2024-05-24,22,泌尿器,2
0123728,0,2024,2024-04-15,12,心療科,1
0123751,0,2024,2024-04-18,26,眼科,1
0123751,0,2024,2024-05-21,26,眼科,2
0123876,0,2024,2024-05-10,15,心血外,2
0123876,0,2024,2024-04-30,18,整形外,1
0123876,0,2024,2024-05-17,50,消化内,2
0123884,0,2024,2024-06-03,50,消化内,1
0123975,0,2024,2024-04-25,48,リウ膠,1
0123975,0,2024,2024-05-10,7,循環内,2
0123975,0,2024,2024-04-17,50,消化内,1
0123975,0,2024,2024-05-24,50,消化内,2
0124378,0,2024,2024-05-27,1,血液内,2
0124568,0,2024,2024-06-07,10,小児科,1
0125045,0,2024,2024-05-07,34,救急科,2
0201983,0,2024,2024-05-22,32,歯口外,2
0202072,0,2024,2024-07-03,18,整形外,1
0202320,0,2024,2024-05-08,32,歯口外,2
0202320,0,2024,2024-06-20,32,歯口外,1
0202379,0,2024,2024-05-20,32,歯口外,2
0202429,0,2024,2024-04-08,32,歯口外,1
0202585,0,2024,2024-06-05,32,歯口外,1
0202619,0,2024,2024-04-17,32,歯口外,1
0202734,0,2024,2024-06-05,32,歯口外,1
0202759,0,2024,2024-04-17,32,歯口外,1
0203013,0,2024,2024-04-19,32,歯口外,1
0203013,0,2024,2024-05-29,32,歯口外,2
0203237,0,2024,2024-06-27,32,歯口外,1
0203280,0,2024,2024-07-01,7,循環内,1
0203280,0,2024,2024-07-10,15,心血外,1
0203280,0,2024,2024-05-09,9,脳卒中,2
0203328,0,2024,2024-04-11,32,歯口外,1
0203328,0,2024,2024-04-13,32,歯口外,1
0203328,0,2024,2024-04-24,32,歯口外,1
0203328,0,2024,2024-06-11,32,歯口外,1
0203336,0,2024,2024-04-18,32,歯口外,1
0203419,0,2024,2024-04-12,32,歯口外,1
0203419,0,2024,2024-05-24,32,歯口外,2
0203419,0,2024,2024-06-26,32,歯口外,1
0203419,0,2024,2024-06-28,32,歯口外,1
0203757,0,2024,2024-05-01,32,歯口外,2
0203757,0,2024,2024-05-22,32,歯口外,2
0203757,0,2024,2024-06-13,32,歯口外,1
0203773,0,2024,2024-06-14,32,歯口外,1
0203799,0,2024,2024-06-12,32,歯口外,1
0203864,0,2024,2024-07-17,32,歯口外,1
0203872,0,2024,2024-05-16,32,歯口外,2
0204102,0,2024,2024-05-22,32,歯口外,2
0204128,0,2024,2024-04-04,32,歯口外,1
0204148,0,2024,2024-07-05,26,眼科,1
0204391,0,2024,2024-05-15,32,歯口外,2
0204437,0,2024,2024-07-22,21,皮膚科,1
0204478,0,2024,2024-06-25,25,耳鼻科,1
0204478,0,2024,2024-07-12,2,脳神内,1
0204502,0,2024,2024-04-19,15,心血外,1
0204502,0,2024,2024-07-12,15,心血外,1
0204502,0,2024,2024-07-08,50,消化内,1
0204502,0,2024,2024-04-01,20,脳神外,1
0204510,0,2024,2024-04-05,7,循環内,1
0204510,0,2024,2024-04-19,7,循環内,1
0204510,0,2024,2024-04-27,50,消化内,1
0204516,0,2024,2024-05-24,32,歯口外,2
0204573,0,2024,2024-05-25,32,歯口外,2
0204607,0,2024,2024-07-03,32,歯口外,1
0204619,0,2024,2024-06-04,20,脳神外,1
0204649,0,2024,2024-06-07,32,歯口外,1
0204797,0,2024,2024-06-20,32,歯口外,1
0204805,0,2024,2024-05-31,32,歯口外,2
0204896,0,2024,2024-05-25,32,歯口外,2
0204920,0,2024,2024-04-05,32,歯口外,1
0204920,0,2024,2024-04-15,32,歯口外,1
0204920,0,2024,2024-04-24,32,歯口外,1
0204920,0,2024,2024-06-12,32,歯口外,1
0204920,0,2024,2024-07-10,32,歯口外,1
0204973,0,2024,2024-07-12,6,糖尿内,1
0204999,0,2024,2024-05-16,26,眼科,2
0204999,0,2024,2024-05-20,26,眼科,2
0205103,0,2024,2024-06-24,7,循環内,1
0205103,0,2024,2024-05-08,8,腎臓内,2
0205103,0,2024,2024-06-12,8,腎臓内,1
0205194,0,2024,2024-04-24,13,呼吸外,1
0205194,0,2024,2024-06-08,13,呼吸外,1
0205194,0,2024,2024-06-19,15,心血外,1
0205194,0,2024,2024-06-21,50,消化内,1
0205236,0,2024,2024-06-09,34,救急科,1
0205236,0,2024,2024-04-13,18,整形外,1
0205236,0,2024,2024-04-30,18,整形外,1
0205236,0,2024,2024-05-01,18,整形外,2
0205236,0,2024,2024-06-27,14,消化外,1
0205251,0,2024,2024-07-11,10,小児科,1
0205251,0,2024,2024-04-26,15,心血外,1
0205251,0,2024,2024-05-15,15,心血外,2
0205251,0,2024,2024-05-28,2,脳神内,2
0205293,0,2024,2024-07-12,14,消化外,1
0205293,0,2024,2024-06-14,20,脳神外,1
0205327,0,2024,2024-06-08,34,救急科,1
0205327,0,2024,2024-04-08,18,整形外,1
0205327,0,2024,2024-06-14,20,脳神外,1
0205392,0,2024,2024-06-26,7,循環内,1
0205434,0,2024,2024-04-23,7,循環内,1
0205434,0,2024,2024-04-26,7,循環内,1
0205491,0,2024,2024-04-06,10,小児科,1
0205491,0,2024,2024-04-27,10,小児科,1
0205640,0,2024,2024-05-21,7,循環内,2
0205640,0,2024,2024-05-22,18,整形外,2
0205640,0,2024,2024-07-03,18,整形外,1
0205640,0,2024,2024-04-17,50,消化内,1
0205715,0,2024,2024-04-25,26,眼科,1
0205749,0,2024,2024-04-03,43,産婦人,1
0205772,0,2024,2024-07-08,20,脳神外,1
0205780,0,2024,2024-05-11,5,呼吸内,2
0205780,0,2024,2024-05-27,10,小児科,2
0205780,0,2024,2024-06-19,15,心血外,1
0205780,0,2024,2024-07-23,50,消化内,1
0205780,0,2024,2024-07-09,2,脳神内,1
0205988,0,2024,2024-06-14,7,循環内,1
0205988,0,2024,2024-04-17,9,脳卒中,1
0205996,0,2024,2024-05-15,28,放診断,2
0205996,0,2024,2024-04-23,22,泌尿器,1
0205996,0,2024,2024-06-15,9,脳卒中,1
0205996,0,2024,2024-06-13,2,脳神内,1
0206010,0,2024,2024-04-18,34,救急科,1
0206028,0,2024,2024-06-22,26,眼科,1
0206028,0,2024,2024-05-20,2,脳神内,2
0206135,0,2024,2024-04-26,26,眼科,1
0206135,0,2024,2024-06-03,26,眼科,1
0206135,0,2024,2024-06-10,26,眼科,1
0206135,0,2024,2024-06-20,26,眼科,1
0206135,0,2024,2024-07-16,26,眼科,1
0206176,0,2024,2024-07-09,21,皮膚科,1
0206192,0,2024,2024-04-19,15,心血外,1
0206192,0,2024,2024-04-12,8,腎臓内,1
0206267,0,2024,2024-04-13,7,循環内,1
0206267,0,2024,2024-05-31,7,循環内,2
0206267,0,2024,2024-07-17,7,循環内,1
0206267,0,2024,2024-07-16,50,消化内,1
0206267,0,2024,2024-05-02,14,消化外,2
0206267,0,2024,2024-04-02,9,脳卒中,1
0206267,0,2024,2024-06-21,9,脳卒中,1
0206267,0,2024,2024-04-03,8,腎臓内,1
0206267,0,2024,2024-04-26,8,腎臓内,1
0206267,0,2024,2024-07-11,8,腎臓内,1
0206283,0,2024,2024-05-07,48,リウ膠,2
0206283,0,2024,2024-05-22,31,リハ,2
0206283,0,2024,2024-05-09,7,循環内,2
0206283,0,2024,2024-06-19,7,循環内,1
0206283,0,2024,2024-06-26,7,循環内,1
0206283,0,2024,2024-05-04,34,救急科,2
0206283,0,2024,2024-04-26,6,糖尿内,1
0206283,0,2024,2024-05-15,2,脳神内,2
0206283,0,2024,2024-06-18,2,脳神内,1
0206473,0,2024,2024-04-24,18,整形外,1
0206473,0,2024,2024-06-07,2,脳神内,1
0206523,0,2024,2024-05-28,7,循環内,2
0206523,0,2024,2024-05-22,34,救急科,2
0206531,0,2024,2024-05-15,13,呼吸外,2
0206580,0,2024,2024-04-19,8,腎臓内,1
0206622,0,2024,2024-04-03,25,耳鼻科,1
0206622,0,2024,2024-06-19,25,耳鼻科,1
0206648,0,2024,2024-05-10,5,呼吸内,2
0206671,0,2024,2024-04-26,15,心血外,1
0206671,0,2024,2024-06-12,8,腎臓内,1
0206671,0,2024,2024-06-26,8,腎臓内,1
0206713,0,2024,2024-07-10,13,呼吸外,1
0206713,0,2024,2024-04-02,7,循環内,1
0206713,0,2024,2024-04-06,7,循環内,1
0206713,0,2024,2024-04-09,7,循環内,1
0206713,0,2024,2024-04-25,7,循環内,1
0206713,0,2024,2024-05-27,7,循環内,2
0206713,0,2024,2024-06-07,7,循環内,1
0206713,0,2024,2024-07-01,7,循環内,1
0206713,0,2024,2024-05-23,20,脳神外,2
0206747,0,2024,2024-04-03,25,耳鼻科,1
0206788,0,2024,2024-05-22,34,救急科,2
0206788,0,2024,2024-04-24,14,消化外,1
0206788,0,2024,2024-05-17,36,総合診,2
0206796,0,2024,2024-06-04,7,循環内,1
0206796,0,2024,2024-06-18,7,循環内,1
0206796,0,2024,2024-07-23,50,消化内,1
0206796,0,2024,2024-05-24,8,腎臓内,2
0206820,0,2024,2024-06-02,34,救急科,1
0206861,0,2024,2024-05-08,48,リウ膠,2
0206861,0,2024,2024-07-12,31,リハ,1
0206861,0,2024,2024-04-04,28,放診断,1
0206861,0,2024,2024-04-20,28,放診断,1
0206861,0,2024,2024-04-30,28,放診断,1
0206861,0,2024,2024-05-01,28,放診断,2
0206861,0,2024,2024-05-09,28,放診断,2
0206861,0,2024,2024-05-10,28,放診断,2
0206861,0,2024,2024-06-07,28,放診断,1
0206861,0,2024,2024-06-19,28,放診断,1
0206861,0,2024,2024-07-02,28,放診断,1
0206861,0,2024,2024-07-05,28,放診断,1
0206861,0,2024,2024-07-11,28,放診断,1
0206861,0,2024,2024-07-17,28,放診断,1
0206861,0,2024,2024-04-02,34,救急科,1
0206861,0,2024,2024-04-24,34,救急科,1
0206861,0,2024,2024-05-03,34,救急科,2
0206861,0,2024,2024-05-21,34,救急科,2
0206861,0,2024,2024-06-27,34,救急科,1
0206861,0,2024,2024-04-04,18,整形外,2
0206861,0,2024,2024-04-05,18,整形外,1
0206861,0,2024,2024-04-13,18,整形外,1
0206861,0,2024,2024-04-15,18,整形外,1
0206861,0,2024,2024-04-24,18,整形外,1
0206861,0,2024,2024-05-03,18,整形外,2
0206861,0,2024,2024-05-09,18,整形外,2
0206861,0,2024,2024-05-15,18,整形外,2
0206861,0,2024,2024-05-21,18,整形外,2
0206861,0,2024,2024-05-23,18,整形外,2
0206861,0,2024,2024-05-24,18,整形外,2
0206861,0,2024,2024-05-27,18,整形外,2
0206861,0,2024,2024-05-28,18,整形外,2
0206861,0,2024,2024-05-31,18,整形外,4
0206861,0,2024,2024-06-06,18,整形外,2
0206861,0,2024,2024-06-12,18,整形外,1
0206861,0,2024,2024-06-22,18,整形外,1
0206861,0,2024,2024-06-24,18,整形外,1
0206861,0,2024,2024-06-25,18,整形外,1
0206861,0,2024,2024-06-27,18,整形外,1
0206861,0,2024,2024-07-02,18,整形外,1
0206861,0,2024,2024-07-04,18,整形外,2
0206861,0,2024,2024-07-08,18,整形外,1
0206861,0,2024,2024-07-17,18,整形外,1
0206861,0,2024,2024-07-18,18,整形外,1
0206861,0,2024,2024-04-01,50,消化内,1
0206861,0,2024,2024-04-05,2,脳神内,1
0206861,0,2024,2024-06-18,37,麻酔科,1
0206861,0,2024,2024-07-17,37,麻酔科,1
0206879,0,2024,2024-04-19,31,リハ,1
0206879,0,2024,2024-04-04,10,小児科,1
0206879,0,2024,2024-06-14,10,小児科,1
0206879,0,2024,2024-07-06,10,小児科,1
0206879,0,2024,2024-04-24,34,救急科,1
0206879,0,2024,2024-04-23,25,耳鼻科,1
0206879,0,2024,2024-04-24,25,耳鼻科,1
0206879,0,2024,2024-05-14,25,耳鼻科,2
0206879,0,2024,2024-05-24,25,耳鼻科,2
0206879,0,2024,2024-05-31,25,耳鼻科,2
0206879,0,2024,2024-06-05,25,耳鼻科,1
0206887,0,2024,2024-07-12,7,循環内,1
0206887,0,2024,2024-06-19,15,心血外,1
0206887,0,2024,2024-07-02,50,消化内,1
0206887,0,2024,2024-04-26,8,腎臓内,1
0206887,0,2024,2024-05-30,8,腎臓内,2
0206929,0,2024,2024-04-30,34,救急科,1
0206929,0,2024,2024-06-21,25,耳鼻科,1
0206937,0,2024,2024-06-19,15,心血外,1
0206937,0,2024,2024-07-16,6,糖尿内,1
0206937,0,2024,2024-05-09,25,耳鼻科,2
0206937,0,2024,2024-04-19,27,臨腫瘍,1
0206937,0,2024,2024-06-20,27,臨腫瘍,1
0206952,0,2024,2024-05-18,13,呼吸外,2
0206952,0,2024,2024-06-08,22,泌尿器,1
0206952,0,2024,2024-04-15,21,皮膚科,1
0206960,0,2024,2024-04-15,7,循環内,1
0206960,0,2024,2024-05-15,7,循環内,2
0206960,0,2024,2024-06-21,7,循環内,1
0206960,0,2024,2024-06-24,7,循環内,1
0206960,0,2024,2024-07-08,7,循環内,1
0206960,0,2024,2024-05-08,15,心血外,2
0206960,0,2024,2024-05-11,28,放診断,2
0206960,0,2024,2024-05-10,34,救急科,2
0206960,0,2024,2024-04-17,14,消化外,1
0206960,0,2024,2024-06-20,14,消化外,1
0206960,0,2024,2024-06-03,2,脳神内,1
0206978,0,2024,2024-07-10,48,リウ膠,1
0206978,0,2024,2024-05-02,25,耳鼻科,2
0206978,0,2024,2024-05-27,25,耳鼻科,2
0206978,0,2024,2024-06-12,25,耳鼻科,1
0206986,0,2024,2024-05-30,7,循環内,2
0206986,0,2024,2024-07-18,36,総合診,1
0207000,0,2024,2024-06-01,5,呼吸内,1
0207000,0,2024,2024-07-13,18,整形外,1
0207000,0,2024,2024-05-04,50,消化内,2
0207026,0,2024,2024-04-24,43,産婦人,1
0207026,0,2024,2024-05-29,43,産婦人,2
0207026,0,2024,2024-07-19,6,糖尿内,1
0207034,0,2024,2024-07-05,15,心血外,1
0207034,0,2024,2024-07-11,14,消化外,1
0207034,0,2024,2024-05-13,43,産婦人,2
0207042,0,2024,2024-04-27,10,小児科,1
0207042,0,2024,2024-07-11,10,小児科,1
0207059,0,2024,2024-06-13,6,糖尿内,1
0207059,0,2024,2024-07-10,6,糖尿内,1
0207083,0,2024,2024-04-02,43,産婦人,1
0207083,0,2024,2024-04-08,43,産婦人,1
0207083,0,2024,2024-04-12,43,産婦人,1
0207083,0,2024,2024-04-14,43,産婦人,1
0207083,0,2024,2024-04-16,43,産婦人,1
0207083,0,2024,2024-04-22,43,産婦人,1
0207083,0,2024,2024-04-24,43,産婦人,1
0207083,0,2024,2024-04-29,43,産婦人,1
0207083,0,2024,2024-05-01,43,産婦人,2
0207083,0,2024,2024-05-14,43,産婦人,2
0207083,0,2024,2024-05-15,43,産婦人,2
0207083,0,2024,2024-05-20,43,産婦人,2
0207083,0,2024,2024-05-27,43,産婦人,2
0207083,0,2024,2024-05-28,43,産婦人,2
0207083,0,2024,2024-05-31,43,産婦人,2
0207083,0,2024,2024-06-01,43,産婦人,1
0207083,0,2024,2024-06-05,43,産婦人,1
0207083,0,2024,2024-06-12,43,産婦人,1
0207083,0,2024,2024-06-14,43,産婦人,1
0207083,0,2024,2024-06-17,43,産婦人,1
0207083,0,2024,2024-06-21,43,産婦人,1
0207083,0,2024,2024-06-22,43,産婦人,1
0207083,0,2024,2024-06-24,43,産婦人,2
0207083,0,2024,2024-06-29,43,産婦人,1
0207083,0,2024,2024-07-05,43,産婦人,1
0207083,0,2024,2024-07-08,43,産婦人,1
0207083,0,2024,2024-07-09,43,産婦人,2
0207083,0,2024,2024-07-15,43,産婦人,1
0207083,0,2024,2024-07-20,43,産婦人,1
0207083,0,2024,2024-06-12,1,血液内,1
0207109,0,2024,2024-07-08,50,消化内,1
0207109,0,2024,2024-04-19,8,腎臓内,1
0207109,0,2024,2024-06-21,8,腎臓内,1
0207109,0,2024,2024-07-19,8,腎臓内,1
0207117,0,2024,2024-05-07,28,放診断,2
0207117,0,2024,2024-06-18,28,放診断,1
0207117,0,2024,2024-04-04,18,整形外,1
0207117,0,2024,2024-04-19,18,整形外,1
0207117,0,2024,2024-06-03,18,整形外,1
0207117,0,2024,2024-06-10,18,整形外,1
0207117,0,2024,2024-06-13,18,整形外,1
0207117,0,2024,2024-06-19,18,整形外,1
0207117,0,2024,2024-07-22,18,整形外,1
0207125,0,2024,2024-05-16,20,脳神外,2
0207141,0,2024,2024-07-17,34,救急科,1
0210012,0,2024,2024-06-05,48,リウ膠,1
0210012,0,2024,2024-06-13,48,リウ膠,1
0210012,0,2024,2024-07-12,31,リハ,1
0210012,0,2024,2024-06-10,16,乳甲外,1
0210012,0,2024,2024-04-21,10,小児科,1
0210012,0,2024,2024-05-22,10,小児科,2
0210012,0,2024,2024-06-04,10,小児科,1
0210012,0,2024,2024-06-12,10,小児科,1
0210012,0,2024,2024-07-17,19,形成外,1
0210012,0,2024,2024-05-08,7,循環内,2
0210012,0,2024,2024-06-08,7,循環内,1
0210012,0,2024,2024-06-13,7,循環内,1
0210012,0,2024,2024-05-01,12,心療科,2
0210012,0,2024,2024-06-08,15,心血外,1
0210012,0,2024,2024-04-23,34,救急科,1
0210012,0,2024,2024-05-25,34,救急科,2
0210012,0,2024,2024-05-30,34,救急科,2
0210012,0,2024,2024-07-20,34,救急科,1
0210012,0,2024,2024-06-04,18,整形外,1
0210012,0,2024,2024-06-10,18,整形外,2
0210012,0,2024,2024-07-22,18,整形外,1
0210012,0,2024,2024-04-01,50,消化内,1
0210012,0,2024,2024-06-17,50,消化内,1
0210012,0,2024,2024-06-18,50,消化内,1
0210012,0,2024,2024-04-17,14,消化外,1
0210012,0,2024,2024-06-18,14,消化外,1
0210012,0,2024,2024-04-30,43,産婦人,1
0210012,0,2024,2024-06-12,43,産婦人,1
0210012,0,2024,2024-06-29,43,産婦人,2
0210012,0,2024,2024-04-13,26,眼科,1
0210012,0,2024,2024-07-05,26,眼科,1
0210012,0,2024,2024-06-23,6,糖尿内,1
0210012,0,2024,2024-06-25,6,糖尿内,1
0210012,0,2024,2024-07-18,36,総合診,1
0210012,0,2024,2024-06-28,25,耳鼻科,1
0210012,0,2024,2024-07-03,25,耳鼻科,1
0210012,0,2024,2024-07-22,25,耳鼻科,1
0210012,0,2024,2024-04-01,9,脳卒中,1
0210012,0,2024,2024-07-06,9,脳卒中,2
0210012,0,2024,2024-06-27,2,脳神内,1
0210012,0,2024,2024-07-03,2,脳神内,1
0210012,0,2024,2024-07-04,2,脳神内,1
0210012,0,2024,2024-07-17,2,脳神内,1
0210012,0,2024,2024-07-17,20,脳神外,1
0210091,0,2024,2024-05-24,32,歯口外,2
0210091,0,2024,2024-06-22,32,歯口外,1
0210145,0,2024,2024-05-17,48,リウ膠,2
0210145,0,2024,2024-04-12,7,循環内,1
0210145,0,2024,2024-05-07,7,循環内,2
0210145,0,2024,2024-04-06,15,心血外,1
0210145,0,2024,2024-04-17,15,心血外,1
0210145,0,2024,2024-06-03,34,救急科,1
0210145,0,2024,2024-06-20,34,救急科,1
0210145,0,2024,2024-04-11,18,整形外,1
0210145,0,2024,2024-04-22,18,整形外,1
0210145,0,2024,2024-05-17,18,整形外,2
0210145,0,2024,2024-06-12,18,整形外,1
0210145,0,2024,2024-07-22,18,整形外,1
0210145,0,2024,2024-04-05,22,泌尿器,1
0210145,0,2024,2024-04-10,50,消化内,2
0210145,0,2024,2024-04-19,50,消化内,1
0210145,0,2024,2024-04-27,50,消化内,1
0210145,0,2024,2024-06-10,14,消化外,1
0210145,0,2024,2024-05-14,25,耳鼻科,2
0210145,0,2024,2024-06-10,25,耳鼻科,1
0210145,0,2024,2024-04-22,9,脳卒中,1
0210145,0,2024,2024-05-10,9,脳卒中,2
0210145,0,2024,2024-06-04,9,脳卒中,1
0210145,0,2024,2024-06-06,9,脳卒中,1
0210145,0,2024,2024-07-16,9,脳卒中,1
0210145,0,2024,2024-07-22,9,脳卒中,1
0210145,0,2024,2024-04-02,2,脳神内,1
0210145,0,2024,2024-05-01,2,脳神内,2
0210145,0,2024,2024-05-02,2,脳神内,2
0210145,0,2024,2024-05-27,20,脳神外,2
0210145,0,2024,2024-05-08,8,腎臓内,2
0210145,0,2024,2024-05-21,8,腎臓内,2
0210145,0,2024,2024-06-24,8,腎臓内,1
0210186,0,2024,2024-04-25,19,形成外,1
0210186,0,2024,2024-04-09,7,循環内,1
0210186,0,2024,2024-04-20,7,循環内,1
0210186,0,2024,2024-05-22,7,循環内,2
0210186,0,2024,2024-06-21,15,心血外,1
0210186,0,2024,2024-04-11,34,救急科,1
0210186,0,2024,2024-04-16,34,救急科,1
0210186,0,2024,2024-05-01,34,救急科,2
0210186,0,2024,2024-06-08,34,救急科,1
0210186,0,2024,2024-07-09,34,救急科,1
0210186,0,2024,2024-07-17,34,救急科,1
0210186,0,2024,2024-04-01,18,整形外,1
0210186,0,2024,2024-05-31,18,整形外,2
0210186,0,2024,2024-06-10,22,泌尿器,1
0210186,0,2024,2024-04-16,50,消化内,1
0210186,0,2024,2024-06-18,14,消化外,1
0210186,0,2024,2024-06-03,21,皮膚科,1
0210186,0,2024,2024-06-17,21,皮膚科,1
0210186,0,2024,2024-04-26,26,眼科,1
0210186,0,2024,2024-05-14,26,眼科,2
0210186,0,2024,2024-05-01,6,糖尿内,2
0210186,0,2024,2024-06-19,36,総合診,1
0210186,0,2024,2024-05-21,2,脳神内,2
0210186,0,2024,2024-04-17,20,脳神外,1
0210186,0,2024,2024-04-17,8,腎臓内,1
0210186,0,2024,2024-06-12,8,腎臓内,1
0210186,0,2024,2024-06-24,8,腎臓内,1
0210208,0,2024,2024-07-10,32,歯口外,1
0210210,0,2024,2024-04-26,31,リハ,1
0210210,0,2024,2024-06-18,31,リハ,1
0210210,0,2024,2024-05-30,5,呼吸内,2
0210210,0,2024,2024-07-12,15,心血外,1
0210210,0,2024,2024-06-24,18,整形外,1
0210210,0,2024,2024-05-29,50,消化内,2
0210210,0,2024,2024-07-19,50,消化内,1
0210210,0,2024,2024-07-11,43,産婦人,1
0210232,0,2024,2024-04-03,32,歯口外,1
0210240,0,2024,2024-04-25,32,歯口外,1
0210273,0,2024,2024-04-19,32,歯口外,1
0210281,0,2024,2024-04-06,32,歯口外,1
0210281,0,2024,2024-05-17,32,歯口外,2
0210281,0,2024,2024-05-23,32,歯口外,2
0210281,0,2024,2024-06-25,32,歯口外,1
0210281,0,2024,2024-06-27,32,歯口外,1
0210281,0,2024,2024-06-29,32,歯口外,1
0210281,0,2024,2024-07-17,32,歯口外,2
0210301,0,2024,2024-05-13,18,整形外,2
0210301,0,2024,2024-05-22,50,消化内,2
0210301,0,2024,2024-05-17,21,皮膚科,2
0210301,0,2024,2024-05-20,2,脳神内,2
0210323,0,2024,2024-06-22,32,歯口外,1
0210364,0,2024,2024-06-29,32,歯口外,1
0210368,0,2024,2024-04-03,16,乳甲外,1
0210368,0,2024,2024-04-10,16,乳甲外,1
0210368,0,2024,2024-05-22,16,乳甲外,2
0210368,0,2024,2024-05-05,50,消化内,2
0210418,0,2024,2024-04-10,48,リウ膠,1
0210418,0,2024,2024-06-20,31,リハ,1
0210418,0,2024,2024-06-21,31,リハ,1
0210418,0,2024,2024-06-22,31,リハ,1
0210418,0,2024,2024-04-01,7,循環内,1
0210418,0,2024,2024-06-19,7,循環内,1
0210418,0,2024,2024-07-17,7,循環内,1
0210418,0,2024,2024-06-26,15,心血外,1
0210418,0,2024,2024-05-10,34,救急科,2
0210418,0,2024,2024-05-29,34,救急科,2
0210418,0,2024,2024-06-01,34,救急科,1
0210418,0,2024,2024-07-11,34,救急科,1
0210418,0,2024,2024-04-16,18,整形外,1
0210418,0,2024,2024-04-17,18,整形外,1
0210418,0,2024,2024-04-19,18,整形外,1
0210418,0,2024,2024-05-15,18,整形外,2
0210418,0,2024,2024-05-28,18,整形外,2
0210418,0,2024,2024-06-17,18,整形外,1
0210418,0,2024,2024-04-24,50,消化内,1
0210418,0,2024,2024-06-07,50,消化内,1
0210418,0,2024,2024-07-02,50,消化内,1
0210418,0,2024,2024-05-29,14,消化外,2
0210418,0,2024,2024-06-11,14,消化外,1
0210418,0,2024,2024-04-16,6,糖尿内,1
0210418,0,2024,2024-04-01,9,脳卒中,1
0210418,0,2024,2024-05-09,9,脳卒中,2
0210418,0,2024,2024-05-20,9,脳卒中,2
0210418,0,2024,2024-06-06,9,脳卒中,1
0210418,0,2024,2024-06-05,2,脳神内,1
0210418,0,2024,2024-04-01,20,脳神外,1
0210418,0,2024,2024-06-21,20,脳神外,1
0210418,0,2024,2024-07-17,20,脳神外,1
0210418,0,2024,2024-06-10,1,血液内,1
0210463,0,2024,2024-05-28,32,歯口外,2
0210489,0,2024,2024-05-07,32,歯口外,2
0210497,0,2024,2024-04-24,32,歯口外,1
0210497,0,2024,2024-05-01,32,歯口外,2
0210497,0,2024,2024-05-09,32,歯口外,2
0210497,0,2024,2024-06-05,32,歯口外,1
0210497,0,2024,2024-06-14,32,歯口外,1
0210497,0,2024,2024-07-11,32,歯口外,1
0210517,0,2024,2024-05-23,48,リウ膠,2
0210517,0,2024,2024-05-29,48,リウ膠,2
0210517,0,2024,2024-05-08,31,リハ,2
0210517,0,2024,2024-05-22,31,リハ,2
0210517,0,2024,2024-05-25,31,リハ,2
0210517,0,2024,2024-06-10,31,リハ,1
0210517,0,2024,2024-07-04,31,リハ,1
0210517,0,2024,2024-06-10,16,乳甲外,1
0210517,0,2024,2024-04-15,5,呼吸内,1
0210517,0,2024,2024-05-27,5,呼吸内,2
0210517,0,2024,2024-07-08,5,呼吸内,1
0210517,0,2024,2024-06-06,13,呼吸外,1
0210517,0,2024,2024-05-01,10,小児科,2
0210517,0,2024,2024-05-01,19,形成外,2
0210517,0,2024,2024-04-19,7,循環内,1
0210517,0,2024,2024-06-10,7,循環内,1
0210517,0,2024,2024-06-07,15,心血外,1
0210517,0,2024,2024-07-06,15,心血外,1
0210517,0,2024,2024-04-02,34,救急科,1
0210517,0,2024,2024-04-24,34,救急科,1
0210517,0,2024,2024-05-06,34,救急科,2
0210517,0,2024,2024-05-30,34,救急科,2
0210517,0,2024,2024-07-07,34,救急科,1
0210517,0,2024,2024-07-21,34,救急科,1
0210517,0,2024,2024-07-23,34,救急科,1
0210517,0,2024,2024-04-04,18,整形外,1
0210517,0,2024,2024-04-11,18,整形外,1
0210517,0,2024,2024-05-29,18,整形外,2
0210517,0,2024,2024-07-18,18,整形外,1
0210517,0,2024,2024-04-08,22,泌尿器,1
0210517,0,2024,2024-04-10,50,消化内,1
0210517,0,2024,2024-04-24,50,消化内,1
0210517,0,2024,2024-04-30,50,消化内,1
0210517,0,2024,2024-05-07,50,消化内,2
0210517,0,2024,2024-06-06,50,消化内,1
0210517,0,2024,2024-06-10,50,消化内,1
0210517,0,2024,2024-06-27,50,消化内,1
0210517,0,2024,2024-06-28,50,消化内,1
0210517,0,2024,2024-04-23,43,産婦人,1
0210517,0,2024,2024-06-03,43,産婦人,1
0210517,0,2024,2024-05-23,21,皮膚科,2
0210517,0,2024,2024-05-04,26,眼科,2
0210517,0,2024,2024-07-11,26,眼科,1
0210517,0,2024,2024-04-25,6,糖尿内,1
0210517,0,2024,2024-04-24,25,耳鼻科,1
0210517,0,2024,2024-05-13,9,脳卒中,2
0210517,0,2024,2024-06-21,2,脳神内,1
0210517,0,2024,2024-05-30,20,脳神外,2
0210517,0,2024,2024-07-01,20,脳神外,1
0210517,0,2024,2024-04-18,8,腎臓内,1
0210517,0,2024,2024-04-19,8,腎臓内,1
0210517,0,2024,2024-05-17,8,腎臓内,2
0210517,0,2024,2024-06-10,8,腎臓内,1
0210517,0,2024,2024-06-14,8,腎臓内,1
0210517,0,2024,2024-06-20,8,腎臓内,1
0210517,0,2024,2024-07-12,8,腎臓内,1
0210521,0,2024,2024-06-24,32,歯口外,1
0210562,0,2024,2024-05-15,32,歯口外,2
0210562,0,2024,2024-06-17,32,歯口外,1
0210604,0,2024,2024-04-04,32,歯口外,1
0210604,0,2024,2024-05-29,32,歯口外,4
0210604,0,2024,2024-05-20,25,耳鼻科,2
0210653,0,2024,2024-04-06,13,呼吸外,1
0210679,0,2024,2024-04-03,32,歯口外,1
0210679,0,2024,2024-04-11,32,歯口外,1
0210679,0,2024,2024-04-13,32,歯口外,1
0210679,0,2024,2024-05-17,32,歯口外,2
0210679,0,2024,2024-05-20,32,歯口外,2
0210679,0,2024,2024-05-21,32,歯口外,2
0210679,0,2024,2024-05-28,32,歯口外,2
0210679,0,2024,2024-05-29,32,歯口外,2
0210679,0,2024,2024-06-26,32,歯口外,1
0210679,0,2024,2024-06-27,32,歯口外,1
0210679,0,2024,2024-06-28,32,歯口外,2
0210679,0,2024,2024-06-29,32,歯口外,1
0210723,0,2024,2024-04-10,5,呼吸内,1
0210723,0,2024,2024-05-29,18,整形外,2
0210723,0,2024,2024-05-21,21,皮膚科,2
0210723,0,2024,2024-04-06,25,耳鼻科,1
0210723,0,2024,2024-07-05,20,脳神外,1
0210723,0,2024,2024-04-17,1,血液内,1
0210723,0,2024,2024-06-17,1,血液内,1
0210749,0,2024,2024-06-26,16,乳甲外,1
0210749,0,2024,2024-07-01,16,乳甲外,1
0210749,0,2024,2024-06-04,5,呼吸内,1
0210749,0,2024,2024-06-05,5,呼吸内,1
0210749,0,2024,2024-07-02,5,呼吸内,1
0210749,0,2024,2024-07-20,13,呼吸外,1
0210749,0,2024,2024-06-01,10,小児科,1
0210749,0,2024,2024-04-05,7,循環内,2
0210749,0,2024,2024-06-04,7,循環内,1
0210749,0,2024,2024-06-12,7,循環内,1
0210749,0,2024,2024-07-02,7,循環内,1
0210749,0,2024,2024-07-13,7,循環内,1
0210749,0,2024,2024-07-20,15,心血外,1
0210749,0,2024,2024-04-17,34,救急科,1
0210749,0,2024,2024-04-21,34,救急科,1
0210749,0,2024,2024-04-26,34,救急科,1
0210749,0,2024,2024-05-09,18,整形外,2
0210749,0,2024,2024-06-11,18,整形外,1
0210749,0,2024,2024-06-17,18,整形外,1
0210749,0,2024,2024-04-15,50,消化内,1
0210749,0,2024,2024-05-09,50,消化内,2
0210749,0,2024,2024-05-10,50,消化内,2
0210749,0,2024,2024-07-20,50,消化内,1
0210749,0,2024,2024-06-23,14,消化外,1
0210749,0,2024,2024-04-16,26,眼科,1
0210749,0,2024,2024-04-17,26,眼科,1
0210749,0,2024,2024-04-22,26,眼科,1
0210749,0,2024,2024-04-25,26,眼科,1
0210749,0,2024,2024-05-15,26,眼科,2
0210749,0,2024,2024-05-21,26,眼科,2
0210749,0,2024,2024-05-23,26,眼科,2
0210749,0,2024,2024-06-06,26,眼科,1
0210749,0,2024,2024-06-13,26,眼科,1
0210749,0,2024,2024-06-24,2,脳神内,1
0210749,0,2024,2024-06-27,2,脳神内,1
0210749,0,2024,2024-04-05,8,腎臓内,1
0210749,0,2024,2024-04-11,8,腎臓内,1
0210749,0,2024,2024-05-02,8,腎臓内,2
0210749,0,2024,2024-06-15,8,腎臓内,1
0210749,0,2024,2024-06-21,8,腎臓内,1
0210749,0,2024,2024-06-28,8,腎臓内,1
0210749,0,2024,2024-07-02,8,腎臓内,1
0210756,0,2024,2024-05-29,13,呼吸外,2
0210756,0,2024,2024-06-22,13,呼吸外,1
0210756,0,2024,2024-04-02,29,放治療,1
0210756,0,2024,2024-07-18,29,放治療,1
0210756,0,2024,2024-05-23,18,整形外,2
0210756,0,2024,2024-04-10,22,泌尿器,1
0210756,0,2024,2024-06-25,21,皮膚科,1
0210756,0,2024,2024-07-17,6,糖尿内,1
0210814,0,2024,2024-06-14,12,心療科,1
0210814,0,2024,2024-07-17,34,救急科,1
0210814,0,2024,2024-07-09,2,脳神内,1
0210822,0,2024,2024-04-25,31,リハ,1
0210822,0,2024,2024-05-30,16,乳甲外,2
0210822,0,2024,2024-06-25,16,乳甲外,1
0210822,0,2024,2024-07-01,16,乳甲外,1
0210822,0,2024,2024-07-16,16,乳甲外,1
0210822,0,2024,2024-07-18,16,乳甲外,1
0210822,0,2024,2024-04-09,5,呼吸内,1
0210822,0,2024,2024-04-22,13,呼吸外,1
0210822,0,2024,2024-05-16,13,呼吸外,2
0210822,0,2024,2024-07-19,19,形成外,1
0210822,0,2024,2024-04-05,7,循環内,1
0210822,0,2024,2024-04-06,7,循環内,1
0210822,0,2024,2024-04-19,7,循環内,1
0210822,0,2024,2024-04-26,7,循環内,1
0210822,0,2024,2024-05-08,7,循環内,2
0210822,0,2024,2024-05-16,7,循環内,2
0210822,0,2024,2024-05-17,7,循環内,4
0210822,0,2024,2024-05-18,7,循環内,2
0210822,0,2024,2024-06-12,7,循環内,1
0210822,0,2024,2024-06-14,7,循環内,1
0210822,0,2024,2024-06-22,7,循環内,1
0210822,0,2024,2024-06-27,7,循環内,1
0210822,0,2024,2024-06-28,7,循環内,1
0210822,0,2024,2024-07-10,7,循環内,1
0210822,0,2024,2024-07-12,7,循環内,2
0210822,0,2024,2024-04-03,15,心血外,1
0210822,0,2024,2024-04-04,15,心血外,1
0210822,0,2024,2024-04-05,15,心血外,1
0210822,0,2024,2024-04-19,15,心血外,1
0210822,0,2024,2024-05-08,15,心血外,2
0210822,0,2024,2024-06-12,15,心血外,1
0210822,0,2024,2024-06-28,15,心血外,1
0210822,0,2024,2024-04-08,29,放治療,1
0210822,0,2024,2024-04-08,34,救急科,1
0210822,0,2024,2024-05-22,34,救急科,2
0210822,0,2024,2024-05-31,34,救急科,2
0210822,0,2024,2024-06-06,34,救急科,1
0210822,0,2024,2024-06-28,34,救急科,1
0210822,0,2024,2024-07-12,34,救急科,1
0210822,0,2024,2024-07-22,34,救急科,1
0210822,0,2024,2024-05-29,18,整形外,2
0210822,0,2024,2024-06-13,18,整形外,2
0210822,0,2024,2024-06-21,18,整形外,1
0210822,0,2024,2024-06-25,18,整形外,1
0210822,0,2024,2024-07-05,18,整形外,1
0210822,0,2024,2024-04-24,50,消化内,1
0210822,0,2024,2024-05-09,50,消化内,2
0210822,0,2024,2024-06-08,50,消化内,1
0210822,0,2024,2024-06-17,50,消化内,1
0210822,0,2024,2024-07-08,50,消化内,1
0210822,0,2024,2024-05-09,14,消化外,2
0210822,0,2024,2024-06-04,14,消化外,1
0210822,0,2024,2024-06-20,21,皮膚科,1
0210822,0,2024,2024-05-02,6,糖尿内,2
0210822,0,2024,2024-07-08,6,糖尿内,1
0210822,0,2024,2024-04-15,25,耳鼻科,1
0210822,0,2024,2024-04-24,25,耳鼻科,1
0210822,0,2024,2024-06-05,25,耳鼻科,1
0210822,0,2024,2024-06-07,25,耳鼻科,1
0210822,0,2024,2024-06-17,25,耳鼻科,1
0210822,0,2024,2024-06-19,25,耳鼻科,1
0210822,0,2024,2024-04-15,9,脳卒中,1
0210822,0,2024,2024-05-15,9,脳卒中,2
0210822,0,2024,2024-06-17,9,脳卒中,1
0210822,0,2024,2024-06-21,9,脳卒中,1
0210822,0,2024,2024-05-27,2,脳神内,2
0210822,0,2024,2024-06-06,2,脳神内,1
0210822,0,2024,2024-06-19,2,脳神内,1
0210822,0,2024,2024-06-24,2,脳神内,1
0210822,0,2024,2024-07-10,2,脳神内,1
0210822,0,2024,2024-04-09,20,脳神外,1
0210822,0,2024,2024-05-02,20,脳神外,2
0210822,0,2024,2024-05-23,20,脳神外,2
0210822,0,2024,2024-05-31,20,脳神外,4
0210822,0,2024,2024-06-18,20,脳神外,1
0210822,0,2024,2024-07-02,20,脳神外,1
0210822,0,2024,2024-07-11,20,脳神外,1
0210822,0,2024,2024-07-22,20,脳神外,1
0210822,0,2024,2024-04-01,8,腎臓内,1
0210848,0,2024,2024-07-08,21,皮膚科,1
0210848,0,2024,2024-04-04,26,眼科,1
0210848,0,2024,2024-04-05,26,眼科,1
0210848,0,2024,2024-04-16,26,眼科,1
0210848,0,2024,2024-04-25,26,眼科,1
0210855,0,2024,2024-04-10,5,呼吸内,1
0210855,0,2024,2024-05-13,5,呼吸内,2
0210855,0,2024,2024-05-29,7,循環内,2
0210863,0,2024,2024-06-30,16,乳甲外,1
0210863,0,2024,2024-06-15,13,呼吸外,1
0210863,0,2024,2024-04-01,7,循環内,1
0210863,0,2024,2024-06-27,28,放診断,1
0210863,0,2024,2024-06-14,34,救急科,1
0210863,0,2024,2024-05-09,50,消化内,2
0210863,0,2024,2024-05-10,50,消化内,2
0210863,0,2024,2024-05-17,50,消化内,2
0210863,0,2024,2024-06-18,50,消化内,1
0210863,0,2024,2024-06-20,50,消化内,1
0210863,0,2024,2024-07-11,50,消化内,1
0210863,0,2024,2024-07-17,50,消化内,1
0210863,0,2024,2024-07-20,50,消化内,1
0210863,0,2024,2024-04-12,14,消化外,1
0210863,0,2024,2024-07-10,36,総合診,1
0210863,0,2024,2024-05-14,2,脳神内,2
0210863,0,2024,2024-04-10,1,血液内,1
0210897,0,2024,2024-04-25,7,循環内,1
0210897,0,2024,2024-06-13,7,循環内,1
0210897,0,2024,2024-05-19,14,消化外,2
0210897,0,2024,2024-05-11,6,糖尿内,2
0210897,0,2024,2024-04-05,20,脳神外,1
0210921,0,2024,2024-05-31,5,呼吸内,2
0210921,0,2024,2024-05-15,7,循環内,2
0210921,0,2024,2024-05-07,28,放診断,2
0210921,0,2024,2024-05-15,28,放診断,2
0210921,0,2024,2024-05-16,28,放診断,2
0210921,0,2024,2024-05-30,28,放診断,2
0210921,0,2024,2024-07-02,50,消化内,1
0210921,0,2024,2024-05-30,26,眼科,2
0210921,0,2024,2024-05-29,2,脳神内,2
0210954,0,2024,2024-07-19,12,心療科,1
0210962,0,2024,2024-04-18,15,心血外,1
0210962,0,2024,2024-06-05,15,心血外,1
0210962,0,2024,2024-06-07,15,心血外,1
0210962,0,2024,2024-05-31,28,放診断,2
0210962,0,2024,2024-05-03,34,救急科,2
0210962,0,2024,2024-04-08,50,消化内,1
0210962,0,2024,2024-04-09,50,消化内,1
0210962,0,2024,2024-04-15,50,消化内,1
0210962,0,2024,2024-04-19,50,消化内,1
0210962,0,2024,2024-06-25,50,消化内,1
0210962,0,2024,2024-07-22,50,消化内,1
0210962,0,2024,2024-07-02,14,消化外,1
0210962,0,2024,2024-05-09,21,皮膚科,2
0210962,0,2024,2024-07-08,21,皮膚科,1
0210962,0,2024,2024-06-13,27,臨腫瘍,1
0210996,0,2024,2024-04-08,28,放診断,1
0210996,0,2024,2024-06-11,34,救急科,1
0210996,0,2024,2024-07-08,34,救急科,1
0210996,0,2024,2024-07-19,34,救急科,1
0210996,0,2024,2024-04-11,18,整形外,1
0211002,0,2024,2024-06-20,8,腎臓内,1
0211002,0,2024,2024-07-04,8,腎臓内,1
0211028,0,2024,2024-06-17,28,放診断,1
0211119,0,2024,2024-04-26,7,循環内,1
0211119,0,2024,2024-05-16,43,産婦人,2
0211143,0,2024,2024-05-08,48,リウ膠,2
0211143,0,2024,2024-04-10,22,泌尿器,1
0211143,0,2024,2024-05-02,8,腎臓内,2
0211150,0,2024,2024-05-01,13,呼吸外,2
0211150,0,2024,2024-06-26,13,呼吸外,1
0211150,0,2024,2024-07-12,15,心血外,1
0211150,0,2024,2024-05-09,50,消化内,2
0211184,0,2024,2024-05-31,10,小児科,2
0211184,0,2024,2024-07-22,10,小児科,1
0211192,0,2024,2024-04-24,18,整形外,1
0211192,0,2024,2024-06-28,2,脳神内,1
0211218,0,2024,2024-04-10,7,循環内,1
0211218,0,2024,2024-04-02,34,救急科,1
0211234,0,2024,2024-06-24,7,循環内,1
0211234,0,2024,2024-07-13,7,循環内,1
0211234,0,2024,2024-05-02,34,救急科,2
0211234,0,2024,2024-07-14,34,救急科,1
0211242,0,2024,2024-04-03,21,皮膚科,1
0211242,0,2024,2024-07-22,2,脳神内,1
0211259,0,2024,2024-06-26,18,整形外,1
0211259,0,2024,2024-04-02,22,泌尿器,1
0211259,0,2024,2024-07-05,21,皮膚科,1
0211259,0,2024,2024-05-10,1,血液内,2
0211259,0,2024,2024-05-13,1,血液内,2
0211267,0,2024,2024-04-26,26,眼科,1
0211267,0,2024,2024-05-09,26,眼科,2
0211267,0,2024,2024-05-29,26,眼科,2
0211283,0,2024,2024-06-05,2,脳神内,1
0211317,0,2024,2024-04-10,8,腎臓内,1
0211317,0,2024,2024-07-03,8,腎臓内,1
0211325,0,2024,2024-04-08,7,循環内,1
0211325,0,2024,2024-06-26,6,糖尿内,1
0211333,0,2024,2024-04-02,21,皮膚科,1
0211333,0,2024,2024-05-10,21,皮膚科,2
0211333,0,2024,2024-05-28,21,皮膚科,2
0211358,0,2024,2024-07-04,7,循環内,1
0211416,0,2024,2024-04-10,15,心血外,1
0211416,0,2024,2024-07-17,15,心血外,1
0211416,0,2024,2024-04-20,9,脳卒中,1
0211424,0,2024,2024-04-10,25,耳鼻科,1
0211424,0,2024,2024-04-24,25,耳鼻科,1
0211424,0,2024,2024-05-01,25,耳鼻科,2
0211424,0,2024,2024-06-26,25,耳鼻科,1
0211432,0,2024,2024-06-13,10,小児科,1
0211440,0,2024,2024-06-04,18,整形外,1
0211465,0,2024,2024-05-18,5,呼吸内,2
0211465,0,2024,2024-07-23,2,脳神内,1
0211465,0,2024,2024-04-23,20,脳神外,1
0211465,0,2024,2024-05-07,20,脳神外,2
0211473,0,2024,2024-04-03,13,呼吸外,1
0211473,0,2024,2024-06-26,34,救急科,1
0211473,0,2024,2024-05-02,18,整形外,2
0211481,0,2024,2024-04-17,13,呼吸外,1
0211481,0,2024,2024-06-18,13,呼吸外,1
0211481,0,2024,2024-06-24,10,小児科,1
0211481,0,2024,2024-04-05,7,循環内,1
0211481,0,2024,2024-04-26,7,循環内,1
0211481,0,2024,2024-06-21,7,循環内,1
0211481,0,2024,2024-07-04,7,循環内,1
0211481,0,2024,2024-07-05,7,循環内,1
0211481,0,2024,2024-07-23,7,循環内,1
0211481,0,2024,2024-04-19,15,心血外,1
0211481,0,2024,2024-04-26,15,心血外,1
0211481,0,2024,2024-04-01,28,放診断,1
0211481,0,2024,2024-04-17,28,放診断,2
0211481,0,2024,2024-04-19,28,放診断,2
0211481,0,2024,2024-04-24,28,放診断,1
0211481,0,2024,2024-04-25,28,放診断,1
0211481,0,2024,2024-05-02,28,放診断,2
0211481,0,2024,2024-05-10,28,放診断,2
0211481,0,2024,2024-05-14,28,放診断,2
0211481,0,2024,2024-05-15,28,放診断,2
0211481,0,2024,2024-05-23,28,放診断,2
0211481,0,2024,2024-05-24,28,放診断,2
0211481,0,2024,2024-06-03,28,放診断,1
0211481,0,2024,2024-06-04,28,放診断,1
0211481,0,2024,2024-06-06,28,放診断,1
0211481,0,2024,2024-06-11,28,放診断,1
0211481,0,2024,2024-06-12,28,放診断,1
0211481,0,2024,2024-06-14,28,放診断,2
0211481,0,2024,2024-06-17,28,放診断,1
0211481,0,2024,2024-06-20,28,放診断,1
0211481,0,2024,2024-06-21,28,放診断,1
0211481,0,2024,2024-06-24,28,放診断,1
0211481,0,2024,2024-06-29,28,放診断,1
0211481,0,2024,2024-07-03,28,放診断,1
0211481,0,2024,2024-07-04,28,放診断,1
0211481,0,2024,2024-07-10,28,放診断,2
0211481,0,2024,2024-07-16,28,放診断,1
0211481,0,2024,2024-07-22,28,放診断,1
0211481,0,2024,2024-07-23,28,放診断,1
0211481,0,2024,2024-04-17,34,救急科,1
0211481,0,2024,2024-05-23,34,救急科,2
0211481,0,2024,2024-06-05,34,救急科,1
0211481,0,2024,2024-07-07,34,救急科,1
0211481,0,2024,2024-04-05,50,消化内,1
0211481,0,2024,2024-06-22,50,消化内,1
0211481,0,2024,2024-07-01,50,消化内,1
0211481,0,2024,2024-07-08,50,消化内,1
0211481,0,2024,2024-04-15,14,消化外,1
0211481,0,2024,2024-05-01,9,脳卒中,2
0211481,0,2024,2024-05-11,9,脳卒中,2
0211481,0,2024,2024-04-26,2,脳神内,1
0211481,0,2024,2024-06-04,2,脳神内,2
0211481,0,2024,2024-06-18,2,脳神内,1
0211481,0,2024,2024-07-11,2,脳神内,1
0211481,0,2024,2024-06-24,20,脳神外,1
0211481,0,2024,2024-04-01,8,腎臓内,1
0211481,0,2024,2024-05-29,8,腎臓内,2
0211481,0,2024,2024-04-24,37,麻酔科,1
0211499,0,2024,2024-04-17,25,耳鼻科,2
0211499,0,2024,2024-06-18,2,脳神内,1
0211499,0,2024,2024-07-22,2,脳神内,1
0211499,0,2024,2024-04-08,8,腎臓内,1
0211499,0,2024,2024-04-12,8,腎臓内,3
0211499,0,2024,2024-04-18,8,腎臓内,1
0211499,0,2024,2024-04-19,8,腎臓内,1
0211499,0,2024,2024-05-02,8,腎臓内,2
0211499,0,2024,2024-05-10,8,腎臓内,4
0211499,0,2024,2024-05-24,8,腎臓内,4
0211499,0,2024,2024-05-31,8,腎臓内,2
0211499,0,2024,2024-06-07,8,腎臓内,1
0211499,0,2024,2024-06-21,8,腎臓内,1
0211499,0,2024,2024-06-24,8,腎臓内,1
0211499,0,2024,2024-07-05,8,腎臓内,3
0211499,0,2024,2024-07-19,8,腎臓内,1
0211515,0,2024,2024-06-12,48,リウ膠,1
0211515,0,2024,2024-04-01,2,脳神内,1
0211515,0,2024,2024-06-12,8,腎臓内,1
0211523,0,2024,2024-05-03,34,救急科,2
0211523,0,2024,2024-06-25,21,皮膚科,1
0211523,0,2024,2024-06-24,2,脳神内,1
0211531,0,2024,2024-07-16,50,消化内,1
0211537,0,2024,2024-05-02,43,産婦人,2
0211549,0,2024,2024-04-06,9,脳卒中,1
0211564,0,2024,2024-07-21,34,救急科,1
0211564,0,2024,2024-05-17,8,腎臓内,2
0211606,0,2024,2024-04-22,48,リウ膠,1
0211606,0,2024,2024-04-16,26,眼科,2
0211606,0,2024,2024-06-10,26,眼科,1
0211606,0,2024,2024-06-17,26,眼科,1
0211630,0,2024,2024-04-10,13,呼吸外,1
0211630,0,2024,2024-06-11,13,呼吸外,1
0211630,0,2024,2024-07-12,7,循環内,1
0211630,0,2024,2024-07-10,15,心血外,1
0211630,0,2024,2024-04-15,9,脳卒中,1
0211671,0,2024,2024-07-17,20,脳神外,1
0211697,0,2024,2024-04-09,5,呼吸内,1
0211697,0,2024,2024-05-01,8,腎臓内,2
0211739,0,2024,2024-05-08,5,呼吸内,2
0211739,0,2024,2024-04-26,13,呼吸外,1
0211739,0,2024,2024-04-17,7,循環内,2
0211739,0,2024,2024-04-18,7,循環内,1
0211739,0,2024,2024-04-26,7,循環内,2
0211739,0,2024,2024-05-21,7,循環内,2
0211739,0,2024,2024-06-05,7,循環内,1
0211739,0,2024,2024-07-19,7,循環内,1
0211739,0,2024,2024-04-08,28,放診断,1
0211739,0,2024,2024-04-15,28,放診断,1
0211739,0,2024,2024-04-22,28,放診断,1
0211739,0,2024,2024-04-27,28,放診断,1
0211739,0,2024,2024-06-20,28,放診断,1
0211739,0,2024,2024-06-24,28,放診断,1
0211739,0,2024,2024-07-05,28,放診断,1
0211739,0,2024,2024-07-13,28,放診断,1
0211739,0,2024,2024-07-16,28,放診断,1
0211739,0,2024,2024-04-23,34,救急科,1
0211739,0,2024,2024-05-12,34,救急科,2
0211739,0,2024,2024-05-23,34,救急科,2
0211739,0,2024,2024-05-29,34,救急科,2
0211739,0,2024,2024-07-19,34,救急科,1
0211739,0,2024,2024-06-19,50,消化内,1
0211739,0,2024,2024-04-17,6,糖尿内,1
0211739,0,2024,2024-04-23,2,脳神内,1
0211739,0,2024,2024-05-05,2,脳神内,2
0211739,0,2024,2024-06-11,2,脳神内,1
0211739,0,2024,2024-06-20,2,脳神内,1
0211739,0,2024,2024-07-08,2,脳神内,2
0211739,0,2024,2024-05-30,8,腎臓内,2
0211788,0,2024,2024-04-10,15,心血外,1
0211812,0,2024,2024-06-29,5,呼吸内,1
0211812,0,2024,2024-06-07,7,循環内,1
0211853,0,2024,2024-04-13,31,リハ,1
0211853,0,2024,2024-05-02,13,呼吸外,2
0211853,0,2024,2024-05-11,50,消化内,2
0211853,0,2024,2024-07-20,50,消化内,1
0211853,0,2024,2024-07-17,8,腎臓内,1
0211861,0,2024,2024-04-12,25,耳鼻科,1
0211861,0,2024,2024-04-30,25,耳鼻科,1
0211861,0,2024,2024-07-01,25,耳鼻科,1
0211887,0,2024,2024-04-01,10,小児科,1
0211911,0,2024,2024-05-24,10,小児科,2
0211960,0,2024,2024-06-22,13,呼吸外,1
0211960,0,2024,2024-04-03,7,循環内,1
0211960,0,2024,2024-04-22,18,整形外,1
0211960,0,2024,2024-07-03,18,整形外,1
0211978,0,2024,2024-06-04,6,糖尿内,1
0211978,0,2024,2024-05-13,2,脳神内,2
0211978,0,2024,2024-06-03,2,脳神内,1
0211978,0,2024,2024-05-17,8,腎臓内,2
0211978,0,2024,2024-05-30,8,腎臓内,2
0211986,0,2024,2024-04-19,25,耳鼻科,1
0211986,0,2024,2024-05-09,25,耳鼻科,2
0211994,0,2024,2024-06-11,6,糖尿内,1
0212000,0,2024,2024-04-30,7,循環内,1
0212018,0,2024,2024-06-28,25,耳鼻科,1
0212026,0,2024,2024-07-05,28,放診断,1
0212026,0,2024,2024-07-08,28,放診断,1
0212026,0,2024,2024-05-10,50,消化内,2
0212026,0,2024,2024-04-02,26,眼科,2
0212026,0,2024,2024-04-09,26,眼科,2
0212026,0,2024,2024-04-17,26,眼科,1
0212026,0,2024,2024-04-19,26,眼科,1
0212026,0,2024,2024-04-23,26,眼科,1
0212026,0,2024,2024-04-26,26,眼科,1
0212026,0,2024,2024-05-07,26,眼科,2
0212026,0,2024,2024-05-10,26,眼科,2
0212026,0,2024,2024-05-13,26,眼科,2
0212026,0,2024,2024-05-14,26,眼科,2
0212026,0,2024,2024-05-17,26,眼科,2
0212026,0,2024,2024-05-21,26,眼科,2
0212026,0,2024,2024-05-28,26,眼科,4
0212026,0,2024,2024-05-31,26,眼科,2
0212026,0,2024,2024-06-11,26,眼科,1
0212026,0,2024,2024-06-21,26,眼科,1
0212026,0,2024,2024-06-24,26,眼科,2
0212026,0,2024,2024-06-27,26,眼科,1
0212026,0,2024,2024-07-01,26,眼科,1
0212026,0,2024,2024-07-05,26,眼科,2
0212026,0,2024,2024-07-16,26,眼科,1
0212026,0,2024,2024-07-22,26,眼科,1
0212026,0,2024,2024-07-23,26,眼科,2
0212059,0,2024,2024-06-20,6,糖尿内,1
0212083,0,2024,2024-06-12,15,心血外,1
0212083,0,2024,2024-04-25,8,腎臓内,1
0212125,0,2024,2024-06-19,6,糖尿内,1
0212154,0,2024,2024-06-24,34,救急科,1
0212158,0,2024,2024-07-19,7,循環内,1
0212158,0,2024,2024-06-11,34,救急科,1
0212158,0,2024,2024-05-15,18,整形外,2
0212158,0,2024,2024-06-13,18,整形外,1
0212158,0,2024,2024-05-21,22,泌尿器,2
0212158,0,2024,2024-05-27,50,消化内,2
0212158,0,2024,2024-05-27,9,脳卒中,2
0212158,0,2024,2024-05-23,2,脳神内,2
0212166,0,2024,2024-04-17,2,脳神内,1
0212208,0,2024,2024-05-25,31,リハ,2
0212208,0,2024,2024-04-16,16,乳甲外,1
0212208,0,2024,2024-04-10,15,心血外,1
0212208,0,2024,2024-07-19,15,心血外,1
0212208,0,2024,2024-06-13,18,整形外,1
0212208,0,2024,2024-06-19,50,消化内,1
0212216,0,2024,2024-07-05,2,脳神内,1
0212224,0,2024,2024-06-06,7,循環内,1
0212224,0,2024,2024-06-18,7,循環内,1
0212224,0,2024,2024-05-15,15,心血外,2
0212224,0,2024,2024-06-10,14,消化外,1
0212224,0,2024,2024-05-02,2,脳神内,4
0212224,0,2024,2024-05-31,2,脳神内,2
0212224,0,2024,2024-04-12,8,腎臓内,1
0212224,0,2024,2024-04-23,8,腎臓内,1
0212224,0,2024,2024-04-26,8,腎臓内,1
0212224,0,2024,2024-05-10,8,腎臓内,2
0212224,0,2024,2024-05-31,8,腎臓内,2
0212224,0,2024,2024-06-07,8,腎臓内,2
0212224,0,2024,2024-06-14,8,腎臓内,2
0212224,0,2024,2024-06-26,8,腎臓内,1
0212224,0,2024,2024-07-12,8,腎臓内,3
0212240,0,2024,2024-06-27,14,消化外,1
0212240,0,2024,2024-04-01,8,腎臓内,1
0212265,0,2024,2024-05-22,50,消化内,2
0212265,0,2024,2024-05-27,50,消化内,2
0212299,0,2024,2024-07-06,48,リウ膠,1
0212299,0,2024,2024-04-19,31,リハ,1
0212299,0,2024,2024-04-27,13,呼吸外,1
0212299,0,2024,2024-06-08,13,呼吸外,1
0212299,0,2024,2024-06-22,13,呼吸外,1
0212299,0,2024,2024-04-18,7,循環内,1
0212299,0,2024,2024-05-09,7,循環内,2
0212299,0,2024,2024-05-21,7,循環内,2
0212299,0,2024,2024-05-29,7,循環内,2
0212299,0,2024,2024-07-05,7,循環内,2
0212299,0,2024,2024-06-21,15,心血外,1
0212299,0,2024,2024-06-11,28,放診断,1
0212299,0,2024,2024-07-10,22,泌尿器,1
0212299,0,2024,2024-04-24,50,消化内,1
0212299,0,2024,2024-04-26,50,消化内,1
0212299,0,2024,2024-05-24,50,消化内,2
0212299,0,2024,2024-06-17,36,総合診,1
0212299,0,2024,2024-07-18,25,耳鼻科,1
0212299,0,2024,2024-04-05,2,脳神内,1
0212299,0,2024,2024-07-08,2,脳神内,2
0212299,0,2024,2024-07-22,2,脳神内,1
0212299,0,2024,2024-06-26,8,腎臓内,1
0212299,0,2024,2024-07-19,8,腎臓内,1
0212372,0,2024,2024-06-27,16,乳甲外,1
0212372,0,2024,2024-05-14,5,呼吸内,2
0212372,0,2024,2024-04-24,18,整形外,1
0212372,0,2024,2024-07-13,21,皮膚科,1
0212372,0,2024,2024-05-19,6,糖尿内,2
0212372,0,2024,2024-05-10,25,耳鼻科,2
0212372,0,2024,2024-07-12,25,耳鼻科,1
0212372,0,2024,2024-07-23,25,耳鼻科,1
0212372,0,2024,2024-05-02,9,脳卒中,2
0212380,0,2024,2024-07-19,28,放診断,1
0212380,0,2024,2024-04-24,50,消化内,1
0212380,0,2024,2024-04-30,2,脳神内,1
0212380,0,2024,2024-04-12,8,腎臓内,1
0212380,0,2024,2024-04-27,8,腎臓内,1
0212380,0,2024,2024-05-10,8,腎臓内,4
0212380,0,2024,2024-05-31,8,腎臓内,2
0212380,0,2024,2024-06-28,8,腎臓内,1
0212380,0,2024,2024-07-05,8,腎臓内,1
0212380,0,2024,2024-07-12,8,腎臓内,1
0212398,0,2024,2024-06-20,16,乳甲外,1
0212398,0,2024,2024-05-08,18,整形外,2
0212398,0,2024,2024-06-05,22,泌尿器,1
0212398,0,2024,2024-05-27,14,消化外,2
0212398,0,2024,2024-06-17,14,消化外,1
0212398,0,2024,2024-06-03,2,脳神内,1
0212398,0,2024,2024-06-05,2,脳神内,1
0212398,0,2024,2024-07-19,2,脳神内,1
0212398,0,2024,2024-04-23,20,脳神外,1
0212398,0,2024,2024-04-19,8,腎臓内,1
0212414,0,2024,2024-07-03,8,腎臓内,1
0212430,0,2024,2024-06-26,48,リウ膠,1
0212430,0,2024,2024-07-01,7,循環内,1
0212430,0,2024,2024-07-08,7,循環内,1
0212430,0,2024,2024-04-02,6,糖尿内,1
0212430,0,2024,2024-05-23,6,糖尿内,2
0212430,0,2024,2024-07-11,6,糖尿内,1
0212430,0,2024,2024-07-16,6,糖尿内,1
0212430,0,2024,2024-04-22,2,脳神内,1
0212430,0,2024,2024-04-05,8,腎臓内,1
0212430,0,2024,2024-04-12,8,腎臓内,1
0212430,0,2024,2024-05-17,8,腎臓内,2
0212430,0,2024,2024-06-25,8,腎臓内,1
0212448,0,2024,2024-07-03,7,循環内,1
0212448,0,2024,2024-06-08,34,救急科,1
0212448,0,2024,2024-06-27,32,歯口外,1
0212455,0,2024,2024-06-11,34,救急科,1
0212455,0,2024,2024-07-21,34,救急科,1
0212455,0,2024,2024-06-28,20,脳神外,1
0212463,0,2024,2024-05-24,25,耳鼻科,2
0212469,0,2024,2024-04-10,16,乳甲外,1
0212469,0,2024,2024-04-21,16,乳甲外,1
0212469,0,2024,2024-04-25,16,乳甲外,1
0212469,0,2024,2024-05-08,16,乳甲外,2
0212469,0,2024,2024-05-09,16,乳甲外,2
0212469,0,2024,2024-06-10,16,乳甲外,1
0212469,0,2024,2024-06-16,16,乳甲外,2
0212469,0,2024,2024-05-05,34,救急科,2
0212469,0,2024,2024-05-26,14,消化外,2
0212489,0,2024,2024-05-14,25,耳鼻科,2
0212513,0,2024,2024-05-20,21,皮膚科,2
0212547,0,2024,2024-06-12,12,心療科,1
0212554,0,2024,2024-07-09,5,呼吸内,1
0212554,0,2024,2024-04-12,7,循環内,1
0212554,0,2024,2024-06-20,7,循環内,1
0212554,0,2024,2024-04-20,12,心療科,1
0212554,0,2024,2024-07-05,15,心血外,1
0212554,0,2024,2024-05-02,14,消化外,2
0212554,0,2024,2024-06-10,8,腎臓内,1
0212570,0,2024,2024-07-19,10,小児科,1
0212570,0,2024,2024-07-18,50,消化内,1
0212570,0,2024,2024-04-04,43,産婦人,1
0212570,0,2024,2024-05-07,43,産婦人,2
0212570,0,2024,2024-05-31,43,産婦人,2
0212570,0,2024,2024-06-13,43,産婦人,1
0212570,0,2024,2024-06-24,43,産婦人,1
0212570,0,2024,2024-06-29,43,産婦人,1
0212588,0,2024,2024-04-29,26,眼科,1
0212588,0,2024,2024-05-02,26,眼科,2
0212604,0,2024,2024-07-04,2,脳神内,1
0212620,0,2024,2024-05-07,26,眼科,4
0212620,0,2024,2024-05-09,26,眼科,2
0212620,0,2024,2024-06-27,26,眼科,1
0212620,0,2024,2024-07-16,26,眼科,1
0212620,0,2024,2024-04-11,6,糖尿内,1
0212638,0,2024,2024-07-02,34,救急科,1
0212638,0,2024,2024-05-17,18,整形外,2
0212646,0,2024,2024-06-20,10,小児科,1
0212653,0,2024,2024-07-23,34,救急科,1
0212661,0,2024,2024-04-09,6,糖尿内,1
0212661,0,2024,2024-04-05,8,腎臓内,2
0212661,0,2024,2024-06-07,8,腎臓内,1
0212661,0,2024,2024-06-27,8,腎臓内,1
0212661,0,2024,2024-07-12,8,腎臓内,1
0212687,0,2024,2024-05-09,21,皮膚科,2
0212695,0,2024,2024-04-29,34,救急科,1
0212703,0,2024,2024-06-02,34,救急科,1
0212703,0,2024,2024-06-04,22,泌尿器,1
0212703,0,2024,2024-04-05,50,消化内,1
0212703,0,2024,2024-07-19,9,脳卒中,1
0212703,0,2024,2024-04-20,2,脳神内,1
0212711,0,2024,2024-07-09,5,呼吸内,1
0212711,0,2024,2024-04-15,12,心療科,1
0212711,0,2024,2024-06-10,12,心療科,1
0212711,0,2024,2024-06-12,12,心療科,1
0212711,0,2024,2024-06-03,15,心血外,1
0212711,0,2024,2024-05-11,34,救急科,2
0212711,0,2024,2024-06-04,18,整形外,1
0212711,0,2024,2024-04-11,2,脳神内,1
0212711,0,2024,2024-04-03,1,血液内,1
0212711,0,2024,2024-05-20,1,血液内,2
0212778,0,2024,2024-05-28,26,眼科,2
0212778,0,2024,2024-07-12,26,眼科,1
0212786,0,2024,2024-06-28,12,心療科,1
0212786,0,2024,2024-07-05,34,救急科,1
0212786,0,2024,2024-07-21,34,救急科,1
0212794,0,2024,2024-07-05,16,乳甲外,1
0212794,0,2024,2024-04-24,5,呼吸内,1
0212794,0,2024,2024-05-18,13,呼吸外,2
0212794,0,2024,2024-06-08,13,呼吸外,1
0212794,0,2024,2024-06-26,15,心血外,1
0212794,0,2024,2024-04-02,26,眼科,1
0212794,0,2024,2024-04-28,6,糖尿内,1
0212794,0,2024,2024-07-10,9,脳卒中,1
0212794,0,2024,2024-06-10,2,脳神内,1
0212794,0,2024,2024-04-15,8,腎臓内,1
0212810,0,2024,2024-07-05,34,救急科,1
0212810,0,2024,2024-07-12,18,整形外,1
0212828,0,2024,2024-06-13,5,呼吸内,1
0212828,0,2024,2024-06-12,18,整形外,1
0212828,0,2024,2024-04-03,50,消化内,1
0212828,0,2024,2024-04-02,2,脳神内,1
0212844,0,2024,2024-06-05,7,循環内,1
0212844,0,2024,2024-04-17,15,心血外,1
0212844,0,2024,2024-06-12,15,心血外,1
0212844,0,2024,2024-05-15,50,消化内,2
0212844,0,2024,2024-06-15,50,消化内,1
0212844,0,2024,2024-04-25,14,消化外,1
0212885,0,2024,2024-04-23,48,リウ膠,1
0212885,0,2024,2024-05-13,48,リウ膠,2
0212885,0,2024,2024-07-08,31,リハ,1
0212885,0,2024,2024-06-06,5,呼吸内,1
0212885,0,2024,2024-06-12,13,呼吸外,1
0212885,0,2024,2024-04-12,7,循環内,1
0212885,0,2024,2024-04-17,7,循環内,1
0212885,0,2024,2024-04-18,7,循環内,1
0212885,0,2024,2024-04-24,7,循環内,1
0212885,0,2024,2024-05-21,7,循環内,2
0212885,0,2024,2024-05-29,7,循環内,2
0212885,0,2024,2024-05-31,7,循環内,2
0212885,0,2024,2024-06-14,7,循環内,1
0212885,0,2024,2024-06-05,15,心血外,1
0212885,0,2024,2024-06-07,15,心血外,1
0212885,0,2024,2024-04-08,34,救急科,1
0212885,0,2024,2024-04-10,34,救急科,1
0212885,0,2024,2024-05-04,34,救急科,2
0212885,0,2024,2024-04-30,22,泌尿器,1
0212885,0,2024,2024-05-10,50,消化内,2
0212885,0,2024,2024-05-16,50,消化内,2
0212885,0,2024,2024-04-11,14,消化外,1
0212885,0,2024,2024-06-18,6,糖尿内,1
0212885,0,2024,2024-07-09,6,糖尿内,1
0212885,0,2024,2024-05-21,36,総合診,2
0212885,0,2024,2024-07-10,2,脳神内,1
0212885,0,2024,2024-05-31,20,脳神外,2
0212885,0,2024,2024-04-03,8,腎臓内,1
0212885,0,2024,2024-07-19,8,腎臓内,1
0212927,0,2024,2024-04-26,48,リウ膠,1
0212927,0,2024,2024-05-17,48,リウ膠,2
0212927,0,2024,2024-05-23,48,リウ膠,2
0212927,0,2024,2024-06-24,48,リウ膠,1
0212927,0,2024,2024-06-25,48,リウ膠,1
0212927,0,2024,2024-05-17,16,乳甲外,2
0212927,0,2024,2024-07-09,16,乳甲外,1
0212927,0,2024,2024-07-17,16,乳甲外,1
0212927,0,2024,2024-07-19,5,呼吸内,1
0212927,0,2024,2024-05-18,13,呼吸外,2
0212927,0,2024,2024-05-27,13,呼吸外,2
0212927,0,2024,2024-06-15,13,呼吸外,1
0212927,0,2024,2024-04-03,7,循環内,1
0212927,0,2024,2024-05-10,7,循環内,2
0212927,0,2024,2024-05-13,7,循環内,2
0212927,0,2024,2024-06-02,7,循環内,1
0212927,0,2024,2024-06-12,7,循環内,1
0212927,0,2024,2024-07-05,7,循環内,1
0212927,0,2024,2024-04-12,15,心血外,1
0212927,0,2024,2024-05-03,15,心血外,2
0212927,0,2024,2024-07-01,15,心血外,1
0212927,0,2024,2024-07-10,15,心血外,1
0212927,0,2024,2024-07-17,15,心血外,1
0212927,0,2024,2024-04-05,28,放診断,1
0212927,0,2024,2024-04-09,28,放診断,1
0212927,0,2024,2024-04-11,28,放診断,1
0212927,0,2024,2024-04-12,28,放診断,2
0212927,0,2024,2024-04-16,28,放診断,1
0212927,0,2024,2024-04-18,28,放診断,1
0212927,0,2024,2024-05-02,28,放診断,2
0212927,0,2024,2024-05-09,28,放診断,2
0212927,0,2024,2024-05-17,28,放診断,2
0212927,0,2024,2024-05-21,28,放診断,2
0212927,0,2024,2024-05-24,28,放診断,2
0212927,0,2024,2024-05-25,28,放診断,2
0212927,0,2024,2024-05-29,28,放診断,2
0212927,0,2024,2024-06-13,28,放診断,1
0212927,0,2024,2024-06-18,28,放診断,1
0212927,0,2024,2024-06-21,28,放診断,1
0212927,0,2024,2024-06-27,28,放診断,1
0212927,0,2024,2024-07-01,28,放診断,1
0212927,0,2024,2024-07-02,28,放診断,1
0212927,0,2024,2024-07-04,28,放診断,1
0212927,0,2024,2024-07-09,28,放診断,1
0212927,0,2024,2024-07-11,28,放診断,1
0212927,0,2024,2024-07-17,28,放診断,1
0212927,0,2024,2024-05-29,34,救急科,2
0212927,0,2024,2024-05-30,34,救急科,2
0212927,0,2024,2024-06-14,34,救急科,1
0212927,0,2024,2024-04-11,18,整形外,1
0212927,0,2024,2024-04-20,18,整形外,1
0212927,0,2024,2024-04-22,18,整形外,1
0212927,0,2024,2024-05-09,18,整形外,2
0212927,0,2024,2024-05-10,18,整形外,2
0212927,0,2024,2024-05-15,18,整形外,2
0212927,0,2024,2024-05-17,18,整形外,2
0212927,0,2024,2024-05-20,18,整形外,2
0212927,0,2024,2024-05-21,18,整形外,2
0212927,0,2024,2024-06-28,18,整形外,1
0212927,0,2024,2024-07-08,18,整形外,1
0212927,0,2024,2024-07-09,18,整形外,1
0212927,0,2024,2024-07-11,18,整形外,1
0212927,0,2024,2024-04-08,22,泌尿器,1
0212927,0,2024,2024-06-12,22,泌尿器,1
0212927,0,2024,2024-07-08,22,泌尿器,1
0212927,0,2024,2024-07-12,22,泌尿器,1
0212927,0,2024,2024-04-25,50,消化内,1
0212927,0,2024,2024-04-26,50,消化内,1
0212927,0,2024,2024-05-13,50,消化内,2
0212927,0,2024,2024-05-16,50,消化内,2
0212927,0,2024,2024-05-17,50,消化内,2
0212927,0,2024,2024-05-31,50,消化内,2
0212927,0,2024,2024-06-03,50,消化内,2
0212927,0,2024,2024-06-18,50,消化内,1
0212927,0,2024,2024-06-22,50,消化内,1
0212927,0,2024,2024-07-04,50,消化内,1
0212927,0,2024,2024-07-12,50,消化内,1
0212927,0,2024,2024-07-13,50,消化内,1
0212927,0,2024,2024-05-23,14,消化外,2
0212927,0,2024,2024-06-04,14,消化外,1
0212927,0,2024,2024-06-27,14,消化外,1
0212927,0,2024,2024-07-01,14,消化外,1
0212927,0,2024,2024-04-19,43,産婦人,1
0212927,0,2024,2024-06-03,21,皮膚科,1
0212927,0,2024,2024-05-14,6,糖尿内,2
0212927,0,2024,2024-07-12,6,糖尿内,1
0212927,0,2024,2024-07-17,6,糖尿内,1
0212927,0,2024,2024-05-08,36,総合診,2
0212927,0,2024,2024-06-17,36,総合診,1
0212927,0,2024,2024-07-12,36,総合診,1
0212927,0,2024,2024-07-08,25,耳鼻科,1
0212927,0,2024,2024-04-02,9,脳卒中,1
0212927,0,2024,2024-05-22,9,脳卒中,2
0212927,0,2024,2024-05-25,9,脳卒中,2
0212927,0,2024,2024-07-03,9,脳卒中,1
0212927,0,2024,2024-07-10,9,脳卒中,1
0212927,0,2024,2024-07-16,9,脳卒中,1
0212927,0,2024,2024-04-16,2,脳神内,1
0212927,0,2024,2024-05-15,2,脳神内,2
0212927,0,2024,2024-05-24,2,脳神内,2
0212927,0,2024,2024-06-12,2,脳神内,1
0212927,0,2024,2024-06-20,2,脳神内,1
0212927,0,2024,2024-07-08,2,脳神内,1
0212927,0,2024,2024-06-03,20,脳神外,1
0212927,0,2024,2024-04-15,8,腎臓内,1
0212927,0,2024,2024-04-17,8,腎臓内,1
0212927,0,2024,2024-06-07,8,腎臓内,1
0212927,0,2024,2024-04-19,1,血液内,1
0212927,0,2024,2024-06-11,1,血液内,1
0212927,0,2024,2024-07-17,1,血液内,1
0212943,0,2024,2024-04-26,15,心血外,1
0212943,0,2024,2024-06-07,15,心血外,1
0212943,0,2024,2024-07-23,15,心血外,1
0212943,0,2024,2024-05-04,34,救急科,2
0212943,0,2024,2024-05-21,34,救急科,2
0212943,0,2024,2024-04-15,50,消化内,1
0212943,0,2024,2024-06-19,50,消化内,1
0212943,0,2024,2024-06-27,50,消化内,1
0212943,0,2024,2024-07-08,14,消化外,1
0212943,0,2024,2024-04-08,2,脳神内,1
0212943,0,2024,2024-06-02,2,脳神内,1
0212950,0,2024,2024-04-05,15,心血外,1
0212950,0,2024,2024-05-14,34,救急科,2
0212950,0,2024,2024-07-23,34,救急科,1
0212968,0,2024,2024-05-13,31,リハ,2
0212968,0,2024,2024-06-10,31,リハ,1
0212968,0,2024,2024-07-08,31,リハ,1
0212968,0,2024,2024-07-22,31,リハ,1
0212968,0,2024,2024-07-19,5,呼吸内,1
0212968,0,2024,2024-06-12,13,呼吸外,1
0212968,0,2024,2024-04-08,7,循環内,1
0212968,0,2024,2024-05-01,7,循環内,2
0212968,0,2024,2024-05-13,7,循環内,2
0212968,0,2024,2024-06-14,7,循環内,1
0212968,0,2024,2024-07-23,7,循環内,1
0212968,0,2024,2024-04-22,28,放診断,1
0212968,0,2024,2024-04-26,28,放診断,1
0212968,0,2024,2024-05-10,28,放診断,2
0212968,0,2024,2024-05-18,28,放診断,2
0212968,0,2024,2024-05-22,28,放診断,2
0212968,0,2024,2024-05-28,28,放診断,2
0212968,0,2024,2024-06-03,28,放診断,1
0212968,0,2024,2024-06-05,28,放診断,1
0212968,0,2024,2024-06-12,28,放診断,1
0212968,0,2024,2024-06-26,28,放診断,1
0212968,0,2024,2024-06-27,28,放診断,1
0212968,0,2024,2024-06-28,28,放診断,1
0212968,0,2024,2024-07-03,28,放診断,1
0212968,0,2024,2024-07-08,28,放診断,2
0212968,0,2024,2024-07-10,28,放診断,1
0212968,0,2024,2024-07-13,28,放診断,1
0212968,0,2024,2024-07-18,28,放診断,1
0212968,0,2024,2024-07-21,34,救急科,1
0212968,0,2024,2024-04-27,18,整形外,1
0212968,0,2024,2024-06-21,18,整形外,1
0212968,0,2024,2024-04-16,50,消化内,1
0212968,0,2024,2024-05-27,50,消化内,2
0212968,0,2024,2024-04-02,9,脳卒中,1
0212968,0,2024,2024-05-20,9,脳卒中,2
0212968,0,2024,2024-06-28,9,脳卒中,1
0212968,0,2024,2024-05-07,2,脳神内,2
0212968,0,2024,2024-07-02,2,脳神内,1
0212968,0,2024,2024-04-12,20,脳神外,1
0212976,0,2024,2024-05-04,43,産婦人,2
0212976,0,2024,2024-07-08,43,産婦人,1
0212976,0,2024,2024-07-19,43,産婦人,1
0212984,0,2024,2024-05-28,28,放診断,2
0212984,0,2024,2024-05-09,34,救急科,2
0212992,0,2024,2024-06-28,26,眼科,1
0212992,0,2024,2024-05-21,6,糖尿内,2
0213008,0,2024,2024-06-11,48,リウ膠,1
0213008,0,2024,2024-06-15,5,呼吸内,1
0213008,0,2024,2024-04-27,13,呼吸外,1
0213008,0,2024,2024-06-08,13,呼吸外,1
0213008,0,2024,2024-05-13,7,循環内,2
0213008,0,2024,2024-05-29,7,循環内,2
0213008,0,2024,2024-06-14,7,循環内,1
0213008,0,2024,2024-06-07,28,放診断,1
0213008,0,2024,2024-07-01,28,放診断,1
0213008,0,2024,2024-07-08,28,放診断,1
0213008,0,2024,2024-04-15,50,消化内,1
0213008,0,2024,2024-05-08,50,消化内,2
0213008,0,2024,2024-07-22,50,消化内,1
0213008,0,2024,2024-04-04,26,眼科,1
0213008,0,2024,2024-04-12,26,眼科,1
0213008,0,2024,2024-05-10,26,眼科,4
0213008,0,2024,2024-05-21,26,眼科,2
0213008,0,2024,2024-06-17,26,眼科,1
0213008,0,2024,2024-06-22,26,眼科,1
0213008,0,2024,2024-06-24,26,眼科,1
0213008,0,2024,2024-04-22,2,脳神内,1
0213040,0,2024,2024-05-09,31,リハ,2
0213040,0,2024,2024-04-03,5,呼吸内,1
0213040,0,2024,2024-04-17,5,呼吸内,1
0213040,0,2024,2024-04-11,19,形成外,1
0213040,0,2024,2024-04-12,19,形成外,1
0213040,0,2024,2024-04-08,7,循環内,1
0213040,0,2024,2024-04-19,7,循環内,1
0213040,0,2024,2024-05-11,7,循環内,2
0213040,0,2024,2024-05-31,7,循環内,2
0213040,0,2024,2024-06-06,7,循環内,1
0213040,0,2024,2024-06-14,7,循環内,1
0213040,0,2024,2024-06-20,7,循環内,1
0213040,0,2024,2024-06-27,7,循環内,1
0213040,0,2024,2024-06-28,7,循環内,1
0213040,0,2024,2024-07-12,7,循環内,1
0213040,0,2024,2024-07-19,7,循環内,1
0213040,0,2024,2024-07-23,7,循環内,1
0213040,0,2024,2024-04-10,15,心血外,1
0213040,0,2024,2024-04-12,15,心血外,1
0213040,0,2024,2024-04-19,15,心血外,1
0213040,0,2024,2024-05-10,15,心血外,2
0213040,0,2024,2024-05-24,15,心血外,2
0213040,0,2024,2024-07-08,15,心血外,1
0213040,0,2024,2024-07-16,15,心血外,1
0213040,0,2024,2024-07-17,15,心血外,1
0213040,0,2024,2024-07-19,15,心血外,1
0213040,0,2024,2024-07-23,15,心血外,1
0213040,0,2024,2024-05-03,34,救急科,2
0213040,0,2024,2024-06-15,34,救急科,1
0213040,0,2024,2024-05-02,18,整形外,2
0213040,0,2024,2024-05-14,18,整形外,2
0213040,0,2024,2024-05-16,18,整形外,2
0213040,0,2024,2024-06-20,18,整形外,1
0213040,0,2024,2024-07-05,18,整形外,2
0213040,0,2024,2024-05-08,22,泌尿器,2
0213040,0,2024,2024-04-08,50,消化内,1
0213040,0,2024,2024-04-13,50,消化内,1
0213040,0,2024,2024-04-19,50,消化内,1
0213040,0,2024,2024-05-24,50,消化内,2
0213040,0,2024,2024-07-08,50,消化内,1
0213040,0,2024,2024-04-02,21,皮膚科,1
0213040,0,2024,2024-04-10,21,皮膚科,1
0213040,0,2024,2024-06-21,21,皮膚科,1
0213040,0,2024,2024-06-24,21,皮膚科,1
0213040,0,2024,2024-07-04,21,皮膚科,1
0213040,0,2024,2024-07-18,21,皮膚科,1
0213040,0,2024,2024-04-16,26,眼科,1
0213040,0,2024,2024-06-18,26,眼科,1
0213040,0,2024,2024-06-24,26,眼科,1
0213040,0,2024,2024-04-04,6,糖尿内,1
0213040,0,2024,2024-06-18,36,総合診,1
0213040,0,2024,2024-07-05,36,総合診,1
0213040,0,2024,2024-05-08,9,脳卒中,2
0213040,0,2024,2024-06-15,9,脳卒中,1
0213040,0,2024,2024-04-05,2,脳神内,1
0213040,0,2024,2024-04-16,2,脳神内,2
0213040,0,2024,2024-05-20,2,脳神内,2
0213040,0,2024,2024-06-25,2,脳神内,1
0213040,0,2024,2024-06-22,20,脳神外,1
0213040,0,2024,2024-07-03,20,脳神外,1
0213040,0,2024,2024-07-12,20,脳神外,1
0213040,0,2024,2024-07-16,20,脳神外,1
0213040,0,2024,2024-04-05,8,腎臓内,1
0213040,0,2024,2024-04-15,8,腎臓内,1
0213040,0,2024,2024-04-24,8,腎臓内,1
0213040,0,2024,2024-04-27,8,腎臓内,1
0213040,0,2024,2024-05-11,8,腎臓内,2
0213040,0,2024,2024-05-24,8,腎臓内,2
0213040,0,2024,2024-05-25,8,腎臓内,2
0213040,0,2024,2024-05-31,8,腎臓内,2
0213040,0,2024,2024-06-07,8,腎臓内,2
0213040,0,2024,2024-06-14,8,腎臓内,1
0213040,0,2024,2024-06-21,8,腎臓内,2
0213040,0,2024,2024-07-07,8,腎臓内,1
0213040,0,2024,2024-07-09,8,腎臓内,1
0213040,0,2024,2024-07-12,8,腎臓内,1
0213057,0,2024,2024-05-02,7,循環内,2
0213057,0,2024,2024-07-03,25,耳鼻科,1
0213065,0,2024,2024-04-05,48,リウ膠,1
0213065,0,2024,2024-05-27,31,リハ,2
0213065,0,2024,2024-06-24,31,リハ,1
0213065,0,2024,2024-04-17,16,乳甲外,1
0213065,0,2024,2024-06-18,16,乳甲外,1
0213065,0,2024,2024-05-29,5,呼吸内,2
0213065,0,2024,2024-06-27,5,呼吸内,1
0213065,0,2024,2024-04-17,13,呼吸外,1
0213065,0,2024,2024-04-05,19,形成外,1
0213065,0,2024,2024-04-17,7,循環内,1
0213065,0,2024,2024-04-26,7,循環内,1
0213065,0,2024,2024-05-29,7,循環内,2
0213065,0,2024,2024-06-05,7,循環内,1
0213065,0,2024,2024-06-12,7,循環内,1
0213065,0,2024,2024-04-12,15,心血外,1
0213065,0,2024,2024-05-15,15,心血外,2
0213065,0,2024,2024-06-05,15,心血外,1
0213065,0,2024,2024-04-04,34,救急科,1
0213065,0,2024,2024-04-17,34,救急科,1
0213065,0,2024,2024-05-14,34,救急科,2
0213065,0,2024,2024-05-24,34,救急科,2
0213065,0,2024,2024-06-06,34,救急科,1
0213065,0,2024,2024-06-09,34,救急科,1
0213065,0,2024,2024-06-15,34,救急科,1
0213065,0,2024,2024-04-01,18,整形外,1
0213065,0,2024,2024-04-10,18,整形外,1
0213065,0,2024,2024-04-15,18,整形外,2
0213065,0,2024,2024-05-22,18,整形外,2
0213065,0,2024,2024-05-25,18,整形外,2
0213065,0,2024,2024-05-27,18,整形外,2
0213065,0,2024,2024-06-06,18,整形外,1
0213065,0,2024,2024-07-03,18,整形外,1
0213065,0,2024,2024-07-07,18,整形外,1
0213065,0,2024,2024-07-22,18,整形外,1
0213065,0,2024,2024-04-15,50,消化内,1
0213065,0,2024,2024-07-17,50,消化内,1
0213065,0,2024,2024-05-20,21,皮膚科,2
0213065,0,2024,2024-06-12,21,皮膚科,1
0213065,0,2024,2024-07-11,21,皮膚科,1
0213065,0,2024,2024-07-17,21,皮膚科,1
0213065,0,2024,2024-06-05,6,糖尿内,1
0213065,0,2024,2024-07-18,6,糖尿内,1
0213065,0,2024,2024-04-10,9,脳卒中,1
0213065,0,2024,2024-05-14,9,脳卒中,2
0213065,0,2024,2024-06-20,9,脳卒中,1
0213065,0,2024,2024-04-17,20,脳神外,1
0213065,0,2024,2024-05-01,20,脳神外,2
0213065,0,2024,2024-06-24,20,脳神外,1
0213065,0,2024,2024-07-04,20,脳神外,1
0213065,0,2024,2024-07-12,20,脳神外,1
0213065,0,2024,2024-04-25,8,腎臓内,1
0213065,0,2024,2024-05-10,8,腎臓内,2
0213065,0,2024,2024-06-20,8,腎臓内,1
0213065,0,2024,2024-04-13,1,血液内,1
0213065,0,2024,2024-04-23,1,血液内,1
0213065,0,2024,2024-05-09,1,血液内,2
0213065,0,2024,2024-05-17,1,血液内,2
0213065,0,2024,2024-06-07,1,血液内,1
0213073,0,2024,2024-05-09,48,リウ膠,2
0213073,0,2024,2024-06-05,48,リウ膠,1
0213073,0,2024,2024-04-04,26,眼科,1
0213073,0,2024,2024-04-19,26,眼科,1
0213073,0,2024,2024-04-25,26,眼科,1
0213073,0,2024,2024-05-20,26,眼科,2
0213073,0,2024,2024-05-21,26,眼科,2
0213073,0,2024,2024-05-23,26,眼科,2
0213073,0,2024,2024-05-27,26,眼科,2
0213073,0,2024,2024-06-20,26,眼科,2
0213073,0,2024,2024-06-28,26,眼科,1
0213073,0,2024,2024-07-04,26,眼科,1
0213073,0,2024,2024-07-08,26,眼科,1
0213073,0,2024,2024-07-19,26,眼科,1
0213073,0,2024,2024-04-12,6,糖尿内,1
0213073,0,2024,2024-05-23,6,糖尿内,2
0213081,0,2024,2024-06-23,6,糖尿内,1
0213099,0,2024,2024-06-03,7,循環内,1
0213099,0,2024,2024-04-27,34,救急科,1
0213099,0,2024,2024-05-10,18,整形外,2
0213099,0,2024,2024-05-27,18,整形外,2
0213099,0,2024,2024-06-26,18,整形外,1
0213099,0,2024,2024-05-22,50,消化内,2
0213099,0,2024,2024-06-18,9,脳卒中,1
0213115,0,2024,2024-05-07,10,小児科,2
0213123,0,2024,2024-06-21,16,乳甲外,1
0213123,0,2024,2024-05-28,5,呼吸内,2
0213123,0,2024,2024-06-26,15,心血外,1
0213123,0,2024,2024-04-10,50,消化内,1
0213123,0,2024,2024-06-03,21,皮膚科,1
0213123,0,2024,2024-05-13,6,糖尿内,2
0213123,0,2024,2024-04-19,8,腎臓内,1
0213123,0,2024,2024-05-17,8,腎臓内,2
0213123,0,2024,2024-07-12,8,腎臓内,1
0213131,0,2024,2024-06-07,28,放診断,1
0213131,0,2024,2024-05-05,34,救急科,2
0213131,0,2024,2024-06-17,2,脳神内,1
0213164,0,2024,2024-05-18,48,リウ膠,2
0213164,0,2024,2024-04-19,7,循環内,1
0213164,0,2024,2024-04-24,7,循環内,1
0213164,0,2024,2024-06-11,7,循環内,1
0213164,0,2024,2024-06-12,7,循環内,1
0213164,0,2024,2024-06-21,7,循環内,1
0213164,0,2024,2024-07-12,7,循環内,1
0213164,0,2024,2024-04-26,15,心血外,1
0213164,0,2024,2024-05-02,15,心血外,2
0213164,0,2024,2024-06-21,15,心血外,1
0213164,0,2024,2024-07-03,15,心血外,1
0213164,0,2024,2024-07-05,15,心血外,1
0213164,0,2024,2024-07-17,15,心血外,1
0213164,0,2024,2024-07-19,15,心血外,1
0213164,0,2024,2024-04-16,34,救急科,1
0213164,0,2024,2024-04-19,34,救急科,1
0213164,0,2024,2024-05-03,34,救急科,2
0213164,0,2024,2024-07-09,34,救急科,1
0213164,0,2024,2024-04-11,18,整形外,1
0213164,0,2024,2024-04-17,18,整形外,1
0213164,0,2024,2024-05-22,18,整形外,2
0213164,0,2024,2024-06-04,18,整形外,1
0213164,0,2024,2024-06-26,18,整形外,1
0213164,0,2024,2024-06-01,50,消化内,1
0213164,0,2024,2024-06-11,50,消化内,1
0213164,0,2024,2024-07-13,50,消化内,1
0213164,0,2024,2024-07-02,14,消化外,1
0213164,0,2024,2024-05-09,21,皮膚科,2
0213164,0,2024,2024-06-15,6,糖尿内,1
0213164,0,2024,2024-07-16,6,糖尿内,1
0213164,0,2024,2024-05-22,36,総合診,2
0213164,0,2024,2024-04-08,9,脳卒中,1
0213164,0,2024,2024-06-21,9,脳卒中,1
0213164,0,2024,2024-07-16,2,脳神内,1
0213164,0,2024,2024-05-21,20,脳神外,2
0213164,0,2024,2024-04-13,8,腎臓内,1
0213164,0,2024,2024-04-19,8,腎臓内,2
0213164,0,2024,2024-04-27,8,腎臓内,1
0213164,0,2024,2024-05-17,8,腎臓内,2
0213164,0,2024,2024-06-07,8,腎臓内,1
0213164,0,2024,2024-06-12,8,腎臓内,1
0213164,0,2024,2024-06-21,8,腎臓内,1
0213164,0,2024,2024-06-28,8,腎臓内,2
0213164,0,2024,2024-07-08,8,腎臓内,1
0213164,0,2024,2024-07-12,8,腎臓内,1
0213164,0,2024,2024-07-19,8,腎臓内,2
0213172,0,2024,2024-05-24,7,循環内,2
0213172,0,2024,2024-05-24,34,救急科,2
0213172,0,2024,2024-06-27,34,救急科,1
0213172,0,2024,2024-07-10,34,救急科,1
0213172,0,2024,2024-04-02,21,皮膚科,1
0213172,0,2024,2024-04-08,21,皮膚科,1
0213172,0,2024,2024-04-16,21,皮膚科,1
0213172,0,2024,2024-04-22,21,皮膚科,1
0213172,0,2024,2024-06-06,21,皮膚科,1
0213172,0,2024,2024-06-13,21,皮膚科,2
0213172,0,2024,2024-06-19,21,皮膚科,1
0213172,0,2024,2024-07-01,21,皮膚科,1
0213172,0,2024,2024-07-08,21,皮膚科,1
0213172,0,2024,2024-07-19,21,皮膚科,1
0213172,0,2024,2024-05-23,25,耳鼻科,2
0213214,0,2024,2024-06-20,18,整形外,1
0213214,0,2024,2024-07-08,6,糖尿内,1
0213214,0,2024,2024-04-02,9,脳卒中,1
0213214,0,2024,2024-04-22,9,脳卒中,1
0213214,0,2024,2024-06-13,9,脳卒中,1
0213214,0,2024,2024-07-19,9,脳卒中,1
0213214,0,2024,2024-05-23,20,脳神外,2
0213222,0,2024,2024-06-19,48,リウ膠,1
0213222,0,2024,2024-04-02,21,皮膚科,1
0213222,0,2024,2024-04-11,21,皮膚科,1
0213222,0,2024,2024-05-01,21,皮膚科,2
0213222,0,2024,2024-05-08,21,皮膚科,2
0213222,0,2024,2024-05-20,21,皮膚科,2
0213222,0,2024,2024-05-23,21,皮膚科,2
0213222,0,2024,2024-06-10,21,皮膚科,1
0213222,0,2024,2024-06-24,21,皮膚科,1
0213222,0,2024,2024-06-27,21,皮膚科,1
0213222,0,2024,2024-07-04,21,皮膚科,1
0213222,0,2024,2024-07-17,21,皮膚科,1
0213248,0,2024,2024-04-08,31,リハ,2
0213248,0,2024,2024-07-01,31,リハ,2
0213248,0,2024,2024-05-09,7,循環内,2
0213248,0,2024,2024-06-05,7,循環内,1
0213248,0,2024,2024-06-08,7,循環内,1
0213248,0,2024,2024-04-24,15,心血外,1
0213248,0,2024,2024-05-14,15,心血外,2
0213248,0,2024,2024-06-21,15,心血外,2
0213248,0,2024,2024-05-20,34,救急科,2
0213248,0,2024,2024-06-11,34,救急科,1
0213248,0,2024,2024-06-14,34,救急科,1
0213248,0,2024,2024-04-22,18,整形外,1
0213248,0,2024,2024-06-25,18,整形外,1
0213248,0,2024,2024-06-29,18,整形外,1
0213248,0,2024,2024-07-02,18,整形外,1
0213248,0,2024,2024-07-04,18,整形外,2
0213248,0,2024,2024-05-02,32,歯口外,2
0213248,0,2024,2024-04-19,50,消化内,1
0213248,0,2024,2024-05-02,14,消化外,2
0213248,0,2024,2024-05-09,14,消化外,2
0213248,0,2024,2024-06-05,14,消化外,1
0213248,0,2024,2024-05-10,21,皮膚科,2
0213248,0,2024,2024-06-17,36,総合診,1
0213248,0,2024,2024-05-14,2,脳神内,2
0213248,0,2024,2024-05-31,2,脳神内,2
0213248,0,2024,2024-06-06,2,脳神内,1
0213248,0,2024,2024-07-22,2,脳神内,1
0213248,0,2024,2024-06-20,8,腎臓内,1
0213255,0,2024,2024-04-05,7,循環内,1
0213255,0,2024,2024-04-17,7,循環内,1
0213255,0,2024,2024-05-24,7,循環内,2
0213255,0,2024,2024-05-20,50,消化内,2
0213255,0,2024,2024-05-28,50,消化内,2
0213255,0,2024,2024-05-15,6,糖尿内,2
0213255,0,2024,2024-05-07,9,脳卒中,2
0213255,0,2024,2024-06-11,9,脳卒中,1
0213255,0,2024,2024-04-16,2,脳神内,1
0213255,0,2024,2024-05-14,2,脳神内,2
0213255,0,2024,2024-06-03,2,脳神内,1
0213255,0,2024,2024-04-03,8,腎臓内,1
0213255,0,2024,2024-04-23,8,腎臓内,1
0213255,0,2024,2024-04-24,8,腎臓内,1
0213255,0,2024,2024-04-26,8,腎臓内,1
0213255,0,2024,2024-04-27,8,腎臓内,1
0213255,0,2024,2024-05-04,8,腎臓内,2
0213255,0,2024,2024-05-10,8,腎臓内,2
0213255,0,2024,2024-05-17,8,腎臓内,4
0213255,0,2024,2024-05-24,8,腎臓内,2
0213255,0,2024,2024-05-31,8,腎臓内,4
0213255,0,2024,2024-06-07,8,腎臓内,1
0213255,0,2024,2024-06-14,8,腎臓内,1
0213255,0,2024,2024-06-21,8,腎臓内,2
0213255,0,2024,2024-06-24,8,腎臓内,1
0213255,0,2024,2024-06-28,8,腎臓内,1
0213255,0,2024,2024-07-05,8,腎臓内,4
0213255,0,2024,2024-07-12,8,腎臓内,3
0213255,0,2024,2024-07-22,8,腎臓内,1
0213263,0,2024,2024-04-08,31,リハ,1
0213263,0,2024,2024-04-20,16,乳甲外,1
0213263,0,2024,2024-05-14,16,乳甲外,2
0213263,0,2024,2024-05-27,16,乳甲外,2
0213263,0,2024,2024-06-13,5,呼吸内,1
0213263,0,2024,2024-05-17,34,救急科,2
0213263,0,2024,2024-07-17,34,救急科,1
0213263,0,2024,2024-07-20,34,救急科,1
0213263,0,2024,2024-07-17,18,整形外,1
0213263,0,2024,2024-06-17,21,皮膚科,1
0213263,0,2024,2024-07-19,21,皮膚科,1
0213263,0,2024,2024-06-19,8,腎臓内,1
0213271,0,2024,2024-06-11,7,循環内,1
0213271,0,2024,2024-04-24,50,消化内,1
0213271,0,2024,2024-07-08,6,糖尿内,1
0213313,0,2024,2024-07-19,15,心血外,1
0213313,0,2024,2024-04-15,36,総合診,1
0213347,0,2024,2024-06-21,7,循環内,1
0213347,0,2024,2024-04-24,15,心血外,1
0213347,0,2024,2024-05-25,8,腎臓内,2
0213354,0,2024,2024-05-24,34,救急科,2
0213354,0,2024,2024-05-20,21,皮膚科,2
0213354,0,2024,2024-05-14,26,眼科,2
0213354,0,2024,2024-06-03,26,眼科,1
0213370,0,2024,2024-05-10,31,リハ,2
0213388,0,2024,2024-04-11,34,救急科,1
0213388,0,2024,2024-04-28,34,救急科,2
0213388,0,2024,2024-06-01,34,救急科,1
0213388,0,2024,2024-06-02,34,救急科,1
0213388,0,2024,2024-06-13,34,救急科,1
0213388,0,2024,2024-06-26,34,救急科,1
0213404,0,2024,2024-05-10,7,循環内,2
0213404,0,2024,2024-06-21,7,循環内,1
0213404,0,2024,2024-06-07,50,消化内,1
0213412,0,2024,2024-05-17,31,リハ,2
0213412,0,2024,2024-05-07,2,脳神内,4
0213412,0,2024,2024-05-27,2,脳神内,4
0213412,0,2024,2024-06-03,2,脳神内,1
0213412,0,2024,2024-06-07,2,脳神内,1
0213412,0,2024,2024-06-10,2,脳神内,1
0213412,0,2024,2024-06-17,2,脳神内,1
0213412,0,2024,2024-06-21,2,脳神内,1
0213412,0,2024,2024-07-01,2,脳神内,1
0213420,0,2024,2024-04-15,26,眼科,1
0213420,0,2024,2024-04-26,26,眼科,1
0213420,0,2024,2024-05-01,26,眼科,2
0213420,0,2024,2024-05-24,26,眼科,2
0213420,0,2024,2024-06-13,26,眼科,1
0213420,0,2024,2024-07-16,26,眼科,1
0213438,0,2024,2024-06-12,26,眼科,1
0213438,0,2024,2024-07-02,26,眼科,1
0213438,0,2024,2024-04-18,9,脳卒中,1
0213446,0,2024,2024-06-25,48,リウ膠,1
0213446,0,2024,2024-07-01,17,小児外,1
0213446,0,2024,2024-07-19,7,循環内,1
0213446,0,2024,2024-04-11,22,泌尿器,1
0213446,0,2024,2024-05-09,22,泌尿器,2
0213446,0,2024,2024-06-21,22,泌尿器,1
0213446,0,2024,2024-07-12,22,泌尿器,1
0213446,0,2024,2024-07-17,22,泌尿器,1
0213446,0,2024,2024-04-03,8,腎臓内,1
0213446,0,2024,2024-05-17,8,腎臓内,2
0213446,0,2024,2024-07-19,8,腎臓内,1
0213529,0,2024,2024-04-03,26,眼科,1
0223618,0,2024,2024-05-22,37,麻酔科,2
0223790,0,2024,2024-07-12,26,眼科,1
0301171,0,2024,2024-04-04,32,歯口外,1
0301415,0,2024,2024-04-04,8,腎臓内,1
0301613,0,2024,2024-05-08,16,乳甲外,2
0301613,0,2024,2024-07-18,16,乳甲外,1
0301613,0,2024,2024-06-26,7,循環内,1
0301647,0,2024,2024-06-01,18,整形外,1
0301878,0,2024,2024-04-09,16,乳甲外,1
0301878,0,2024,2024-06-26,13,呼吸外,1
0301985,0,2024,2024-04-30,48,リウ膠,1
0301985,0,2024,2024-06-28,48,リウ膠,1
0301985,0,2024,2024-06-14,26,眼科,1
0302017,0,2024,2024-04-09,26,眼科,1
0302017,0,2024,2024-04-16,26,眼科,1
0302017,0,2024,2024-04-23,26,眼科,1
0302017,0,2024,2024-05-02,26,眼科,2
0302017,0,2024,2024-06-20,26,眼科,1
0310036,0,2024,2024-04-25,12,心療科,1
0310051,0,2024,2024-06-26,48,リウ膠,1
0310051,0,2024,2024-04-24,10,小児科,1
0310051,0,2024,2024-04-22,6,糖尿内,1
0310051,0,2024,2024-05-22,8,腎臓内,2
0310051,0,2024,2024-06-21,8,腎臓内,1
0310051,0,2024,2024-07-05,8,腎臓内,1
0310107,0,2024,2024-06-13,32,歯口外,1
0310127,0,2024,2024-04-30,2,脳神内,1
0310176,0,2024,2024-06-19,2,脳神内,1
0310176,0,2024,2024-07-08,2,脳神内,1
0310242,0,2024,2024-06-20,1,血液内,1
0310366,0,2024,2024-04-03,25,耳鼻科,1
0310366,0,2024,2024-04-12,25,耳鼻科,1
0310366,0,2024,2024-05-15,25,耳鼻科,2
0310366,0,2024,2024-06-12,25,耳鼻科,1
0310366,0,2024,2024-07-19,25,耳鼻科,1
0310432,0,2024,2024-05-20,18,整形外,2
0310465,0,2024,2024-04-05,26,眼科,1
0310465,0,2024,2024-04-15,26,眼科,1
0310531,0,2024,2024-04-26,16,乳甲外,1
0310531,0,2024,2024-07-18,16,乳甲外,1
0310531,0,2024,2024-06-25,19,形成外,1
0310531,0,2024,2024-07-23,19,形成外,1
0310531,0,2024,2024-04-05,7,循環内,1
0310531,0,2024,2024-06-08,15,心血外,1
0310531,0,2024,2024-04-04,18,整形外,1
0310531,0,2024,2024-04-08,50,消化内,1
0310531,0,2024,2024-04-15,50,消化内,1
0310531,0,2024,2024-06-15,50,消化内,1
0310531,0,2024,2024-07-12,43,産婦人,1
0310531,0,2024,2024-06-15,26,眼科,1
0310531,0,2024,2024-04-10,9,脳卒中,1
0310531,0,2024,2024-04-20,1,血液内,1
0310531,0,2024,2024-06-27,1,血液内,1
0310606,0,2024,2024-07-12,13,呼吸外,1
0310663,0,2024,2024-05-13,48,リウ膠,2
0310663,0,2024,2024-04-25,7,循環内,1
0310663,0,2024,2024-05-13,18,整形外,2
0310663,0,2024,2024-05-27,18,整形外,2
0310663,0,2024,2024-04-22,22,泌尿器,1
0310663,0,2024,2024-06-25,9,脳卒中,1
0310770,0,2024,2024-05-23,13,呼吸外,2
0310770,0,2024,2024-06-14,7,循環内,1
0310770,0,2024,2024-07-17,15,心血外,1
0310770,0,2024,2024-04-16,50,消化内,1
0310770,0,2024,2024-05-24,50,消化内,2
0310770,0,2024,2024-07-04,50,消化内,1
0310770,0,2024,2024-07-12,50,消化内,1
0310770,0,2024,2024-05-10,14,消化外,2
0310770,0,2024,2024-05-22,43,産婦人,2
0310770,0,2024,2024-05-13,8,腎臓内,2
0310770,0,2024,2024-06-21,8,腎臓内,1
0310820,0,2024,2024-06-24,7,循環内,1
0310820,0,2024,2024-04-03,50,消化内,1
0310820,0,2024,2024-07-03,50,消化内,1
0310820,0,2024,2024-04-01,6,糖尿内,1
0310820,0,2024,2024-05-29,8,腎臓内,2
0310820,0,2024,2024-07-04,8,腎臓内,1
0310846,0,2024,2024-07-23,48,リウ膠,1
0310846,0,2024,2024-05-23,17,小児外,2
0310887,0,2024,2024-05-08,7,循環内,2
0310887,0,2024,2024-06-12,22,泌尿器,1
0401173,0,2024,2024-05-17,26,眼科,2
0401173,0,2024,2024-07-08,26,眼科,1
0401173,0,2024,2024-04-18,2,脳神内,1
0401348,0,2024,2024-05-20,21,皮膚科,2
0401454,0,2024,2024-06-11,21,皮膚科,1
0410018,0,2024,2024-04-22,5,呼吸内,1
0410018,0,2024,2024-05-08,14,消化外,2
0410125,0,2024,2024-04-01,6,糖尿内,1
0410158,0,2024,2024-06-29,7,循環内,1
0410158,0,2024,2024-07-17,7,循環内,1
0410182,0,2024,2024-04-03,8,腎臓内,1
0410182,0,2024,2024-05-20,8,腎臓内,2
0410299,0,2024,2024-06-05,25,耳鼻科,1
0410372,0,2024,2024-05-24,34,救急科,2
0410372,0,2024,2024-04-01,26,眼科,1
0410372,0,2024,2024-04-19,26,眼科,1
0410372,0,2024,2024-07-02,26,眼科,1
0410372,0,2024,2024-06-26,25,耳鼻科,1
0410398,0,2024,2024-04-25,25,耳鼻科,1
0410398,0,2024,2024-05-23,2,脳神内,2
0410406,0,2024,2024-04-10,8,腎臓内,1
0410471,0,2024,2024-05-20,21,皮膚科,2
0410547,0,2024,2024-04-28,7,循環内,1
0410547,0,2024,2024-05-30,7,循環内,2
0410547,0,2024,2024-06-14,6,糖尿内,1
0410547,0,2024,2024-04-12,8,腎臓内,1
0410547,0,2024,2024-04-26,8,腎臓内,1
0410547,0,2024,2024-05-10,8,腎臓内,4
0410547,0,2024,2024-06-07,8,腎臓内,1
0410547,0,2024,2024-06-14,8,腎臓内,1
0410547,0,2024,2024-06-28,8,腎臓内,1
0410547,0,2024,2024-07-12,8,腎臓内,2
0410547,0,2024,2024-07-16,8,腎臓内,1
0410554,0,2024,2024-04-03,25,耳鼻科,1
0410562,0,2024,2024-07-12,8,腎臓内,1
0410620,0,2024,2024-05-31,31,リハ,2
0410620,0,2024,2024-06-27,8,腎臓内,1
0500608,0,2024,2024-06-13,32,歯口外,1
0501022,0,2024,2024-07-04,7,循環内,1
0501022,0,2024,2024-04-15,6,糖尿内,1
0501022,0,2024,2024-06-22,20,脳神外,1
0501063,0,2024,2024-04-17,7,循環内,1
0501162,0,2024,2024-06-17,10,小児科,1
0501204,0,2024,2024-04-15,14,消化外,1
0510045,0,2024,2024-05-29,32,歯口外,2
0510052,0,2024,2024-06-07,32,歯口外,1
0510064,0,2024,2024-06-05,15,心血外,1
0510064,0,2024,2024-06-08,15,心血外,1
0510064,0,2024,2024-07-21,34,救急科,1
0510064,0,2024,2024-04-25,50,消化内,1
0510064,0,2024,2024-05-24,50,消化内,2
0510098,0,2024,2024-04-22,48,リウ膠,1
0510098,0,2024,2024-04-23,48,リウ膠,1
0510098,0,2024,2024-04-24,48,リウ膠,1
0510098,0,2024,2024-05-23,48,リウ膠,2
0510098,0,2024,2024-05-31,48,リウ膠,2
0510098,0,2024,2024-04-22,16,乳甲外,1
0510098,0,2024,2024-06-18,16,乳甲外,1
0510098,0,2024,2024-04-03,13,呼吸外,1
0510098,0,2024,2024-04-10,13,呼吸外,1
0510098,0,2024,2024-04-11,13,呼吸外,2
0510098,0,2024,2024-05-01,13,呼吸外,2
0510098,0,2024,2024-06-29,13,呼吸外,1
0510098,0,2024,2024-07-03,13,呼吸外,1
0510098,0,2024,2024-04-02,17,小児外,1
0510098,0,2024,2024-04-30,17,小児外,1
0510098,0,2024,2024-06-04,17,小児外,1
0510098,0,2024,2024-07-04,17,小児外,1
0510098,0,2024,2024-05-09,10,小児科,2
0510098,0,2024,2024-05-15,10,小児科,2
0510098,0,2024,2024-05-29,10,小児科,2
0510098,0,2024,2024-06-28,10,小児科,1
0510098,0,2024,2024-07-05,10,小児科,1
0510098,0,2024,2024-07-08,10,小児科,1
0510098,0,2024,2024-04-09,7,循環内,1
0510098,0,2024,2024-04-18,7,循環内,1
0510098,0,2024,2024-05-14,7,循環内,2
0510098,0,2024,2024-05-29,7,循環内,2
0510098,0,2024,2024-05-31,7,循環内,2
0510098,0,2024,2024-06-17,7,循環内,1
0510098,0,2024,2024-07-10,7,循環内,1
0510098,0,2024,2024-07-19,7,循環内,1
0510098,0,2024,2024-04-19,15,心血外,1
0510098,0,2024,2024-04-24,15,心血外,1
0510098,0,2024,2024-05-07,15,心血外,2
0510098,0,2024,2024-05-08,15,心血外,2
0510098,0,2024,2024-05-17,15,心血外,2
0510098,0,2024,2024-06-12,15,心血外,1
0510098,0,2024,2024-06-28,15,心血外,1
0510098,0,2024,2024-07-03,15,心血外,1
0510098,0,2024,2024-07-05,15,心血外,1
0510098,0,2024,2024-07-17,15,心血外,1
0510098,0,2024,2024-04-25,28,放診断,1
0510098,0,2024,2024-04-08,34,救急科,1
0510098,0,2024,2024-06-04,34,救急科,1
0510098,0,2024,2024-06-07,34,救急科,1
0510098,0,2024,2024-06-10,34,救急科,1
0510098,0,2024,2024-06-19,34,救急科,1
0510098,0,2024,2024-07-07,34,救急科,1
0510098,0,2024,2024-04-25,18,整形外,1
0510098,0,2024,2024-05-10,18,整形外,4
0510098,0,2024,2024-06-12,18,整形外,1
0510098,0,2024,2024-04-05,22,泌尿器,1
0510098,0,2024,2024-04-26,22,泌尿器,1
0510098,0,2024,2024-05-05,22,泌尿器,2
0510098,0,2024,2024-05-24,22,泌尿器,2
0510098,0,2024,2024-07-22,22,泌尿器,1
0510098,0,2024,2024-05-11,50,消化内,2
0510098,0,2024,2024-06-21,50,消化内,1
0510098,0,2024,2024-04-04,14,消化外,1
0510098,0,2024,2024-04-05,14,消化外,1
0510098,0,2024,2024-04-16,14,消化外,1
0510098,0,2024,2024-06-26,14,消化外,1
0510098,0,2024,2024-04-18,21,皮膚科,1
0510098,0,2024,2024-06-17,26,眼科,1
0510098,0,2024,2024-04-10,6,糖尿内,1
0510098,0,2024,2024-06-19,6,糖尿内,1
0510098,0,2024,2024-06-06,2,脳神内,1
0510098,0,2024,2024-06-10,2,脳神内,1
0510098,0,2024,2024-05-29,20,脳神外,2
0510098,0,2024,2024-06-18,20,脳神外,1
0510098,0,2024,2024-06-22,20,脳神外,1
0510098,0,2024,2024-06-25,20,脳神外,1
0510098,0,2024,2024-04-02,8,腎臓内,1
0510098,0,2024,2024-05-28,8,腎臓内,4
0510098,0,2024,2024-06-11,8,腎臓内,1
0510098,0,2024,2024-06-14,8,腎臓内,1
0510098,0,2024,2024-06-21,8,腎臓内,1
0510098,0,2024,2024-07-04,8,腎臓内,1
0510098,0,2024,2024-07-05,8,腎臓内,1
0510098,0,2024,2024-05-08,1,血液内,2
0510098,0,2024,2024-07-01,1,血液内,1
0510221,0,2024,2024-04-12,15,心血外,1
0510221,0,2024,2024-04-25,34,救急科,1
0510221,0,2024,2024-04-08,21,皮膚科,1
0510221,0,2024,2024-04-26,21,皮膚科,1
0510221,0,2024,2024-07-10,21,皮膚科,1
0510221,0,2024,2024-05-17,8,腎臓内,2
0510247,0,2024,2024-04-06,34,救急科,1
0510247,0,2024,2024-05-27,22,泌尿器,2
0510247,0,2024,2024-04-18,2,脳神内,1
0510247,0,2024,2024-06-11,2,脳神内,1
0510247,0,2024,2024-06-25,2,脳神内,1
0510247,0,2024,2024-07-22,20,脳神外,1
0510262,0,2024,2024-04-12,15,心血外,1
0510270,0,2024,2024-04-08,18,整形外,1
0510270,0,2024,2024-05-01,18,整形外,2
0510270,0,2024,2024-05-16,50,消化内,2
0510270,0,2024,2024-07-18,8,腎臓内,1
0510288,0,2024,2024-05-01,25,耳鼻科,2
0510288,0,2024,2024-05-24,25,耳鼻科,2
0510338,0,2024,2024-04-03,7,循環内,1
0510338,0,2024,2024-06-03,18,整形外,1
0510379,0,2024,2024-06-20,2,脳神内,1
0510379,0,2024,2024-04-04,8,腎臓内,1
0510379,0,2024,2024-05-24,8,腎臓内,2
0510387,0,2024,2024-05-22,8,腎臓内,2
0510411,0,2024,2024-05-24,48,リウ膠,2
0510437,0,2024,2024-04-17,26,眼科,1
0510437,0,2024,2024-05-21,26,眼科,2
0510452,0,2024,2024-05-29,16,乳甲外,2
0510452,0,2024,2024-04-05,7,循環内,1
0510452,0,2024,2024-05-10,7,循環内,3
0510460,0,2024,2024-04-26,26,眼科,1
0510460,0,2024,2024-06-22,26,眼科,1
0511399,0,2024,2024-04-17,43,産婦人,1
0513414,0,2024,2024-06-15,20,脳神外,1
0513638,0,2024,2024-07-14,16,乳甲外,1
0513638,0,2024,2024-04-15,22,泌尿器,1
0700475,0,2024,2024-04-08,26,眼科,1
0700475,0,2024,2024-04-15,26,眼科,1
0700475,0,2024,2024-04-25,26,眼科,1
0700475,0,2024,2024-05-09,26,眼科,2
0700475,0,2024,2024-06-11,26,眼科,1
0700475,0,2024,2024-06-27,26,眼科,1
0700475,0,2024,2024-07-22,26,眼科,1
0700483,0,2024,2024-04-14,6,糖尿内,1
0700483,0,2024,2024-05-07,6,糖尿内,2
0700491,0,2024,2024-06-07,7,循環内,1
0710037,0,2024,2024-04-13,8,腎臓内,1
0710037,0,2024,2024-06-14,8,腎臓内,1
0710045,0,2024,2024-05-07,12,心療科,2
0710052,0,2024,2024-06-06,18,整形外,1
0710052,0,2024,2024-05-01,8,腎臓内,2
0710052,0,2024,2024-07-03,8,腎臓内,1
0710086,0,2024,2024-04-22,10,小児科,1
0710086,0,2024,2024-05-09,10,小児科,2
0710086,0,2024,2024-05-30,34,救急科,2
0710086,0,2024,2024-06-15,34,救急科,1
0710086,0,2024,2024-04-02,18,整形外,1
0710086,0,2024,2024-05-01,18,整形外,2
0710086,0,2024,2024-06-14,2,脳神内,1
0710102,0,2024,2024-07-23,26,眼科,1
0710128,0,2024,2024-05-17,7,循環内,2
0710128,0,2024,2024-05-10,15,心血外,2
0710128,0,2024,2024-06-22,15,心血外,1
0710128,0,2024,2024-04-03,18,整形外,1
0710128,0,2024,2024-05-02,18,整形外,2
0710128,0,2024,2024-05-07,18,整形外,2
0710128,0,2024,2024-05-20,18,整形外,2
0710128,0,2024,2024-06-17,18,整形外,1
0710128,0,2024,2024-04-04,14,消化外,1
0710136,0,2024,2024-05-31,48,リウ膠,2
0710136,0,2024,2024-05-04,7,循環内,2
0710136,0,2024,2024-05-29,7,循環内,2
0710136,0,2024,2024-06-19,7,循環内,1
0710136,0,2024,2024-04-12,8,腎臓内,1
0710136,0,2024,2024-04-15,8,腎臓内,1
0710151,0,2024,2024-07-19,48,リウ膠,1
0710169,0,2024,2024-06-13,18,整形外,1
0710185,0,2024,2024-04-21,7,循環内,1
0710185,0,2024,2024-04-19,15,心血外,1
0710185,0,2024,2024-05-30,50,消化内,2
0710185,0,2024,2024-07-02,9,脳卒中,1
0710185,0,2024,2024-06-21,8,腎臓内,1
0710193,0,2024,2024-07-19,7,循環内,1
0800305,0,2024,2024-04-24,32,歯口外,1
0800487,0,2024,2024-05-21,32,歯口外,2
0800487,0,2024,2024-06-14,32,歯口外,1
0800529,0,2024,2024-04-20,48,リウ膠,1
0800594,0,2024,2024-06-05,32,歯口外,1
0800594,0,2024,2024-06-07,32,歯口外,1
0800602,0,2024,2024-06-27,32,歯口外,1
0800628,0,2024,2024-06-12,32,歯口外,1
0800636,0,2024,2024-06-19,32,歯口外,1
0800651,0,2024,2024-04-12,32,歯口外,1
0800651,0,2024,2024-05-01,32,歯口外,2
0800651,0,2024,2024-06-12,32,歯口外,1
0800651,0,2024,2024-07-13,32,歯口外,1
0800853,0,2024,2024-04-12,15,心血外,1
0800853,0,2024,2024-06-07,15,心血外,1
0800853,0,2024,2024-05-25,50,消化内,2
0800853,0,2024,2024-04-04,8,腎臓内,1
0800853,0,2024,2024-05-02,8,腎臓内,2
0800853,0,2024,2024-06-13,8,腎臓内,1
0800853,0,2024,2024-07-18,8,腎臓内,1
0800887,0,2024,2024-07-14,19,形成外,1
0800887,0,2024,2024-06-06,34,救急科,1
0800887,0,2024,2024-07-18,34,救急科,1
0800887,0,2024,2024-05-01,21,皮膚科,2
0800887,0,2024,2024-05-10,21,皮膚科,2
0800887,0,2024,2024-05-30,21,皮膚科,2
0800887,0,2024,2024-07-02,21,皮膚科,1
0800887,0,2024,2024-07-05,21,皮膚科,1
0800887,0,2024,2024-04-19,8,腎臓内,1
0800978,0,2024,2024-04-08,12,心療科,1
0800978,0,2024,2024-07-10,12,心療科,1
0800978,0,2024,2024-05-05,34,救急科,2
0800978,0,2024,2024-05-02,2,脳神内,2
0800978,0,2024,2024-07-08,2,脳神内,1
0800986,0,2024,2024-06-14,48,リウ膠,1
0800986,0,2024,2024-06-08,7,循環内,1
0800986,0,2024,2024-07-06,7,循環内,1
0800986,0,2024,2024-04-23,28,放診断,1
0800986,0,2024,2024-06-18,34,救急科,1
0800986,0,2024,2024-06-19,34,救急科,1
0800986,0,2024,2024-06-20,34,救急科,1
0800986,0,2024,2024-04-19,18,整形外,1
0800986,0,2024,2024-04-22,18,整形外,1
0800986,0,2024,2024-05-15,18,整形外,2
0800986,0,2024,2024-05-16,18,整形外,2
0800986,0,2024,2024-05-20,18,整形外,2
0800986,0,2024,2024-06-11,18,整形外,1
0800986,0,2024,2024-07-12,18,整形外,1
0800986,0,2024,2024-05-24,50,消化内,2
0800986,0,2024,2024-06-13,36,総合診,1
0800986,0,2024,2024-04-22,2,脳神内,1
0800986,0,2024,2024-04-26,1,血液内,1
0810015,0,2024,2024-07-03,32,歯口外,1
0810019,0,2024,2024-04-01,31,リハ,1
0810019,0,2024,2024-07-13,31,リハ,1
0810019,0,2024,2024-04-18,5,呼吸内,1
0810019,0,2024,2024-06-12,5,呼吸内,1
0810019,0,2024,2024-07-23,5,呼吸内,1
0810019,0,2024,2024-05-08,13,呼吸外,2
0810019,0,2024,2024-06-17,7,循環内,1
0810019,0,2024,2024-05-03,15,心血外,2
0810019,0,2024,2024-05-26,34,救急科,2
0810019,0,2024,2024-06-14,34,救急科,1
0810019,0,2024,2024-04-16,18,整形外,1
0810019,0,2024,2024-04-17,18,整形外,1
0810019,0,2024,2024-04-22,18,整形外,1
0810019,0,2024,2024-05-07,18,整形外,2
0810019,0,2024,2024-05-13,18,整形外,2
0810019,0,2024,2024-06-06,18,整形外,1
0810019,0,2024,2024-04-16,50,消化内,1
0810019,0,2024,2024-07-04,50,消化内,1
0810019,0,2024,2024-04-02,14,消化外,1
0810019,0,2024,2024-04-08,21,皮膚科,1
0810019,0,2024,2024-04-22,21,皮膚科,1
0810019,0,2024,2024-04-25,21,皮膚科,1
0810019,0,2024,2024-06-27,6,糖尿内,1
0810019,0,2024,2024-06-07,2,脳神内,1
0810019,0,2024,2024-05-18,20,脳神外,2
0810019,0,2024,2024-06-17,20,脳神外,1
0810019,0,2024,2024-05-20,8,腎臓内,2
0810035,0,2024,2024-05-17,48,リウ膠,2
0810035,0,2024,2024-07-22,31,リハ,1
0810035,0,2024,2024-07-17,5,呼吸内,1
0810035,0,2024,2024-04-17,13,呼吸外,1
0810035,0,2024,2024-05-25,13,呼吸外,2
0810035,0,2024,2024-06-06,13,呼吸外,2
0810035,0,2024,2024-06-26,13,呼吸外,1
0810035,0,2024,2024-07-18,13,呼吸外,1
0810035,0,2024,2024-06-10,19,形成外,1
0810035,0,2024,2024-04-23,7,循環内,1
0810035,0,2024,2024-04-24,7,循環内,1
0810035,0,2024,2024-05-10,7,循環内,2
0810035,0,2024,2024-05-28,7,循環内,2
0810035,0,2024,2024-06-05,7,循環内,1
0810035,0,2024,2024-06-12,7,循環内,2
0810035,0,2024,2024-06-19,7,循環内,1
0810035,0,2024,2024-06-28,7,循環内,1
0810035,0,2024,2024-07-19,7,循環内,1
0810035,0,2024,2024-04-08,18,整形外,1
0810035,0,2024,2024-04-10,18,整形外,1
0810035,0,2024,2024-04-11,18,整形外,1
0810035,0,2024,2024-06-04,18,整形外,1
0810035,0,2024,2024-07-17,18,整形外,1
0810035,0,2024,2024-06-24,22,泌尿器,1
0810035,0,2024,2024-05-17,50,消化内,2
0810035,0,2024,2024-06-03,50,消化内,1
0810035,0,2024,2024-04-13,6,糖尿内,1
0810035,0,2024,2024-05-20,6,糖尿内,2
0810035,0,2024,2024-06-06,6,糖尿内,1
0810035,0,2024,2024-06-18,6,糖尿内,1
0810035,0,2024,2024-06-19,25,耳鼻科,1
0810035,0,2024,2024-07-23,9,脳卒中,1
0810035,0,2024,2024-04-08,2,脳神内,1
0810035,0,2024,2024-04-22,2,脳神内,1
0810035,0,2024,2024-06-15,2,脳神内,1
0810035,0,2024,2024-07-01,2,脳神内,1
0810035,0,2024,2024-05-10,8,腎臓内,2
0810035,0,2024,2024-06-19,8,腎臓内,1
0810035,0,2024,2024-07-10,8,腎臓内,1
0810049,0,2024,2024-06-05,25,耳鼻科,1
0810050,0,2024,2024-06-03,5,呼吸内,1
0810050,0,2024,2024-04-10,7,循環内,1
0810050,0,2024,2024-04-26,7,循環内,1
0810050,0,2024,2024-04-10,34,救急科,1
0810050,0,2024,2024-06-10,34,救急科,1
0810050,0,2024,2024-06-29,34,救急科,1
0810050,0,2024,2024-05-27,26,眼科,2
0810050,0,2024,2024-05-30,8,腎臓内,2
0810050,0,2024,2024-06-24,8,腎臓内,1
0810080,0,2024,2024-05-17,32,歯口外,2
0810100,0,2024,2024-05-09,5,呼吸内,2
0810100,0,2024,2024-05-24,13,呼吸外,2
0810100,0,2024,2024-06-06,13,呼吸外,1
0810100,0,2024,2024-04-19,7,循環内,1
0810100,0,2024,2024-05-21,7,循環内,2
0810100,0,2024,2024-06-01,7,循環内,1
0810100,0,2024,2024-06-02,7,循環内,1
0810100,0,2024,2024-06-06,7,循環内,1
0810100,0,2024,2024-04-17,15,心血外,1
0810100,0,2024,2024-05-15,15,心血外,2
0810100,0,2024,2024-06-20,50,消化内,1
0810100,0,2024,2024-04-01,21,皮膚科,1
0810100,0,2024,2024-04-10,21,皮膚科,1
0810100,0,2024,2024-07-18,9,脳卒中,1
0810100,0,2024,2024-06-14,2,脳神内,1
0810100,0,2024,2024-04-12,8,腎臓内,2
0810100,0,2024,2024-04-19,8,腎臓内,2
0810100,0,2024,2024-04-26,8,腎臓内,1
0810100,0,2024,2024-05-10,8,腎臓内,2
0810100,0,2024,2024-06-07,8,腎臓内,1
0810100,0,2024,2024-06-28,8,腎臓内,1
0810100,0,2024,2024-07-12,8,腎臓内,1
0810100,0,2024,2024-07-13,8,腎臓内,1
0810159,0,2024,2024-04-15,28,放診断,1
0810159,0,2024,2024-07-05,34,救急科,1
0810159,0,2024,2024-04-19,50,消化内,1
0810159,0,2024,2024-05-01,50,消化内,2
0810159,0,2024,2024-06-28,50,消化内,1
0810159,0,2024,2024-07-18,2,脳神内,1
0810159,0,2024,2024-05-25,8,腎臓内,2
0810159,0,2024,2024-06-12,8,腎臓内,1
0810175,0,2024,2024-04-05,7,循環内,1
0810175,0,2024,2024-04-15,7,循環内,1
0810175,0,2024,2024-06-11,7,循環内,1
0810175,0,2024,2024-06-21,7,循環内,1
0810175,0,2024,2024-06-12,15,心血外,1
0810175,0,2024,2024-07-10,15,心血外,1
0810175,0,2024,2024-05-15,8,腎臓内,2
0810175,0,2024,2024-05-17,8,腎臓内,2
0810175,0,2024,2024-07-19,8,腎臓内,1
0810183,0,2024,2024-04-27,13,呼吸外,1
0810183,0,2024,2024-05-28,7,循環内,2
0810183,0,2024,2024-06-21,7,循環内,1
0810183,0,2024,2024-05-17,15,心血外,2
0810183,0,2024,2024-05-19,15,心血外,2
0810183,0,2024,2024-07-02,18,整形外,1
0810183,0,2024,2024-04-03,22,泌尿器,1
0810183,0,2024,2024-06-06,9,脳卒中,1
0810183,0,2024,2024-06-04,2,脳神内,1
0810183,0,2024,2024-05-15,8,腎臓内,2
0810183,0,2024,2024-06-07,8,腎臓内,1
0810191,0,2024,2024-04-12,7,循環内,1
0810191,0,2024,2024-04-19,7,循環内,2
0810191,0,2024,2024-05-09,7,循環内,2
0810191,0,2024,2024-05-10,7,循環内,2
0810191,0,2024,2024-05-16,7,循環内,2
0810191,0,2024,2024-06-06,7,循環内,1
0810191,0,2024,2024-06-21,7,循環内,1
0810191,0,2024,2024-06-26,15,心血外,1
0810191,0,2024,2024-04-22,18,整形外,2
0810191,0,2024,2024-05-08,50,消化内,2
0810191,0,2024,2024-05-09,50,消化内,2
0810191,0,2024,2024-05-16,50,消化内,2
0810191,0,2024,2024-06-25,50,消化内,1
0810191,0,2024,2024-05-13,21,皮膚科,2
0810191,0,2024,2024-04-04,9,脳卒中,1
0810191,0,2024,2024-05-02,2,脳神内,2
0810191,0,2024,2024-04-10,8,腎臓内,1
0810191,0,2024,2024-06-12,8,腎臓内,1
0810191,0,2024,2024-06-21,1,血液内,1
0810209,0,2024,2024-06-21,16,乳甲外,1
0810209,0,2024,2024-06-04,7,循環内,1
0810209,0,2024,2024-06-24,7,循環内,1
0810209,0,2024,2024-06-28,7,循環内,1
0810209,0,2024,2024-07-03,7,循環内,1
0810209,0,2024,2024-04-21,34,救急科,1
0810209,0,2024,2024-05-15,34,救急科,2
0810209,0,2024,2024-07-21,34,救急科,1
0810209,0,2024,2024-04-25,50,消化内,1
0810209,0,2024,2024-06-06,50,消化内,1
0810209,0,2024,2024-06-13,50,消化内,1
0810209,0,2024,2024-04-10,25,耳鼻科,1
0810209,0,2024,2024-05-24,20,脳神外,2
0810225,0,2024,2024-05-08,13,呼吸外,2
0810225,0,2024,2024-07-03,13,呼吸外,1
0810225,0,2024,2024-04-05,10,小児科,1
0810225,0,2024,2024-05-11,10,小児科,2
0810225,0,2024,2024-04-05,7,循環内,1
0810225,0,2024,2024-06-21,7,循環内,1
0810225,0,2024,2024-07-06,9,脳卒中,1
0810241,0,2024,2024-06-13,5,呼吸内,1
0810241,0,2024,2024-05-21,10,小児科,2
0810241,0,2024,2024-06-06,10,小児科,1
0810241,0,2024,2024-06-22,10,小児科,1
0810241,0,2024,2024-04-12,15,心血外,1
0810241,0,2024,2024-07-18,2,脳神内,1
0810266,0,2024,2024-05-16,21,皮膚科,2
0810266,0,2024,2024-05-20,21,皮膚科,2
0810266,0,2024,2024-06-03,21,皮膚科,1
0810282,0,2024,2024-04-26,7,循環内,1
0810282,0,2024,2024-04-30,7,循環内,1
0810282,0,2024,2024-06-24,7,循環内,1
0810282,0,2024,2024-05-20,28,放診断,2
0810282,0,2024,2024-04-29,6,糖尿内,1
0810282,0,2024,2024-05-29,9,脳卒中,2
0810316,0,2024,2024-04-03,26,眼科,1
0810316,0,2024,2024-04-25,26,眼科,1
0810316,0,2024,2024-05-21,26,眼科,2
0810316,0,2024,2024-05-22,26,眼科,2
0810316,0,2024,2024-05-28,26,眼科,2
0810316,0,2024,2024-05-30,26,眼科,2
0810316,0,2024,2024-06-14,26,眼科,1
0810316,0,2024,2024-07-04,26,眼科,1
0810316,0,2024,2024-07-22,26,眼科,1
0810324,0,2024,2024-04-08,26,眼科,2
0810324,0,2024,2024-04-12,26,眼科,1
0810324,0,2024,2024-04-16,26,眼科,1
0810324,0,2024,2024-04-26,26,眼科,3
0810324,0,2024,2024-05-02,26,眼科,2
0810324,0,2024,2024-05-07,26,眼科,2
0810324,0,2024,2024-05-08,26,眼科,2
0810324,0,2024,2024-05-10,26,眼科,2
0810324,0,2024,2024-05-14,26,眼科,2
0810324,0,2024,2024-05-31,26,眼科,2
0810324,0,2024,2024-06-17,26,眼科,2
0810324,0,2024,2024-06-27,26,眼科,1
0810324,0,2024,2024-07-05,26,眼科,1
0810324,0,2024,2024-07-22,26,眼科,1
0810324,0,2024,2024-04-30,6,糖尿内,1
0810365,0,2024,2024-05-02,19,形成外,2
0810365,0,2024,2024-05-15,28,放診断,2
0810365,0,2024,2024-05-22,28,放診断,2
0810365,0,2024,2024-04-22,18,整形外,1
0810365,0,2024,2024-06-15,18,整形外,1
0810365,0,2024,2024-07-01,18,整形外,1
0810365,0,2024,2024-06-14,36,総合診,1
0810373,0,2024,2024-07-03,7,循環内,1
0810373,0,2024,2024-05-29,8,腎臓内,2
0810399,0,2024,2024-06-13,18,整形外,1
0810399,0,2024,2024-06-26,18,整形外,1
0810415,0,2024,2024-07-10,28,放診断,1
0810415,0,2024,2024-04-29,34,救急科,1
0810415,0,2024,2024-05-22,6,糖尿内,2
0810423,0,2024,2024-07-19,15,心血外,1
0810423,0,2024,2024-05-14,28,放診断,2
0810423,0,2024,2024-06-17,28,放診断,1
0810423,0,2024,2024-06-28,28,放診断,1
0810423,0,2024,2024-04-13,6,糖尿内,1
0810423,0,2024,2024-04-24,6,糖尿内,1
0810423,0,2024,2024-04-03,25,耳鼻科,1
0810423,0,2024,2024-07-12,8,腎臓内,1
0810431,0,2024,2024-07-16,17,小児外,1
0810431,0,2024,2024-04-12,10,小児科,1
0810431,0,2024,2024-04-14,10,小児科,1
0810431,0,2024,2024-06-24,10,小児科,1
0810431,0,2024,2024-07-17,10,小児科,1
0810456,0,2024,2024-06-12,10,小児科,1
0810456,0,2024,2024-04-16,28,放診断,1
0810456,0,2024,2024-04-05,25,耳鼻科,1
0810456,0,2024,2024-06-28,25,耳鼻科,1
0810464,0,2024,2024-05-28,7,循環内,2
0810464,0,2024,2024-05-29,7,循環内,2
0810464,0,2024,2024-05-28,15,心血外,2
0810464,0,2024,2024-06-26,15,心血外,1
0810464,0,2024,2024-07-03,15,心血外,1
0810464,0,2024,2024-06-16,14,消化外,1
0810464,0,2024,2024-04-30,6,糖尿内,1
0810464,0,2024,2024-05-22,8,腎臓内,2
0810472,0,2024,2024-04-25,10,小児科,1
0810472,0,2024,2024-05-06,10,小児科,2
0810472,0,2024,2024-05-18,10,小児科,2
0810472,0,2024,2024-06-07,10,小児科,1
0810472,0,2024,2024-06-13,10,小児科,1
0810472,0,2024,2024-06-18,10,小児科,1
0810472,0,2024,2024-07-08,10,小児科,1
0810472,0,2024,2024-07-21,10,小児科,1
0810480,0,2024,2024-05-13,7,循環内,2
0810480,0,2024,2024-06-05,2,脳神内,1
0810498,0,2024,2024-06-05,13,呼吸外,1
0810498,0,2024,2024-05-31,7,循環内,2
0810498,0,2024,2024-04-16,15,心血外,1
0810498,0,2024,2024-05-29,6,糖尿内,2
0810498,0,2024,2024-04-09,2,脳神内,1
0810498,0,2024,2024-06-05,2,脳神内,1
0810498,0,2024,2024-06-17,2,脳神内,1
0810498,0,2024,2024-06-26,2,脳神内,1
0810498,0,2024,2024-06-27,2,脳神内,1
0810498,0,2024,2024-07-22,20,脳神外,1
0810498,0,2024,2024-06-05,8,腎臓内,1
0810506,0,2024,2024-04-05,25,耳鼻科,1
0810506,0,2024,2024-06-05,25,耳鼻科,1
0810506,0,2024,2024-06-24,25,耳鼻科,1
0810506,0,2024,2024-07-19,25,耳鼻科,2
0810514,0,2024,2024-07-05,48,リウ膠,1
0810514,0,2024,2024-04-27,13,呼吸外,1
0810514,0,2024,2024-04-03,28,放診断,1
0810514,0,2024,2024-04-23,28,放診断,1
0810514,0,2024,2024-06-10,28,放診断,1
0810514,0,2024,2024-05-15,22,泌尿器,2
0810514,0,2024,2024-05-22,25,耳鼻科,2
0810514,0,2024,2024-06-12,25,耳鼻科,1
0810514,0,2024,2024-04-05,8,腎臓内,1
0810522,0,2024,2024-05-14,7,循環内,2
0810522,0,2024,2024-05-01,15,心血外,2
0810522,0,2024,2024-04-02,8,腎臓内,1
0810522,0,2024,2024-04-19,8,腎臓内,1
0810522,0,2024,2024-06-21,8,腎臓内,1
0810522,0,2024,2024-06-28,8,腎臓内,2
0810522,0,2024,2024-07-12,8,腎臓内,1
0900279,0,2024,2024-04-12,25,耳鼻科,1
0910074,0,2024,2024-04-26,48,リウ膠,1
0910074,0,2024,2024-05-09,48,リウ膠,2
0910074,0,2024,2024-05-16,48,リウ膠,2
0910074,0,2024,2024-05-30,48,リウ膠,2
0910074,0,2024,2024-07-19,48,リウ膠,1
0910074,0,2024,2024-05-29,16,乳甲外,2
0910074,0,2024,2024-06-12,5,呼吸内,2
0910074,0,2024,2024-07-18,13,呼吸外,1
0910074,0,2024,2024-04-11,7,循環内,1
0910074,0,2024,2024-04-26,7,循環内,1
0910074,0,2024,2024-05-22,7,循環内,2
0910074,0,2024,2024-05-24,7,循環内,4
0910074,0,2024,2024-06-23,7,循環内,1
0910074,0,2024,2024-06-28,7,循環内,1
0910074,0,2024,2024-07-05,7,循環内,1
0910074,0,2024,2024-04-03,15,心血外,1
0910074,0,2024,2024-04-10,15,心血外,1
0910074,0,2024,2024-05-24,15,心血外,2
0910074,0,2024,2024-06-28,15,心血外,1
0910074,0,2024,2024-07-12,15,心血外,1
0910074,0,2024,2024-07-01,28,放診断,1
0910074,0,2024,2024-05-01,34,救急科,2
0910074,0,2024,2024-05-06,34,救急科,2
0910074,0,2024,2024-07-12,34,救急科,1
0910074,0,2024,2024-05-02,18,整形外,2
0910074,0,2024,2024-06-20,18,整形外,1
0910074,0,2024,2024-05-31,22,泌尿器,2
0910074,0,2024,2024-07-17,22,泌尿器,1
0910074,0,2024,2024-04-04,50,消化内,1
0910074,0,2024,2024-04-06,50,消化内,1
0910074,0,2024,2024-04-11,50,消化内,1
0910074,0,2024,2024-05-04,50,消化内,2
0910074,0,2024,2024-05-21,50,消化内,2
0910074,0,2024,2024-05-24,50,消化内,2
0910074,0,2024,2024-06-05,50,消化内,1
0910074,0,2024,2024-06-07,50,消化内,1
0910074,0,2024,2024-06-20,50,消化内,1
0910074,0,2024,2024-06-26,50,消化内,1
0910074,0,2024,2024-07-01,50,消化内,1
0910074,0,2024,2024-07-20,50,消化内,1
0910074,0,2024,2024-04-04,14,消化外,1
0910074,0,2024,2024-05-29,14,消化外,2
0910074,0,2024,2024-07-01,14,消化外,1
0910074,0,2024,2024-04-08,21,皮膚科,1
0910074,0,2024,2024-06-03,26,眼科,1
0910074,0,2024,2024-04-24,6,糖尿内,1
0910074,0,2024,2024-04-12,25,耳鼻科,1
0910074,0,2024,2024-05-08,25,耳鼻科,2
0910074,0,2024,2024-05-18,25,耳鼻科,2
0910074,0,2024,2024-06-06,25,耳鼻科,1
0910074,0,2024,2024-06-07,25,耳鼻科,1
0910074,0,2024,2024-07-03,25,耳鼻科,1
0910074,0,2024,2024-07-10,25,耳鼻科,1
0910074,0,2024,2024-04-22,9,脳卒中,1
0910074,0,2024,2024-05-24,9,脳卒中,2
0910074,0,2024,2024-07-10,9,脳卒中,1
0910074,0,2024,2024-05-08,2,脳神内,2
0910074,0,2024,2024-04-12,8,腎臓内,1
0910074,0,2024,2024-04-19,8,腎臓内,1
0910074,0,2024,2024-04-24,8,腎臓内,1
0910074,0,2024,2024-04-25,8,腎臓内,1
0910074,0,2024,2024-04-26,8,腎臓内,2
0910074,0,2024,2024-05-10,8,腎臓内,4
0910074,0,2024,2024-05-17,8,腎臓内,2
0910074,0,2024,2024-05-24,8,腎臓内,6
0910074,0,2024,2024-06-13,8,腎臓内,1
0910074,0,2024,2024-06-17,8,腎臓内,1
0910074,0,2024,2024-06-21,8,腎臓内,1
0910074,0,2024,2024-06-28,8,腎臓内,2
0910074,0,2024,2024-07-05,8,腎臓内,2
0910074,0,2024,2024-07-10,8,腎臓内,1
0910074,0,2024,2024-07-12,8,腎臓内,1
0910074,0,2024,2024-04-08,1,血液内,1
0910082,0,2024,2024-06-24,25,耳鼻科,1
0910173,0,2024,2024-05-30,8,腎臓内,2
0910199,0,2024,2024-05-03,19,形成外,2
0910199,0,2024,2024-07-09,19,形成外,1
0910199,0,2024,2024-04-26,7,循環内,1
0910199,0,2024,2024-06-14,7,循環内,1
0910199,0,2024,2024-07-19,7,循環内,1
0910199,0,2024,2024-07-06,28,放診断,1
0910199,0,2024,2024-05-15,34,救急科,2
0910199,0,2024,2024-06-03,18,整形外,1
0910199,0,2024,2024-07-18,32,歯口外,1
0910199,0,2024,2024-05-11,22,泌尿器,2
0910199,0,2024,2024-06-25,22,泌尿器,1
0910199,0,2024,2024-07-10,22,泌尿器,1
0910199,0,2024,2024-07-03,21,皮膚科,1
0910199,0,2024,2024-06-20,9,脳卒中,1
0910199,0,2024,2024-06-26,9,脳卒中,1
0910199,0,2024,2024-04-24,8,腎臓内,1
0910199,0,2024,2024-07-03,8,腎臓内,1
0910199,0,2024,2024-07-05,8,腎臓内,1
0910199,0,2024,2024-07-19,8,腎臓内,1
0910199,0,2024,2024-04-01,27,臨腫瘍,1
0910207,0,2024,2024-06-21,16,乳甲外,1
0910207,0,2024,2024-04-24,7,循環内,1
0910207,0,2024,2024-07-16,7,循環内,1
0910214,0,2024,2024-06-05,10,小児科,1
0910214,0,2024,2024-05-14,6,糖尿内,2
0910215,0,2024,2024-04-03,13,呼吸外,1
0910215,0,2024,2024-06-28,13,呼吸外,1
0910215,0,2024,2024-07-16,13,呼吸外,1
0910215,0,2024,2024-07-22,10,小児科,1
0910215,0,2024,2024-07-01,22,泌尿器,1
0910215,0,2024,2024-06-19,50,消化内,1
0910249,0,2024,2024-05-18,13,呼吸外,2
0910249,0,2024,2024-04-02,7,循環内,1
0910249,0,2024,2024-05-17,7,循環内,2
0910249,0,2024,2024-07-03,7,循環内,1
0910249,0,2024,2024-06-07,15,心血外,1
0910264,0,2024,2024-04-25,18,整形外,1
0910297,0,2024,2024-05-17,8,腎臓内,2
0910306,0,2024,2024-04-03,26,眼科,1
0910306,0,2024,2024-04-05,26,眼科,1
0910306,0,2024,2024-04-08,26,眼科,1
0910306,0,2024,2024-04-11,26,眼科,1
0910306,0,2024,2024-04-17,26,眼科,1
0910306,0,2024,2024-05-08,26,眼科,2
0910306,0,2024,2024-05-10,26,眼科,2
0910306,0,2024,2024-05-15,26,眼科,2
0910306,0,2024,2024-05-24,26,眼科,2
0910306,0,2024,2024-06-06,26,眼科,1
0910306,0,2024,2024-06-14,26,眼科,1
0910306,0,2024,2024-06-15,26,眼科,1
0910306,0,2024,2024-07-03,26,眼科,1
0911170,0,2024,2024-06-11,26,眼科,1
0911345,0,2024,2024-04-19,7,循環内,1
0911345,0,2024,2024-07-12,7,循環内,1
0911634,0,2024,2024-04-10,22,泌尿器,1
0911691,0,2024,2024-07-05,25,耳鼻科,1
0911733,0,2024,2024-04-12,15,心血外,1
1000418,0,2024,2024-04-12,32,歯口外,1
1000418,0,2024,2024-05-10,32,歯口外,2
1000651,0,2024,2024-04-05,25,耳鼻科,1
1010060,0,2024,2024-07-10,32,歯口外,1
1010064,0,2024,2024-04-30,13,呼吸外,1
1010064,0,2024,2024-04-30,10,小児科,1
1010064,0,2024,2024-06-14,10,小児科,1
1010064,0,2024,2024-04-23,7,循環内,1
1010064,0,2024,2024-05-17,7,循環内,2
1010064,0,2024,2024-06-14,7,循環内,1
1010064,0,2024,2024-05-07,15,心血外,2
1010064,0,2024,2024-05-15,15,心血外,2
1010064,0,2024,2024-06-05,28,放診断,1
1010064,0,2024,2024-06-13,28,放診断,1
1010064,0,2024,2024-07-19,34,救急科,1
1010064,0,2024,2024-04-16,22,泌尿器,1
1010064,0,2024,2024-05-31,22,泌尿器,2
1010064,0,2024,2024-07-10,22,泌尿器,1
1010064,0,2024,2024-04-17,50,消化内,1
1010064,0,2024,2024-06-03,21,皮膚科,1
1010064,0,2024,2024-04-15,26,眼科,1
1010064,0,2024,2024-04-22,26,眼科,1
1010064,0,2024,2024-07-11,26,眼科,1
1010064,0,2024,2024-06-28,6,糖尿内,1
1010064,0,2024,2024-05-02,25,耳鼻科,2
1010064,0,2024,2024-07-12,2,脳神内,1
1010064,0,2024,2024-04-22,20,脳神外,1
1010064,0,2024,2024-05-30,8,腎臓内,2
1010064,0,2024,2024-04-08,1,血液内,1
1010171,0,2024,2024-04-05,7,循環内,1
1010171,0,2024,2024-05-10,7,循環内,2
1010171,0,2024,2024-05-24,7,循環内,2
1010171,0,2024,2024-05-31,7,循環内,2
1010171,0,2024,2024-06-14,7,循環内,1
1010171,0,2024,2024-06-30,18,整形外,1
1010171,0,2024,2024-04-26,2,脳神内,1
1010171,0,2024,2024-07-19,8,腎臓内,1
1010239,0,2024,2024-05-07,31,リハ,2
1010239,0,2024,2024-04-11,7,循環内,1
1010239,0,2024,2024-06-27,50,消化内,1
1010239,0,2024,2024-07-03,36,総合診,1
1010239,0,2024,2024-05-22,8,腎臓内,2
1010239,0,2024,2024-05-15,27,臨腫瘍,2
1010239,0,2024,2024-05-17,1,血液内,2
1010247,0,2024,2024-04-11,26,眼科,1
1010247,0,2024,2024-05-07,26,眼科,2
1010247,0,2024,2024-05-23,26,眼科,2
1010247,0,2024,2024-05-27,26,眼科,2
1010247,0,2024,2024-06-10,26,眼科,1
1010247,0,2024,2024-06-14,26,眼科,1
1010247,0,2024,2024-07-18,26,眼科,1
1010254,0,2024,2024-05-01,18,整形外,2
1010254,0,2024,2024-04-04,21,皮膚科,1
1010254,0,2024,2024-04-05,21,皮膚科,1
1010254,0,2024,2024-05-16,21,皮膚科,2
1010254,0,2024,2024-05-29,21,皮膚科,2
1010254,0,2024,2024-04-11,2,脳神内,1
1010254,0,2024,2024-05-09,2,脳神内,2
1010254,0,2024,2024-06-14,2,脳神内,1
1010254,0,2024,2024-06-20,2,脳神内,1
1010254,0,2024,2024-04-03,8,腎臓内,1
1010254,0,2024,2024-05-29,8,腎臓内,2
1010254,0,2024,2024-04-18,1,血液内,1
1010262,0,2024,2024-06-07,12,心療科,1
1010270,0,2024,2024-04-17,6,糖尿内,1
1010270,0,2024,2024-05-07,2,脳神内,2
1010270,0,2024,2024-05-24,8,腎臓内,2
1010270,0,2024,2024-06-21,8,腎臓内,1
1010288,0,2024,2024-04-26,48,リウ膠,1
1010288,0,2024,2024-04-23,16,乳甲外,1
1010288,0,2024,2024-05-27,16,乳甲外,2
1010288,0,2024,2024-04-27,5,呼吸内,1
1010288,0,2024,2024-04-02,19,形成外,1
1010288,0,2024,2024-04-19,7,循環内,1
1010288,0,2024,2024-04-24,7,循環内,1
1010288,0,2024,2024-05-15,7,循環内,2
1010288,0,2024,2024-05-24,7,循環内,2
1010288,0,2024,2024-05-29,7,循環内,2
1010288,0,2024,2024-07-16,7,循環内,1
1010288,0,2024,2024-06-07,15,心血外,1
1010288,0,2024,2024-05-11,34,救急科,2
1010288,0,2024,2024-07-01,34,救急科,1
1010288,0,2024,2024-04-15,18,整形外,1
1010288,0,2024,2024-05-23,18,整形外,2
1010288,0,2024,2024-05-25,18,整形外,2
1010288,0,2024,2024-06-18,18,整形外,2
1010288,0,2024,2024-06-22,18,整形外,1
1010288,0,2024,2024-06-30,18,整形外,1
1010288,0,2024,2024-05-02,22,泌尿器,2
1010288,0,2024,2024-04-17,50,消化内,1
1010288,0,2024,2024-06-10,50,消化内,1
1010288,0,2024,2024-06-21,50,消化内,1
1010288,0,2024,2024-06-28,50,消化内,1
1010288,0,2024,2024-04-18,14,消化外,1
1010288,0,2024,2024-05-31,14,消化外,2
1010288,0,2024,2024-06-26,25,耳鼻科,1
1010288,0,2024,2024-05-09,9,脳卒中,2
1010288,0,2024,2024-06-26,9,脳卒中,1
1010288,0,2024,2024-06-10,2,脳神内,1
1010288,0,2024,2024-04-16,20,脳神外,1
1010288,0,2024,2024-07-09,20,脳神外,1
1010288,0,2024,2024-04-30,8,腎臓内,1
1010288,0,2024,2024-06-05,8,腎臓内,1
1010288,0,2024,2024-06-25,1,血液内,1
1010296,0,2024,2024-04-15,9,脳卒中,1
1010296,0,2024,2024-05-24,8,腎臓内,2
1010296,0,2024,2024-06-14,8,腎臓内,1
1010296,0,2024,2024-07-05,8,腎臓内,1
1110054,0,2024,2024-05-13,10,小児科,2
1110079,0,2024,2024-04-16,43,産婦人,1
1110079,0,2024,2024-05-01,43,産婦人,2
1110079,0,2024,2024-07-10,43,産婦人,1
1110111,0,2024,2024-04-18,48,リウ膠,1
1110111,0,2024,2024-06-04,48,リウ膠,1
1110111,0,2024,2024-06-19,48,リウ膠,2
1110111,0,2024,2024-06-27,48,リウ膠,1
1110111,0,2024,2024-07-04,48,リウ膠,1
1110111,0,2024,2024-07-12,48,リウ膠,1
1110111,0,2024,2024-07-02,16,乳甲外,2
1110111,0,2024,2024-04-23,19,形成外,1
1110111,0,2024,2024-05-02,34,救急科,2
1110111,0,2024,2024-05-14,14,消化外,2
1110111,0,2024,2024-04-17,43,産婦人,1
1110111,0,2024,2024-07-14,6,糖尿内,1
1110111,0,2024,2024-06-20,2,脳神内,1
1110111,0,2024,2024-06-20,20,脳神外,1
1110343,0,2024,2024-07-19,15,心血外,1
1110509,0,2024,2024-05-09,34,救急科,2
1110574,0,2024,2024-04-05,7,循環内,1
1110574,0,2024,2024-06-21,7,循環内,1
1110756,0,2024,2024-07-12,48,リウ膠,1
1110830,0,2024,2024-07-12,48,リウ膠,1
1111325,0,2024,2024-07-19,26,眼科,1
1111549,0,2024,2024-04-25,18,整形外,1
1111788,0,2024,2024-05-27,21,皮膚科,2
1111796,0,2024,2024-06-14,7,循環内,1
1111812,0,2024,2024-07-04,48,リウ膠,1
1111879,0,2024,2024-07-19,18,整形外,1
1111895,0,2024,2024-04-16,14,消化外,1
1111895,0,2024,2024-05-21,2,脳神内,2
1112067,0,2024,2024-07-03,16,乳甲外,1
1112067,0,2024,2024-06-19,15,心血外,1
1112067,0,2024,2024-07-05,15,心血外,1
1112067,0,2024,2024-07-12,15,心血外,1
1112067,0,2024,2024-07-19,15,心血外,2
1112067,0,2024,2024-04-22,18,整形外,1
1112067,0,2024,2024-04-26,50,消化内,1
1112067,0,2024,2024-05-15,43,産婦人,2
1112067,0,2024,2024-06-26,1,血液内,1
1112075,0,2024,2024-06-05,48,リウ膠,1
1112091,0,2024,2024-06-30,31,リハ,1
1112125,0,2024,2024-07-22,25,耳鼻科,1
1112190,0,2024,2024-05-17,8,腎臓内,2
1112240,0,2024,2024-06-27,48,リウ膠,1
1112299,0,2024,2024-04-22,26,眼科,1
1112307,0,2024,2024-06-19,22,泌尿器,1
1200038,0,2024,2024-07-19,34,救急科,1
1200042,0,2024,2024-04-16,32,歯口外,1
1210011,0,2024,2024-07-08,25,耳鼻科,1
1210128,0,2024,2024-06-10,18,整形外,1
1210128,0,2024,2024-06-18,18,整形外,2
1210128,0,2024,2024-07-23,18,整形外,1
1310018,0,2024,2024-04-19,1,血液内,1
1310448,0,2024,2024-06-28,13,呼吸外,1
1310448,0,2024,2024-06-07,26,眼科,1
1310448,0,2024,2024-05-10,20,脳神外,2
1310471,0,2024,2024-06-19,15,心血外,1
1310513,0,2024,2024-06-19,48,リウ膠,1
1310513,0,2024,2024-07-19,50,消化内,1
1310513,0,2024,2024-07-18,1,血液内,1
1400026,0,2024,2024-04-03,25,耳鼻科,1
1400026,0,2024,2024-07-13,25,耳鼻科,1
1400026,0,2024,2024-07-17,20,脳神外,1
1400042,0,2024,2024-07-01,7,循環内,1
1410017,0,2024,2024-04-15,26,眼科,1
1410017,0,2024,2024-07-10,26,眼科,1
1410017,0,2024,2024-07-13,26,眼科,1
1410033,0,2024,2024-05-30,48,リウ膠,2
1410033,0,2024,2024-06-05,2,脳神内,1
1410066,0,2024,2024-05-09,15,心血外,2
1410066,0,2024,2024-05-14,15,心血外,2
1410066,0,2024,2024-07-03,15,心血外,1
1410066,0,2024,2024-07-12,15,心血外,1
1410066,0,2024,2024-07-22,18,整形外,1
1410066,0,2024,2024-05-03,50,消化内,2
1410066,0,2024,2024-04-17,43,産婦人,1
1410066,0,2024,2024-07-11,43,産婦人,1
1410066,0,2024,2024-07-05,2,脳神内,1
1410066,0,2024,2024-04-19,8,腎臓内,1
1410066,0,2024,2024-04-24,8,腎臓内,1
1510583,0,2024,2024-04-30,50,消化内,1
1510849,0,2024,2024-04-17,6,糖尿内,1
1511219,0,2024,2024-07-18,48,リウ膠,1
1511219,0,2024,2024-05-15,7,循環内,2
1511219,0,2024,2024-04-13,34,救急科,1
1511276,0,2024,2024-04-25,48,リウ膠,1
1511276,0,2024,2024-05-29,48,リウ膠,2
1511276,0,2024,2024-07-22,48,リウ膠,1
1511276,0,2024,2024-05-07,16,乳甲外,2
1511276,0,2024,2024-06-20,16,乳甲外,1
1511276,0,2024,2024-07-16,16,乳甲外,1
1511276,0,2024,2024-05-22,17,小児外,2
1511276,0,2024,2024-06-08,17,小児外,1
1511276,0,2024,2024-05-17,10,小児科,2
1511276,0,2024,2024-05-01,19,形成外,2
1511276,0,2024,2024-05-22,12,心療科,2
1511276,0,2024,2024-06-28,15,心血外,1
1511276,0,2024,2024-05-02,34,救急科,2
1511276,0,2024,2024-06-19,34,救急科,1
1511276,0,2024,2024-04-10,43,産婦人,1
1511276,0,2024,2024-04-01,2,脳神内,1
1511276,0,2024,2024-05-13,2,脳神内,2
1511276,0,2024,2024-06-28,2,脳神内,1
1511276,0,2024,2024-07-11,2,脳神内,1
1511276,0,2024,2024-05-17,8,腎臓内,2
1511276,0,2024,2024-05-29,1,血液内,2
1511334,0,2024,2024-05-15,48,リウ膠,2
1511398,0,2024,2024-05-09,6,糖尿内,2
1511797,0,2024,2024-07-19,25,耳鼻科,1
1511912,0,2024,2024-07-04,12,心療科,1
1512001,0,2024,2024-05-30,34,救急科,4
1512258,0,2024,2024-04-25,48,リウ膠,1
1512258,0,2024,2024-05-08,48,リウ膠,2
1512258,0,2024,2024-05-23,48,リウ膠,2
1512258,0,2024,2024-06-21,48,リウ膠,1
1512258,0,2024,2024-07-10,48,リウ膠,1
1512258,0,2024,2024-07-19,48,リウ膠,1
1512258,0,2024,2024-07-08,19,形成外,1
1512258,0,2024,2024-04-12,7,循環内,1
1512258,0,2024,2024-06-04,28,放診断,1
1512258,0,2024,2024-07-12,50,消化内,1
1512258,0,2024,2024-04-19,21,皮膚科,1
1512258,0,2024,2024-06-06,21,皮膚科,1
1512480,0,2024,2024-05-18,7,循環内,2
1512480,0,2024,2024-07-04,8,腎臓内,1
1512654,0,2024,2024-06-06,6,糖尿内,1
1512654,0,2024,2024-06-12,6,糖尿内,1
1512654,0,2024,2024-07-04,2,脳神内,1
1512811,0,2024,2024-06-04,22,泌尿器,1
1512829,0,2024,2024-06-12,19,形成外,1
1512829,0,2024,2024-05-01,18,整形外,2
1512829,0,2024,2024-05-28,36,総合診,2
1512829,0,2024,2024-06-07,2,脳神内,1
1512829,0,2024,2024-05-28,20,脳神外,2
1512829,0,2024,2024-06-11,20,脳神外,1
1512829,0,2024,2024-07-19,20,脳神外,1
1512894,0,2024,2024-05-30,50,消化内,2
1512977,0,2024,2024-04-02,18,整形外,1
1512977,0,2024,2024-04-15,18,整形外,1
1512977,0,2024,2024-04-04,14,消化外,1
1512977,0,2024,2024-04-04,43,産婦人,1
1512977,0,2024,2024-05-28,36,総合診,2
1513017,0,2024,2024-07-15,34,救急科,1
1513017,0,2024,2024-07-04,9,脳卒中,1
1513223,0,2024,2024-07-17,2,脳神内,1
1513249,0,2024,2024-07-17,2,脳神内,1
1513488,0,2024,2024-05-29,18,整形外,2
1513504,0,2024,2024-04-23,7,循環内,1
1513579,0,2024,2024-05-15,8,腎臓内,2
1513678,0,2024,2024-04-17,1,血液内,1
1513686,0,2024,2024-06-06,12,心療科,1
1513751,0,2024,2024-06-10,21,皮膚科,1
1513751,0,2024,2024-05-18,26,眼科,2
1513751,0,2024,2024-05-29,26,眼科,2
1513801,0,2024,2024-06-15,18,整形外,1
1513801,0,2024,2024-04-10,8,腎臓内,1
1514049,0,2024,2024-06-01,18,整形外,1
1514049,0,2024,2024-06-07,18,整形外,1
1514049,0,2024,2024-06-11,18,整形外,1
1514049,0,2024,2024-07-18,20,脳神外,1
1514122,0,2024,2024-05-31,8,腎臓内,2
1514189,0,2024,2024-04-23,19,形成外,1
1514189,0,2024,2024-06-27,19,形成外,1
1514304,0,2024,2024-05-08,43,産婦人,2
1514312,0,2024,2024-04-05,15,心血外,1
1514312,0,2024,2024-05-22,15,心血外,2
1514320,0,2024,2024-05-18,13,呼吸外,2
1514320,0,2024,2024-07-20,13,呼吸外,1
1514486,0,2024,2024-07-09,26,眼科,1
1514486,0,2024,2024-07-18,26,眼科,1
1514577,0,2024,2024-04-10,21,皮膚科,1
1514577,0,2024,2024-04-06,6,糖尿内,1
1514601,0,2024,2024-05-13,18,整形外,2
1514601,0,2024,2024-04-10,2,脳神内,1
1514601,0,2024,2024-04-19,2,脳神内,1
1514601,0,2024,2024-05-30,2,脳神内,2
1514601,0,2024,2024-05-17,20,脳神外,2
1514635,0,2024,2024-07-20,12,心療科,1
1514684,0,2024,2024-06-19,26,眼科,1
1514866,0,2024,2024-05-15,19,形成外,2
1515061,0,2024,2024-06-07,25,耳鼻科,1
1515111,0,2024,2024-04-11,8,腎臓内,1
1515277,0,2024,2024-04-10,8,腎臓内,1
1515277,0,2024,2024-05-15,8,腎臓内,2
1515293,0,2024,2024-04-12,26,眼科,1
1515293,0,2024,2024-04-26,26,眼科,1
1515293,0,2024,2024-05-10,26,眼科,2
1515293,0,2024,2024-05-22,26,眼科,2
1515293,0,2024,2024-05-24,26,眼科,2
1515293,0,2024,2024-07-02,26,眼科,1
1515293,0,2024,2024-07-19,26,眼科,1
1515319,0,2024,2024-06-24,16,乳甲外,1
1515319,0,2024,2024-07-08,16,乳甲外,1
1515624,0,2024,2024-07-04,20,脳神外,1
1515632,0,2024,2024-07-18,5,呼吸内,1
1515699,0,2024,2024-07-18,5,呼吸内,1
1515764,0,2024,2024-07-23,18,整形外,1
1515848,0,2024,2024-06-22,48,リウ膠,1
1515848,0,2024,2024-06-18,36,総合診,1
1515848,0,2024,2024-04-17,2,脳神内,1
1515848,0,2024,2024-04-05,8,腎臓内,1
1515848,0,2024,2024-05-24,8,腎臓内,2
1515848,0,2024,2024-06-21,8,腎臓内,1
1515863,0,2024,2024-04-26,8,腎臓内,1
1515939,0,2024,2024-05-13,31,リハ,2
1515988,0,2024,2024-07-19,7,循環内,1
1516051,0,2024,2024-07-18,14,消化外,1
1516051,0,2024,2024-05-27,2,脳神内,2
1516101,0,2024,2024-04-24,26,眼科,1
1516101,0,2024,2024-07-10,26,眼科,1
1516168,0,2024,2024-04-02,26,眼科,1
1516192,0,2024,2024-05-29,26,眼科,2
1516309,0,2024,2024-07-04,19,形成外,1
1516317,0,2024,2024-05-11,18,整形外,2
1516317,0,2024,2024-07-09,18,整形外,1
1516325,0,2024,2024-06-12,19,形成外,1
1516325,0,2024,2024-05-27,50,消化内,2
1516341,0,2024,2024-05-13,21,皮膚科,2
1516424,0,2024,2024-04-16,43,産婦人,1
1516424,0,2024,2024-05-15,43,産婦人,2
1516424,0,2024,2024-06-04,43,産婦人,1
1516424,0,2024,2024-06-09,43,産婦人,1
1516424,0,2024,2024-07-03,43,産婦人,1
1516424,0,2024,2024-07-22,43,産婦人,1
1516424,0,2024,2024-05-09,6,糖尿内,2
1516473,0,2024,2024-06-13,19,形成外,1
1516481,0,2024,2024-05-13,8,腎臓内,2
1516531,0,2024,2024-04-16,2,脳神内,1
1516572,0,2024,2024-05-24,25,耳鼻科,2
1516572,0,2024,2024-06-03,25,耳鼻科,1
1516606,0,2024,2024-05-13,8,腎臓内,2
1532492,0,2024,2024-04-10,32,歯口外,1
1600054,0,2024,2024-06-06,17,小児外,1
1600054,0,2024,2024-04-23,10,小児科,1
1600068,0,2024,2024-04-11,32,歯口外,1
1610020,0,2024,2024-04-25,7,循環内,1
1610020,0,2024,2024-06-24,7,循環内,1
1610020,0,2024,2024-07-03,50,消化内,1
1610020,0,2024,2024-05-10,8,腎臓内,2
1610020,0,2024,2024-06-20,8,腎臓内,1
1710639,0,2024,2024-04-08,48,リウ膠,1
1710720,0,2024,2024-04-01,48,リウ膠,1
1910809,0,2024,2024-04-17,16,乳甲外,1
2110194,0,2024,2024-07-22,2,脳神内,1
2210119,0,2024,2024-05-27,34,救急科,2
2210242,0,2024,2024-04-10,50,消化内,1
2210267,0,2024,2024-05-23,13,呼吸外,2
2210267,0,2024,2024-07-13,13,呼吸外,1
2210408,0,2024,2024-05-24,15,心血外,2
2210408,0,2024,2024-06-27,6,糖尿内,1
2210408,0,2024,2024-07-17,2,脳神内,1
2210432,0,2024,2024-04-03,15,心血外,1
2300829,0,2024,2024-04-26,8,腎臓内,1
2300829,0,2024,2024-05-08,8,腎臓内,2
2300829,0,2024,2024-06-12,8,腎臓内,1
2310125,0,2024,2024-07-02,18,整形外,1
2310208,0,2024,2024-04-23,14,消化外,1
2310224,0,2024,2024-05-31,12,心療科,2
2410123,0,2024,2024-07-10,2,脳神内,1
2510039,0,2024,2024-06-22,13,呼吸外,1
2510039,0,2024,2024-07-19,13,呼吸外,1
2510039,0,2024,2024-04-08,8,腎臓内,1
2510039,0,2024,2024-04-24,8,腎臓内,1
2510039,0,2024,2024-06-19,8,腎臓内,1
2510047,0,2024,2024-06-19,15,心血外,1
2510047,0,2024,2024-07-05,2,脳神内,1
2510062,0,2024,2024-04-24,13,呼吸外,1
2510062,0,2024,2024-06-15,13,呼吸外,1
2510062,0,2024,2024-07-20,13,呼吸外,1
2511465,0,2024,2024-05-16,12,心療科,2
2600364,0,2024,2024-04-04,32,歯口外,1
2600364,0,2024,2024-04-16,32,歯口外,1
2600364,0,2024,2024-05-30,32,歯口外,2
2600364,0,2024,2024-06-26,32,歯口外,1
2600364,0,2024,2024-06-27,32,歯口外,1
2600364,0,2024,2024-07-11,32,歯口外,1
2600364,0,2024,2024-07-17,32,歯口外,1
2600406,0,2024,2024-07-11,32,歯口外,1
2600414,0,2024,2024-06-11,32,歯口外,1
2600657,0,2024,2024-07-01,2,脳神内,1
2600657,0,2024,2024-05-18,20,脳神外,2
2600723,0,2024,2024-04-02,26,眼科,2
2600723,0,2024,2024-04-04,26,眼科,2
2600723,0,2024,2024-04-12,26,眼科,1
2600723,0,2024,2024-04-18,26,眼科,1
2600723,0,2024,2024-04-23,26,眼科,1
2600723,0,2024,2024-04-24,26,眼科,1
2600723,0,2024,2024-04-25,26,眼科,2
2600723,0,2024,2024-05-07,26,眼科,2
2600723,0,2024,2024-05-14,26,眼科,2
2600723,0,2024,2024-05-16,26,眼科,2
2600723,0,2024,2024-05-23,26,眼科,4
2600723,0,2024,2024-06-06,26,眼科,1
2600723,0,2024,2024-06-11,26,眼科,1
2600723,0,2024,2024-06-13,26,眼科,2
2600723,0,2024,2024-06-19,26,眼科,1
2600723,0,2024,2024-06-20,26,眼科,1
2600723,0,2024,2024-06-25,26,眼科,1
2600723,0,2024,2024-06-27,26,眼科,4
2600723,0,2024,2024-07-04,26,眼科,1
2600723,0,2024,2024-07-16,26,眼科,1
2600723,0,2024,2024-07-18,26,眼科,3
2610102,0,2024,2024-04-20,48,リウ膠,1
2610102,0,2024,2024-04-05,7,循環内,1
2610102,0,2024,2024-05-18,7,循環内,2
2610102,0,2024,2024-06-25,28,放診断,1
2610102,0,2024,2024-05-31,8,腎臓内,2
2610102,0,2024,2024-06-26,8,腎臓内,2
2610128,0,2024,2024-04-08,5,呼吸内,1
2610128,0,2024,2024-05-22,13,呼吸外,2
2610128,0,2024,2024-05-01,7,循環内,2
2610128,0,2024,2024-05-10,7,循環内,2
2610128,0,2024,2024-05-15,7,循環内,2
2610128,0,2024,2024-05-17,7,循環内,2
2610128,0,2024,2024-06-07,7,循環内,1
2610128,0,2024,2024-07-17,7,循環内,1
2610128,0,2024,2024-04-12,15,心血外,1
2610128,0,2024,2024-07-01,34,救急科,1
2610128,0,2024,2024-06-10,14,消化外,1
2610128,0,2024,2024-06-20,21,皮膚科,1
2610128,0,2024,2024-06-07,20,脳神外,1
2610128,0,2024,2024-05-10,8,腎臓内,2
2610128,0,2024,2024-05-29,8,腎臓内,2
2610128,0,2024,2024-07-10,8,腎臓内,1
2610128,0,2024,2024-07-19,8,腎臓内,1
2610128,0,2024,2024-07-11,1,血液内,1
2610144,0,2024,2024-05-24,31,リハ,2
2610144,0,2024,2024-06-21,16,乳甲外,1
2610144,0,2024,2024-07-10,16,乳甲外,1
2610144,0,2024,2024-05-11,7,循環内,4
2610144,0,2024,2024-06-05,7,循環内,1
2610144,0,2024,2024-07-22,7,循環内,1
2610144,0,2024,2024-05-24,15,心血外,2
2610144,0,2024,2024-06-07,15,心血外,1
2610144,0,2024,2024-04-16,50,消化内,1
2610144,0,2024,2024-04-25,36,総合診,1
2610144,0,2024,2024-06-11,36,総合診,1
2610144,0,2024,2024-05-15,9,脳卒中,2
2610144,0,2024,2024-06-11,9,脳卒中,1
2610144,0,2024,2024-06-06,2,脳神内,1
2610144,0,2024,2024-04-12,8,腎臓内,1
2610144,0,2024,2024-07-05,8,腎臓内,1
2610169,0,2024,2024-04-05,34,救急科,1
2610169,0,2024,2024-04-19,34,救急科,1
2610169,0,2024,2024-04-26,21,皮膚科,1
2610169,0,2024,2024-05-16,21,皮膚科,2
2610169,0,2024,2024-04-10,25,耳鼻科,1
2610169,0,2024,2024-05-27,25,耳鼻科,2
2610169,0,2024,2024-06-20,25,耳鼻科,1
2610177,0,2024,2024-07-22,7,循環内,1
2610177,0,2024,2024-04-15,34,救急科,1
2610177,0,2024,2024-05-13,34,救急科,2
2610177,0,2024,2024-07-14,34,救急科,1
2610177,0,2024,2024-04-18,18,整形外,1
2610177,0,2024,2024-05-09,18,整形外,2
2610177,0,2024,2024-05-11,18,整形外,2
2610177,0,2024,2024-06-09,18,整形外,1
2610177,0,2024,2024-06-11,18,整形外,1
2610177,0,2024,2024-06-13,18,整形外,1
2610177,0,2024,2024-06-21,18,整形外,1
2610177,0,2024,2024-07-05,18,整形外,1
2610177,0,2024,2024-07-18,14,消化外,1
2700412,0,2024,2024-04-17,32,歯口外,1
2700412,0,2024,2024-05-24,25,耳鼻科,2
2700495,0,2024,2024-04-11,32,歯口外,1
2700495,0,2024,2024-06-17,32,歯口外,1
2700511,0,2024,2024-04-17,32,歯口外,1
2700511,0,2024,2024-04-18,32,歯口外,1
2700537,0,2024,2024-04-24,32,歯口外,1
2700747,0,2024,2024-04-24,8,腎臓内,1
2700747,0,2024,2024-05-22,8,腎臓内,2
2700747,0,2024,2024-06-19,8,腎臓内,1
2700747,0,2024,2024-07-17,8,腎臓内,1
2700770,0,2024,2024-07-19,7,循環内,1
2700770,0,2024,2024-06-30,34,救急科,1
2710018,0,2024,2024-06-09,18,整形外,1
2710019,0,2024,2024-04-03,16,乳甲外,1
2710019,0,2024,2024-06-19,16,乳甲外,1
2710019,0,2024,2024-06-27,16,乳甲外,1
2710019,0,2024,2024-07-22,16,乳甲外,1
2710019,0,2024,2024-04-03,13,呼吸外,1
2710019,0,2024,2024-05-18,13,呼吸外,2
2710019,0,2024,2024-05-25,13,呼吸外,2
2710019,0,2024,2024-06-29,13,呼吸外,1
2710019,0,2024,2024-07-20,13,呼吸外,1
2710019,0,2024,2024-05-29,7,循環内,2
2710019,0,2024,2024-05-31,7,循環内,2
2710019,0,2024,2024-07-01,7,循環内,2
2710019,0,2024,2024-05-24,15,心血外,2
2710019,0,2024,2024-04-22,34,救急科,1
2710019,0,2024,2024-04-23,34,救急科,1
2710019,0,2024,2024-07-21,34,救急科,1
2710019,0,2024,2024-04-18,18,整形外,1
2710019,0,2024,2024-06-24,18,整形外,1
2710019,0,2024,2024-07-03,18,整形外,1
2710019,0,2024,2024-05-24,22,泌尿器,2
2710019,0,2024,2024-04-06,50,消化内,1
2710019,0,2024,2024-04-10,50,消化内,1
2710019,0,2024,2024-04-13,50,消化内,1
2710019,0,2024,2024-04-15,50,消化内,1
2710019,0,2024,2024-04-17,50,消化内,1
2710019,0,2024,2024-05-13,50,消化内,2
2710019,0,2024,2024-05-17,50,消化内,2
2710019,0,2024,2024-06-14,50,消化内,1
2710019,0,2024,2024-07-10,50,消化内,1
2710019,0,2024,2024-07-19,50,消化内,1
2710019,0,2024,2024-04-04,21,皮膚科,1
2710019,0,2024,2024-05-07,21,皮膚科,2
2710019,0,2024,2024-05-16,21,皮膚科,2
2710019,0,2024,2024-06-10,21,皮膚科,1
2710019,0,2024,2024-06-13,21,皮膚科,1
2710019,0,2024,2024-06-19,21,皮膚科,1
2710019,0,2024,2024-06-26,21,皮膚科,2
2710019,0,2024,2024-06-13,9,脳卒中,1
2710019,0,2024,2024-07-10,9,脳卒中,1
2710019,0,2024,2024-05-02,2,脳神内,2
2710019,0,2024,2024-06-14,20,脳神外,1
2710019,0,2024,2024-04-19,8,腎臓内,1
2710019,0,2024,2024-04-26,8,腎臓内,1
2710019,0,2024,2024-05-01,8,腎臓内,2
2710019,0,2024,2024-05-10,8,腎臓内,2
2710019,0,2024,2024-05-24,8,腎臓内,2
2710019,0,2024,2024-06-21,8,腎臓内,1
2710019,0,2024,2024-07-19,8,腎臓内,2
2710019,0,2024,2024-05-20,27,臨腫瘍,2
2710035,0,2024,2024-04-05,2,脳神内,1
2710035,0,2024,2024-06-01,2,脳神内,1
2710035,0,2024,2024-05-24,8,腎臓内,2
2710068,0,2024,2024-05-20,26,眼科,4
2710068,0,2024,2024-06-12,26,眼科,1
2710068,0,2024,2024-06-17,26,眼科,1
2710068,0,2024,2024-06-25,26,眼科,1
2710068,0,2024,2024-07-11,26,眼科,1
2710076,0,2024,2024-06-05,13,呼吸外,1
2710076,0,2024,2024-06-29,13,呼吸外,1
2710076,0,2024,2024-07-10,13,呼吸外,1
2710076,0,2024,2024-07-17,7,循環内,1
2710076,0,2024,2024-06-11,2,脳神内,1
2710076,0,2024,2024-07-04,2,脳神内,1
2710084,0,2024,2024-07-02,19,形成外,1
2710100,0,2024,2024-06-27,48,リウ膠,1
2710100,0,2024,2024-06-20,7,循環内,1
2710100,0,2024,2024-05-13,50,消化内,2
2710118,0,2024,2024-05-15,26,眼科,2
2710118,0,2024,2024-07-22,26,眼科,1
2710126,0,2024,2024-05-17,7,循環内,2
2710126,0,2024,2024-04-18,8,腎臓内,1
2710126,0,2024,2024-06-11,1,血液内,1
2710134,0,2024,2024-05-07,16,乳甲外,2
2710134,0,2024,2024-06-20,5,呼吸内,1
2710134,0,2024,2024-05-08,7,循環内,2
2710134,0,2024,2024-05-31,7,循環内,2
2710134,0,2024,2024-06-05,7,循環内,1
2710134,0,2024,2024-06-28,7,循環内,1
2710134,0,2024,2024-07-19,7,循環内,1
2710134,0,2024,2024-04-09,15,心血外,1
2710134,0,2024,2024-04-25,15,心血外,1
2710134,0,2024,2024-05-01,15,心血外,2
2710134,0,2024,2024-05-09,15,心血外,2
2710134,0,2024,2024-05-24,15,心血外,2
2710134,0,2024,2024-07-05,15,心血外,1
2710134,0,2024,2024-06-10,34,救急科,1
2710134,0,2024,2024-06-03,18,整形外,1
2710134,0,2024,2024-05-01,22,泌尿器,2
2710134,0,2024,2024-05-08,50,消化内,2
2710134,0,2024,2024-05-29,50,消化内,2
2710134,0,2024,2024-06-06,50,消化内,1
2710134,0,2024,2024-07-05,50,消化内,1
2710134,0,2024,2024-05-02,6,糖尿内,2
2710134,0,2024,2024-05-20,2,脳神内,2
2710134,0,2024,2024-06-11,2,脳神内,1
2710159,0,2024,2024-07-19,7,循環内,1
2710159,0,2024,2024-07-04,6,糖尿内,1
2710209,0,2024,2024-06-19,2,脳神内,1
2710217,0,2024,2024-04-24,18,整形外,1
2710225,0,2024,2024-06-13,7,循環内,1
2710225,0,2024,2024-04-05,15,心血外,1
2710225,0,2024,2024-06-19,2,脳神内,1
2710225,0,2024,2024-04-04,8,腎臓内,1
2710225,0,2024,2024-05-16,8,腎臓内,2
2710233,0,2024,2024-05-13,21,皮膚科,2
2800364,0,2024,2024-07-05,15,心血外,1
2800364,0,2024,2024-06-09,22,泌尿器,1
2800372,0,2024,2024-07-05,6,糖尿内,1
2800372,0,2024,2024-05-30,2,脳神内,2
2810041,0,2024,2024-05-31,48,リウ膠,2
2810041,0,2024,2024-06-13,9,脳卒中,1
2810041,0,2024,2024-05-20,1,血液内,2
2810058,0,2024,2024-05-17,7,循環内,2
2810058,0,2024,2024-04-08,50,消化内,1
2810058,0,2024,2024-04-24,8,腎臓内,1
2810082,0,2024,2024-04-08,7,循環内,1
2810090,0,2024,2024-04-24,7,循環内,1
2810090,0,2024,2024-04-11,21,皮膚科,1
2810108,0,2024,2024-05-20,2,脳神内,2
2910015,0,2024,2024-07-23,16,乳甲外,1
3000283,0,2024,2024-06-27,32,歯口外,1
3000477,0,2024,2024-05-18,43,産婦人,2
3010054,0,2024,2024-06-19,12,心療科,1
3010054,0,2024,2024-06-28,12,心療科,1
3010054,0,2024,2024-05-21,21,皮膚科,2
3010054,0,2024,2024-05-15,6,糖尿内,2
3010054,0,2024,2024-07-05,2,脳神内,1
3010088,0,2024,2024-05-02,14,消化外,2
3110078,0,2024,2024-04-13,50,消化内,1
3110078,0,2024,2024-04-13,2,脳神内,1
3110078,0,2024,2024-06-03,8,腎臓内,1
3110086,0,2024,2024-05-07,31,リハ,2
3110086,0,2024,2024-04-09,25,耳鼻科,1
3110086,0,2024,2024-06-27,25,耳鼻科,1
3110086,0,2024,2024-06-14,8,腎臓内,1
3110102,0,2024,2024-05-27,31,リハ,2
3110102,0,2024,2024-05-29,14,消化外,2
3110102,0,2024,2024-07-10,14,消化外,1
3210142,0,2024,2024-07-19,18,整形外,1
3210142,0,2024,2024-06-27,2,脳神内,1
3300240,0,2024,2024-04-15,7,循環内,1
3300240,0,2024,2024-05-02,6,糖尿内,2
3300240,0,2024,2024-05-30,8,腎臓内,2
3310199,0,2024,2024-07-04,50,消化内,1
3310199,0,2024,2024-06-05,6,糖尿内,1
3310199,0,2024,2024-05-20,2,脳神内,2
3400719,0,2024,2024-05-09,15,心血外,2
3400792,0,2024,2024-06-11,5,呼吸内,1
3410106,0,2024,2024-04-03,13,呼吸外,1
3410106,0,2024,2024-04-22,13,呼吸外,1
3410106,0,2024,2024-04-26,13,呼吸外,2
3410106,0,2024,2024-05-24,13,呼吸外,2
3410106,0,2024,2024-06-05,13,呼吸外,1
3410106,0,2024,2024-07-06,13,呼吸外,1
3410106,0,2024,2024-07-22,34,救急科,2
3410106,0,2024,2024-06-27,14,消化外,1
3410163,0,2024,2024-04-15,48,リウ膠,1
3410163,0,2024,2024-04-17,48,リウ膠,1
3410163,0,2024,2024-06-14,48,リウ膠,1
3410163,0,2024,2024-07-06,48,リウ膠,1
3410163,0,2024,2024-04-25,16,乳甲外,1
3410163,0,2024,2024-04-26,16,乳甲外,1
3410163,0,2024,2024-05-17,16,乳甲外,2
3410163,0,2024,2024-06-16,16,乳甲外,1
3410163,0,2024,2024-06-15,13,呼吸外,1
3410163,0,2024,2024-07-02,10,小児科,1
3410163,0,2024,2024-04-30,7,循環内,1
3410163,0,2024,2024-06-27,7,循環内,1
3410163,0,2024,2024-05-22,15,心血外,2
3410163,0,2024,2024-06-26,15,心血外,1
3410163,0,2024,2024-04-30,18,整形外,1
3410163,0,2024,2024-06-04,18,整形外,1
3410163,0,2024,2024-06-07,18,整形外,1
3410163,0,2024,2024-04-29,50,消化内,1
3410163,0,2024,2024-05-09,14,消化外,2
3410163,0,2024,2024-06-05,14,消化外,1
3410163,0,2024,2024-04-12,21,皮膚科,1
3410163,0,2024,2024-04-19,21,皮膚科,1
3410163,0,2024,2024-06-15,21,皮膚科,1
3410163,0,2024,2024-06-24,21,皮膚科,1
3410163,0,2024,2024-07-10,21,皮膚科,1
3410163,0,2024,2024-04-11,2,脳神内,1
3410163,0,2024,2024-04-18,2,脳神内,1
3410163,0,2024,2024-05-14,2,脳神内,2
3410254,0,2024,2024-04-26,13,呼吸外,1
3410254,0,2024,2024-05-24,13,呼吸外,2
3410254,0,2024,2024-07-06,13,呼吸外,1
3410254,0,2024,2024-04-18,8,腎臓内,1
3410270,0,2024,2024-07-09,5,呼吸内,1
3410270,0,2024,2024-06-24,7,循環内,1
3410270,0,2024,2024-07-03,12,心療科,1
3410270,0,2024,2024-05-17,15,心血外,2
3410270,0,2024,2024-05-09,18,整形外,2
3410270,0,2024,2024-05-17,18,整形外,2
3410270,0,2024,2024-05-20,18,整形外,2
3410270,0,2024,2024-05-23,18,整形外,2
3410270,0,2024,2024-05-24,18,整形外,2
3410270,0,2024,2024-06-18,18,整形外,1
3410270,0,2024,2024-05-09,2,脳神内,2
3410270,0,2024,2024-05-03,8,腎臓内,2
3410312,0,2024,2024-05-17,22,泌尿器,2
3410312,0,2024,2024-05-17,8,腎臓内,4
3410312,0,2024,2024-07-05,8,腎臓内,1
3410320,0,2024,2024-07-12,13,呼吸外,1
3410320,0,2024,2024-04-29,50,消化内,1
3500427,0,2024,2024-07-03,2,脳神内,1
3500443,0,2024,2024-06-21,26,眼科,1
3500443,0,2024,2024-07-13,26,眼科,1
3500443,0,2024,2024-07-16,26,眼科,1
3500443,0,2024,2024-07-19,26,眼科,1
3510061,0,2024,2024-06-13,17,小児外,1
3510061,0,2024,2024-04-30,2,脳神内,1
3600458,0,2024,2024-04-25,7,循環内,1
3610069,0,2024,2024-06-12,7,循環内,1
3610069,0,2024,2024-07-17,7,循環内,1
3610192,0,2024,2024-04-17,16,乳甲外,1
3610192,0,2024,2024-07-23,13,呼吸外,1
3610192,0,2024,2024-06-21,7,循環内,1
3610192,0,2024,2024-06-08,15,心血外,1
3610192,0,2024,2024-05-07,34,救急科,2
3610192,0,2024,2024-06-05,18,整形外,1
3610192,0,2024,2024-06-10,18,整形外,1
3610192,0,2024,2024-07-18,18,整形外,1
3610192,0,2024,2024-04-24,22,泌尿器,1
3610192,0,2024,2024-05-31,22,泌尿器,2
3610192,0,2024,2024-06-04,26,眼科,1
3610192,0,2024,2024-06-06,26,眼科,1
3610192,0,2024,2024-06-13,6,糖尿内,1
3610192,0,2024,2024-05-13,8,腎臓内,2
3610192,0,2024,2024-07-05,8,腎臓内,1
3710117,0,2024,2024-04-11,18,整形外,1
3710166,0,2024,2024-04-23,18,整形外,1
3710174,0,2024,2024-04-05,25,耳鼻科,1
3710174,0,2024,2024-07-22,25,耳鼻科,1
3710182,0,2024,2024-04-09,26,眼科,1
3710182,0,2024,2024-05-07,26,眼科,2
3710182,0,2024,2024-05-13,26,眼科,2
3710182,0,2024,2024-06-06,26,眼科,1
3710208,0,2024,2024-05-16,31,リハ,2
3710231,0,2024,2024-07-05,8,腎臓内,1
3800629,0,2024,2024-07-09,16,乳甲外,1
3800629,0,2024,2024-07-12,13,呼吸外,1
3800629,0,2024,2024-05-17,28,放診断,2
3800637,0,2024,2024-04-16,48,リウ膠,1
3800645,0,2024,2024-04-15,7,循環内,1
3910030,0,2024,2024-07-16,21,皮膚科,1
3910030,0,2024,2024-04-22,2,脳神内,1
4110258,0,2024,2024-07-02,7,循環内,1
4210413,0,2024,2024-04-22,50,消化内,1
4310239,0,2024,2024-05-15,8,腎臓内,2
4410344,0,2024,2024-05-01,19,形成外,2
4410476,0,2024,2024-05-15,26,眼科,2
4410476,0,2024,2024-05-28,26,眼科,2
4410476,0,2024,2024-06-28,26,眼科,1
4610273,0,2024,2024-04-19,8,腎臓内,1
4910053,0,2024,2024-07-11,7,循環内,1
4910129,0,2024,2024-06-12,8,腎臓内,1
4910376,0,2024,2024-04-25,21,皮膚科,1
4930230,0,2024,2024-07-08,32,歯口外,1
7010239,0,2024,2024-04-03,34,救急科,1
7010239,0,2024,2024-04-15,22,泌尿器,1
7011203,0,2024,2024-04-24,34,救急科,1
8010017,0,2024,2024-05-09,26,眼科,2
8010017,0,2024,2024-05-21,26,眼科,2
8010033,0,2024,2024-06-21,16,乳甲外,1
8010041,0,2024,2024-05-25,13,呼吸外,2
8010041,0,2024,2024-07-12,10,小児科,1
8010041,0,2024,2024-05-24,50,消化内,3
8010041,0,2024,2024-06-15,14,消化外,1
8010041,0,2024,2024-06-06,20,脳神外,1
8800038,0,2024,2024-06-11,28,放診断,1
8800038,0,2024,2024-05-27,18,整形外,2
8800038,0,2024,2024-05-15,50,消化内,2
8800038,0,2024,2024-04-24,43,産婦人,1
8800038,0,2024,2024-07-01,27,臨腫瘍,1
8800061,0,2024,2024-06-16,31,リハ,1
8800061,0,2024,2024-07-04,5,呼吸内,1
8800061,0,2024,2024-06-22,13,呼吸外,1
8800061,0,2024,2024-06-28,7,循環内,1
8800061,0,2024,2024-07-08,18,整形外,1
8800061,0,2024,2024-04-05,26,眼科,1
8800061,0,2024,2024-07-16,2,脳神内,1
8800079,0,2024,2024-04-03,7,循環内,1
8800079,0,2024,2024-04-15,7,循環内,1
8800079,0,2024,2024-05-01,7,循環内,2
8800079,0,2024,2024-05-09,15,心血外,2
8800079,0,2024,2024-06-20,34,救急科,1
8800079,0,2024,2024-07-07,34,救急科,1
8800079,0,2024,2024-04-04,18,整形外,1
8800079,0,2024,2024-06-18,18,整形外,2
8800079,0,2024,2024-07-16,18,整形外,1
8800079,0,2024,2024-06-03,22,泌尿器,1
8800079,0,2024,2024-04-26,50,消化内,1
8800079,0,2024,2024-05-21,50,消化内,2
8800079,0,2024,2024-07-22,50,消化内,1
8800079,0,2024,2024-04-25,6,糖尿内,1
8800079,0,2024,2024-07-12,2,脳神内,1
8800087,0,2024,2024-05-16,12,心療科,2
8800087,0,2024,2024-05-25,34,救急科,2
8800087,0,2024,2024-06-21,18,整形外,1
8800087,0,2024,2024-06-10,9,脳卒中,1
8800160,0,2024,2024-05-06,34,救急科,2
8800160,0,2024,2024-05-17,18,整形外,2
8800160,0,2024,2024-06-06,18,整形外,1
8800160,0,2024,2024-06-27,18,整形外,1
8800160,0,2024,2024-07-04,50,消化内,1
8800160,0,2024,2024-07-04,21,皮膚科,1
8800160,0,2024,2024-05-31,6,糖尿内,2
8800160,0,2024,2024-04-04,36,総合診,1
8800160,0,2024,2024-05-14,9,脳卒中,2
8800160,0,2024,2024-06-03,9,脳卒中,1
8800160,0,2024,2024-07-18,9,脳卒中,1
8800160,0,2024,2024-05-07,2,脳神内,2
8800160,0,2024,2024-06-18,20,脳神外,1
8800160,0,2024,2024-04-19,8,腎臓内,1
8800160,0,2024,2024-05-10,8,腎臓内,4
8800160,0,2024,2024-05-31,8,腎臓内,2
8800160,0,2024,2024-07-05,8,腎臓内,1
8800160,0,2024,2024-07-12,8,腎臓内,1
8800178,0,2024,2024-04-09,14,消化外,1
8800194,0,2024,2024-07-16,26,眼科,1
8800194,0,2024,2024-06-14,6,糖尿内,1
8800194,0,2024,2024-07-06,6,糖尿内,1
8800194,0,2024,2024-07-16,2,脳神内,1
8900127,0,2024,2024-05-08,48,リウ膠,2
8900127,0,2024,2024-06-13,48,リウ膠,1
8900127,0,2024,2024-06-17,5,呼吸内,1
8900127,0,2024,2024-07-19,5,呼吸内,1
8900127,0,2024,2024-04-06,13,呼吸外,1
8900127,0,2024,2024-04-10,13,呼吸外,1
8900127,0,2024,2024-06-11,13,呼吸外,1
8900127,0,2024,2024-05-15,10,小児科,2
8900127,0,2024,2024-06-21,19,形成外,1
8900127,0,2024,2024-05-22,7,循環内,2
8900127,0,2024,2024-07-05,15,心血外,1
8900127,0,2024,2024-05-27,28,放診断,2
8900127,0,2024,2024-06-24,28,放診断,1
8900127,0,2024,2024-04-02,34,救急科,2
8900127,0,2024,2024-04-14,34,救急科,1
8900127,0,2024,2024-06-06,34,救急科,1
8900127,0,2024,2024-06-07,34,救急科,1
8900127,0,2024,2024-06-09,34,救急科,1
8900127,0,2024,2024-05-21,18,整形外,2
8900127,0,2024,2024-05-22,18,整形外,2
8900127,0,2024,2024-05-23,18,整形外,2
8900127,0,2024,2024-05-24,18,整形外,2
8900127,0,2024,2024-06-14,22,泌尿器,1
8900127,0,2024,2024-04-20,50,消化内,1
8900127,0,2024,2024-05-20,50,消化内,2
8900127,0,2024,2024-05-08,14,消化外,2
8900127,0,2024,2024-05-04,43,産婦人,2
8900127,0,2024,2024-04-01,9,脳卒中,1
8900127,0,2024,2024-07-22,9,脳卒中,1
8900127,0,2024,2024-04-15,2,脳神内,1
8900127,0,2024,2024-06-20,2,脳神内,1
8900127,0,2024,2024-04-03,8,腎臓内,1
8900127,0,2024,2024-06-21,27,臨腫瘍,1
8900325,0,2024,2024-07-23,48,リウ膠,1
8900325,0,2024,2024-06-13,10,小児科,1
8900325,0,2024,2024-06-18,7,循環内,1
8900325,0,2024,2024-07-03,15,心血外,1
8900325,0,2024,2024-04-04,18,整形外,1
8900325,0,2024,2024-05-16,14,消化外,2
8900325,0,2024,2024-04-23,43,産婦人,1
8900416,0,2024,2024-05-14,48,リウ膠,2
8900416,0,2024,2024-06-24,48,リウ膠,1
8900416,0,2024,2024-05-15,13,呼吸外,2
8900416,0,2024,2024-07-03,7,循環内,1
8900416,0,2024,2024-06-15,15,心血外,1
8900416,0,2024,2024-07-08,15,心血外,1
8900416,0,2024,2024-05-13,34,救急科,2
8900416,0,2024,2024-04-03,18,整形外,1
8900416,0,2024,2024-04-08,18,整形外,1
8900416,0,2024,2024-07-16,18,整形外,1
8900416,0,2024,2024-07-04,22,泌尿器,1
8900416,0,2024,2024-04-10,50,消化内,1
8900416,0,2024,2024-05-30,50,消化内,2
8900416,0,2024,2024-07-05,50,消化内,1
8900416,0,2024,2024-04-16,21,皮膚科,1
8900416,0,2024,2024-04-26,21,皮膚科,1
8900416,0,2024,2024-05-20,21,皮膚科,4
8900416,0,2024,2024-05-27,21,皮膚科,2
8900416,0,2024,2024-06-25,21,皮膚科,1
8900416,0,2024,2024-07-19,21,皮膚科,1
8900416,0,2024,2024-04-01,26,眼科,1
8900432,0,2024,2024-07-18,16,乳甲外,1
8900432,0,2024,2024-07-11,7,循環内,1
8900598,0,2024,2024-05-18,13,呼吸外,2
8900598,0,2024,2024-04-17,7,循環内,1
8900598,0,2024,2024-05-27,15,心血外,2
8900598,0,2024,2024-05-11,34,救急科,2
8900598,0,2024,2024-07-19,18,整形外,1
8900598,0,2024,2024-04-11,22,泌尿器,1
8900598,0,2024,2024-06-21,8,腎臓内,1
8900598,0,2024,2024-07-02,1,血液内,1
8900713,0,2024,2024-05-14,16,乳甲外,2
8900713,0,2024,2024-06-28,7,循環内,1
8900846,0,2024,2024-06-28,18,整形外,1
8901315,0,2024,2024-07-12,16,乳甲外,1
8901315,0,2024,2024-04-03,13,呼吸外,1
8901315,0,2024,2024-05-29,13,呼吸外,2
8901315,0,2024,2024-07-19,13,呼吸外,1
8901315,0,2024,2024-04-04,7,循環内,1
8901315,0,2024,2024-04-16,7,循環内,1
8901315,0,2024,2024-06-21,7,循環内,1
8901315,0,2024,2024-07-11,7,循環内,1
8901315,0,2024,2024-06-25,12,心療科,1
8901315,0,2024,2024-04-10,15,心血外,1
8901315,0,2024,2024-05-17,15,心血外,4
8901315,0,2024,2024-05-24,15,心血外,4
8901315,0,2024,2024-06-18,15,心血外,1
8901315,0,2024,2024-04-11,34,救急科,1
8901315,0,2024,2024-04-13,34,救急科,1
8901315,0,2024,2024-04-25,34,救急科,1
8901315,0,2024,2024-06-13,34,救急科,1
8901315,0,2024,2024-06-14,34,救急科,1
8901315,0,2024,2024-07-20,34,救急科,1
8901315,0,2024,2024-05-23,18,整形外,2
8901315,0,2024,2024-06-04,18,整形外,1
8901315,0,2024,2024-06-05,18,整形外,1
8901315,0,2024,2024-04-23,22,泌尿器,1
8901315,0,2024,2024-07-09,50,消化内,1
8901315,0,2024,2024-05-04,14,消化外,2
8901315,0,2024,2024-07-08,21,皮膚科,1
8901315,0,2024,2024-04-09,6,糖尿内,1
8901315,0,2024,2024-04-20,6,糖尿内,1
8901315,0,2024,2024-05-31,6,糖尿内,2
8901315,0,2024,2024-06-04,6,糖尿内,1
8901315,0,2024,2024-04-05,25,耳鼻科,1
8901315,0,2024,2024-07-06,9,脳卒中,1
8901315,0,2024,2024-05-10,20,脳神外,2
8901315,0,2024,2024-05-22,8,腎臓内,2
8901315,0,2024,2024-07-12,1,血液内,1
8901901,0,2024,2024-05-15,15,心血外,2
8901901,0,2024,2024-04-03,34,救急科,1
8901901,0,2024,2024-04-04,18,整形外,1
8901901,0,2024,2024-06-25,18,整形外,1
8902347,0,2024,2024-06-12,13,呼吸外,1
8902347,0,2024,2024-05-21,19,形成外,2
8902347,0,2024,2024-07-05,19,形成外,1
8902347,0,2024,2024-04-12,7,循環内,1
8902347,0,2024,2024-04-24,7,循環内,1
8902347,0,2024,2024-05-28,7,循環内,2
8902347,0,2024,2024-05-29,7,循環内,2
8902347,0,2024,2024-06-21,7,循環内,1
8902347,0,2024,2024-07-09,7,循環内,1
8902347,0,2024,2024-05-24,15,心血外,2
8902347,0,2024,2024-04-25,50,消化内,1
8902347,0,2024,2024-05-20,50,消化内,2
8902347,0,2024,2024-06-25,50,消化内,1
8902347,0,2024,2024-07-02,50,消化内,1
8902347,0,2024,2024-06-25,14,消化外,1
8902347,0,2024,2024-05-15,21,皮膚科,2
8902347,0,2024,2024-04-05,26,眼科,1
8902347,0,2024,2024-04-23,26,眼科,1
8902347,0,2024,2024-04-16,25,耳鼻科,1
8902347,0,2024,2024-05-03,9,脳卒中,2
8902347,0,2024,2024-06-07,9,脳卒中,1
8902347,0,2024,2024-07-10,9,脳卒中,1
8902347,0,2024,2024-06-19,8,腎臓内,1
8902347,0,2024,2024-07-12,8,腎臓内,1
8902610,0,2024,2024-04-01,1,血液内,1
8902628,0,2024,2024-05-27,14,消化外,2
8902628,0,2024,2024-06-21,8,腎臓内,1
8902636,0,2024,2024-07-02,7,循環内,1
8902784,0,2024,2024-07-12,50,消化内,1
8902958,0,2024,2024-06-17,13,呼吸外,1
8902958,0,2024,2024-04-12,34,救急科,1
8902958,0,2024,2024-04-19,18,整形外,1
8902958,0,2024,2024-04-23,14,消化外,1
8902958,0,2024,2024-04-17,20,脳神外,1
8903014,0,2024,2024-06-07,7,循環内,1
8903014,0,2024,2024-04-23,18,整形外,1
8903055,0,2024,2024-05-27,48,リウ膠,2
8903055,0,2024,2024-07-19,5,呼吸内,1
8903055,0,2024,2024-06-28,18,整形外,1
8903055,0,2024,2024-06-12,20,脳神外,1
8903089,0,2024,2024-04-08,7,循環内,1
8903089,0,2024,2024-04-22,15,心血外,1
8903089,0,2024,2024-04-24,15,心血外,1
8903089,0,2024,2024-04-02,34,救急科,1
8903089,0,2024,2024-05-04,34,救急科,2
8903089,0,2024,2024-05-28,34,救急科,2
8903089,0,2024,2024-05-05,14,消化外,2
8903089,0,2024,2024-07-22,6,糖尿内,1
8903089,0,2024,2024-04-08,9,脳卒中,1
8903089,0,2024,2024-05-13,2,脳神内,2
8903097,0,2024,2024-04-12,7,循環内,1
8903154,0,2024,2024-06-26,16,乳甲外,1
8903154,0,2024,2024-06-07,5,呼吸内,1
8903154,0,2024,2024-04-28,7,循環内,1
8903154,0,2024,2024-07-19,15,心血外,1
8903154,0,2024,2024-04-15,18,整形外,1
8903154,0,2024,2024-04-19,18,整形外,1
8903154,0,2024,2024-04-27,18,整形外,1
8903154,0,2024,2024-05-07,18,整形外,2
8903154,0,2024,2024-05-18,18,整形外,2
8903154,0,2024,2024-05-31,18,整形外,2
8903154,0,2024,2024-07-20,18,整形外,1
8903154,0,2024,2024-05-28,6,糖尿内,2
8903154,0,2024,2024-06-03,8,腎臓内,1
8903162,0,2024,2024-06-11,15,心血外,1
8903162,0,2024,2024-04-08,50,消化内,1
8903162,0,2024,2024-07-11,8,腎臓内,1
9800011,0,2024,2024-04-13,48,リウ膠,1
9800011,0,2024,2024-04-24,48,リウ膠,1
9800011,0,2024,2024-05-02,48,リウ膠,2
9800011,0,2024,2024-06-04,48,リウ膠,1
9800011,0,2024,2024-06-21,48,リウ膠,1
9800011,0,2024,2024-07-22,48,リウ膠,1
9800011,0,2024,2024-04-22,16,乳甲外,1
9800011,0,2024,2024-06-05,16,乳甲外,2
9800011,0,2024,2024-07-22,16,乳甲外,1
9800011,0,2024,2024-04-11,10,小児科,1
9800011,0,2024,2024-04-17,10,小児科,1
9800011,0,2024,2024-06-13,10,小児科,1
9800011,0,2024,2024-06-20,10,小児科,1
9800011,0,2024,2024-06-12,15,心血外,1
9800011,0,2024,2024-07-01,15,心血外,1
9800011,0,2024,2024-07-03,29,放治療,1
9800011,0,2024,2024-06-23,34,救急科,1
9800011,0,2024,2024-07-02,34,救急科,1
9800011,0,2024,2024-04-01,18,整形外,1
9800011,0,2024,2024-05-09,18,整形外,2
9800011,0,2024,2024-05-16,18,整形外,2
9800011,0,2024,2024-07-04,18,整形外,1
9800011,0,2024,2024-04-10,32,歯口外,1
9800011,0,2024,2024-06-24,32,歯口外,1
9800011,0,2024,2024-06-08,22,泌尿器,1
9800011,0,2024,2024-06-17,22,泌尿器,1
9800011,0,2024,2024-07-08,22,泌尿器,1
9800011,0,2024,2024-04-22,50,消化内,1
9800011,0,2024,2024-06-03,50,消化内,1
9800011,0,2024,2024-06-07,50,消化内,1
9800011,0,2024,2024-06-22,50,消化内,1
9800011,0,2024,2024-04-05,43,産婦人,1
9800011,0,2024,2024-06-27,43,産婦人,1
9800011,0,2024,2024-04-26,21,皮膚科,1
9800011,0,2024,2024-06-14,21,皮膚科,1
9800011,0,2024,2024-06-18,21,皮膚科,1
9800011,0,2024,2024-04-05,26,眼科,1
9800011,0,2024,2024-04-09,26,眼科,1
9800011,0,2024,2024-05-13,26,眼科,2
9800011,0,2024,2024-05-20,26,眼科,2
9800011,0,2024,2024-06-10,26,眼科,1
9800011,0,2024,2024-07-03,26,眼科,1
9800011,0,2024,2024-07-12,26,眼科,1
9800011,0,2024,2024-05-01,25,耳鼻科,2
9800011,0,2024,2024-05-27,25,耳鼻科,2
9800011,0,2024,2024-05-07,2,脳神内,2
9800011,0,2024,2024-05-14,2,脳神内,2
9800011,0,2024,2024-04-23,20,脳神外,1
9800011,0,2024,2024-05-15,8,腎臓内,2
9800011,0,2024,2024-05-21,8,腎臓内,2
9800011,0,2024,2024-07-11,8,腎臓内,1
9800011,0,2024,2024-04-21,1,血液内,1
9800011,0,2024,2024-06-17,1,血液内,1
9800011,0,2024,2024-05-22,37,麻酔科,2
9800037,0,2024,2024-07-08,48,リウ膠,1
9800037,0,2024,2024-05-09,16,乳甲外,2
9800037,0,2024,2024-06-10,16,乳甲外,1
9800037,0,2024,2024-05-13,10,小児科,2
9800037,0,2024,2024-07-07,10,小児科,1
9800037,0,2024,2024-07-23,10,小児科,1
9800037,0,2024,2024-05-24,19,形成外,2
9800037,0,2024,2024-04-17,15,心血外,1
9800037,0,2024,2024-06-19,15,心血外,1
9800037,0,2024,2024-05-08,34,救急科,2
9800037,0,2024,2024-06-15,34,救急科,1
9800037,0,2024,2024-07-04,34,救急科,1
9800037,0,2024,2024-04-27,18,整形外,1
9800037,0,2024,2024-05-27,18,整形外,2
9800037,0,2024,2024-05-21,50,消化内,2
9800037,0,2024,2024-05-14,26,眼科,2
9800037,0,2024,2024-06-24,26,眼科,1
9800037,0,2024,2024-04-05,25,耳鼻科,1
9800037,0,2024,2024-04-05,2,脳神内,1
9800037,0,2024,2024-07-17,2,脳神内,1
9800037,0,2024,2024-04-06,8,腎臓内,1
9800037,0,2024,2024-06-22,8,腎臓内,1
9900027,0,2024,2024-04-26,48,リウ膠,1
9900027,0,2024,2024-05-22,31,リハ,2
9900027,0,2024,2024-07-08,31,リハ,1
9900027,0,2024,2024-05-30,16,乳甲外,2
9900027,0,2024,2024-06-19,16,乳甲外,1
9900027,0,2024,2024-06-28,13,呼吸外,1
9900027,0,2024,2024-04-05,7,循環内,1
9900027,0,2024,2024-05-07,7,循環内,2
9900027,0,2024,2024-06-21,7,循環内,1
9900027,0,2024,2024-06-25,7,循環内,1
9900027,0,2024,2024-05-24,15,心血外,2
9900027,0,2024,2024-04-15,28,放診断,1
9900027,0,2024,2024-04-08,34,救急科,1
9900027,0,2024,2024-05-19,34,救急科,2
9900027,0,2024,2024-06-10,34,救急科,1
9900027,0,2024,2024-05-28,18,整形外,2
9900027,0,2024,2024-06-06,18,整形外,1
9900027,0,2024,2024-07-04,18,整形外,1
9900027,0,2024,2024-04-10,50,消化内,1
9900027,0,2024,2024-05-06,50,消化内,2
9900027,0,2024,2024-05-13,50,消化内,2
9900027,0,2024,2024-04-11,14,消化外,1
9900027,0,2024,2024-07-04,43,産婦人,1
9900027,0,2024,2024-05-20,21,皮膚科,2
9900027,0,2024,2024-07-09,21,皮膚科,1
9900027,0,2024,2024-04-09,2,脳神内,1
9900027,0,2024,2024-05-15,2,脳神内,2
9900027,0,2024,2024-05-27,2,脳神内,2
9900027,0,2024,2024-05-14,8,腎臓内,2
